user_idx,item_idx,rating,timestamp
0,0,5.0,1397865600
1,1,5.0,1287187200
2,2,5.0,1346544000
3,3,5.0,1375920000
4,4,5.0,1365379200
5,5,4.0,1309737600
6,6,1.0,1371081600
7,7,5.0,1391904000
8,7,5.0,1378425600
9,7,5.0,1377734400
10,7,5.0,1363219200
11,7,3.0,1404172800
12,8,4.0,1260403200
13,9,5.0,1093910400
14,10,5.0,1123113600
15,11,5.0,1277510400
16,11,5.0,1072742400
17,13,2.0,1397692800
18,13,2.0,1394928000
19,12,5.0,1184716800
20,12,5.0,1199750400
21,12,5.0,1316044800
22,12,5.0,1237507200
23,12,5.0,1189900800
24,12,5.0,1178236800
25,12,5.0,1190937600
26,12,5.0,1211846400
27,12,5.0,1250985600
28,12,2.0,1322870400
29,12,5.0,1207353600
30,12,5.0,1183680000
31,12,5.0,1190073600
32,12,5.0,1306454400
33,14,5.0,1184889600
34,15,1.0,1356220800
35,15,1.0,1346457600
36,15,4.0,1315785600
37,15,5.0,1274486400
38,15,5.0,1367712000
39,15,5.0,1198627200
40,15,5.0,1185494400
41,15,5.0,1383782400
42,15,3.0,1378684800
43,16,4.0,1068854400
43,17,3.0,1068854400
44,17,2.0,1295395200
45,17,2.0,1251504000
46,17,5.0,1404691200
47,17,5.0,1255910400
48,19,5.0,1278288000
49,18,5.0,1214697600
50,18,5.0,1148256000
51,18,5.0,1311984000
52,20,5.0,1316390400
53,20,5.0,1306713600
54,20,5.0,1116633600
55,20,1.0,1305676800
56,20,1.0,1399766400
57,21,5.0,1066089600
58,21,5.0,1397692800
59,21,5.0,1366502400
60,21,5.0,1116460800
61,21,5.0,1341705600
62,22,5.0,1393286400
63,23,1.0,1100044800
64,23,5.0,1114128000
65,23,5.0,1117584000
66,24,5.0,1129766400
67,24,5.0,1052611200
68,24,5.0,1107388800
69,25,4.0,1099699200
70,26,2.0,1093132800
71,26,5.0,1257465600
72,26,4.0,1257465600
73,26,5.0,1395273600
74,26,5.0,1317340800
75,26,5.0,1144368000
76,26,5.0,1384732800
77,26,2.0,1257465600
78,27,1.0,1398038400
79,27,5.0,1308182400
80,27,5.0,1274054400
81,27,5.0,1380153600
82,27,5.0,1243382400
83,27,5.0,1234396800
84,27,5.0,1371081600
85,27,5.0,1252886400
86,27,5.0,1328227200
87,27,5.0,1379462400
88,27,4.0,1395360000
89,27,5.0,1299801600
90,27,1.0,1334966400
91,27,5.0,1400976000
92,27,5.0,1344211200
93,27,5.0,1304899200
94,27,5.0,1354492800
95,27,5.0,1297468800
96,27,4.0,1283212800
97,27,5.0,1262995200
98,27,5.0,1354579200
99,27,5.0,1367366400
100,27,4.0,1264204800
101,27,5.0,1350345600
102,27,4.0,1242000000
103,27,5.0,1362700800
104,27,5.0,1404691200
105,27,5.0,1401062400
106,27,5.0,1371081600
107,27,5.0,1342656000
108,27,5.0,1387670400
109,27,4.0,1353974400
110,27,5.0,1372550400
111,27,2.0,1292544000
112,27,5.0,1203292800
113,27,5.0,1317772800
114,27,5.0,1242172800
115,27,5.0,1264982400
116,27,5.0,1348704000
117,27,5.0,1359504000
118,27,5.0,1357257600
119,27,5.0,1378944000
120,27,5.0,1254614400
121,27,5.0,1371686400
122,27,5.0,1282003200
123,27,5.0,1228867200
124,27,5.0,1313625600
125,27,5.0,1382832000
126,27,5.0,1275004800
127,27,1.0,1393113600
128,27,5.0,1381536000
129,27,5.0,1219363200
130,27,5.0,1193270400
131,27,5.0,1286668800
132,27,5.0,1280966400
133,27,1.0,1394755200
134,27,5.0,1292371200
135,27,5.0,1353974400
136,27,5.0,1347494400
137,27,4.0,1385769600
138,27,5.0,1379203200
139,27,5.0,1377820800
140,27,5.0,1227916800
141,27,1.0,1404864000
142,27,5.0,1360800000
143,27,5.0,1248652800
144,27,4.0,1187913600
145,28,3.0,1043971200
146,29,1.0,1283040000
147,30,1.0,1109203200
148,30,5.0,1256515200
149,31,5.0,1324512000
150,31,5.0,1265932800
151,31,5.0,1241308800
152,31,5.0,1242000000
153,31,5.0,1293667200
154,31,5.0,1175472000
155,32,1.0,1113436800
156,32,1.0,1041897600
157,33,5.0,1298937600
158,34,5.0,1079222400
159,35,4.0,1092528000
160,36,5.0,1328486400
161,37,5.0,1314403200
162,37,3.0,1322524800
163,38,5.0,1167782400
164,38,5.0,1323129600
165,38,1.0,1218153600
166,38,3.0,1235088000
167,38,3.0,1376006400
168,38,5.0,1229472000
169,38,2.0,1114819200
170,38,5.0,1289865600
171,38,1.0,1216512000
172,38,5.0,1395014400
173,38,4.0,1315699200
174,38,3.0,1383955200
175,38,5.0,1179360000
176,38,5.0,1127520000
177,38,5.0,1358121600
178,38,3.0,1267228800
179,38,5.0,1388534400
180,38,4.0,1239926400
181,38,1.0,1263859200
182,38,3.0,1374105600
183,38,1.0,1199664000
184,38,5.0,1179446400
185,38,5.0,1128211200
186,38,5.0,1332115200
187,38,5.0,1233878400
188,38,5.0,1182816000
189,38,1.0,1269907200
190,38,2.0,1388016000
191,38,1.0,1331596800
192,38,5.0,1373414400
193,38,3.0,1271635200
194,38,5.0,1121299200
195,38,5.0,1169078400
196,38,5.0,1401840000
197,38,3.0,1404172800
198,38,3.0,1140998400
199,38,1.0,1378339200
200,38,3.0,1168560000
201,38,5.0,1367712000
202,38,2.0,1285027200
203,38,5.0,1162857600
204,38,5.0,1316563200
205,38,5.0,1403654400
206,38,5.0,1194912000
207,38,4.0,1366675200
208,38,3.0,1126569600
209,38,1.0,1076976000
210,38,1.0,1372032000
211,38,5.0,1105833600
212,38,4.0,1383696000
213,38,3.0,1156377600
214,38,5.0,1395619200
215,38,5.0,1148860800
216,38,2.0,1092441600
217,38,1.0,1150156800
218,38,4.0,1402704000
219,38,5.0,1393804800
220,38,1.0,1208131200
221,38,4.0,1368489600
222,38,5.0,1398384000
223,38,5.0,1182816000
224,38,5.0,1324598400
225,38,5.0,1186876800
226,38,5.0,1394582400
227,38,3.0,1360454400
228,38,3.0,1332115200
229,38,2.0,1145404800
230,38,1.0,1339200000
231,38,2.0,1371168000
232,38,5.0,1401148800
233,38,1.0,1391904000
234,38,5.0,1156896000
235,38,5.0,1128038400
236,38,3.0,1329609600
237,38,5.0,1250380800
238,38,1.0,1207785600
239,38,2.0,1391904000
240,38,3.0,1217289600
241,38,4.0,1376956800
242,38,3.0,1358121600
243,38,1.0,1106524800
244,38,5.0,1396396800
245,38,5.0,1140739200
246,38,5.0,1091923200
247,38,1.0,1256169600
248,38,4.0,1317600000
249,38,3.0,1378857600
250,38,4.0,1065744000
251,38,5.0,1232064000
252,38,4.0,1118966400
253,38,5.0,1323388800
254,38,5.0,1204070400
255,38,5.0,1108944000
256,38,5.0,1295827200
257,38,4.0,1351555200
258,38,4.0,1365120000
259,38,4.0,1156464000
260,38,5.0,1185148800
261,38,5.0,1144800000
262,38,4.0,1394928000
263,38,2.0,1394928000
264,38,5.0,1333584000
265,38,5.0,1149033600
266,38,4.0,1309996800
267,38,5.0,1124496000
268,38,5.0,1107993600
269,38,4.0,1246924800
270,38,1.0,1205107200
271,38,5.0,1184025600
272,38,2.0,1259452800
273,38,1.0,1373155200
274,38,2.0,1149552000
275,38,5.0,1231632000
276,38,5.0,1367798400
277,38,5.0,1370822400
278,38,1.0,1398124800
279,38,4.0,1175299200
280,38,5.0,1163203200
281,38,3.0,1359936000
282,38,5.0,1127692800
283,38,5.0,1137974400
284,38,5.0,1207353600
285,38,2.0,1336176000
286,38,4.0,1176163200
287,38,5.0,1403740800
288,38,3.0,1400976000
289,38,4.0,1335398400
290,38,5.0,1227052800
291,38,5.0,1397001600
292,38,1.0,1305590400
293,38,5.0,1089331200
294,38,5.0,1194393600
295,38,4.0,1354579200
296,38,5.0,1366675200
297,38,5.0,1137283200
298,38,5.0,1189209600
299,38,4.0,1140566400
300,38,1.0,1401753600
301,38,5.0,1360627200
302,38,2.0,1402531200
303,38,5.0,1122163200
304,38,5.0,1396310400
305,38,5.0,1118188800
306,38,1.0,1401408000
307,38,4.0,1151366400
308,38,1.0,1104624000
309,38,5.0,1109376000
310,38,5.0,1403222400
311,38,5.0,1254096000
312,38,1.0,1287705600
313,38,5.0,1088467200
314,38,1.0,1356307200
315,38,5.0,1370995200
316,38,4.0,1141084800
317,38,4.0,1129161600
318,38,3.0,1401840000
319,38,2.0,1349654400
320,38,2.0,1186272000
321,38,5.0,1345161600
322,38,1.0,1227052800
323,38,2.0,1199404800
324,38,5.0,1097452800
325,38,5.0,1321920000
326,38,4.0,1122854400
327,38,3.0,1193529600
328,38,2.0,1373241600
329,38,5.0,1395360000
330,38,5.0,1352073600
331,38,4.0,1374710400
332,38,5.0,1170460800
333,38,3.0,1274140800
334,38,4.0,1190937600
335,38,5.0,1403136000
336,38,4.0,1229472000
337,38,5.0,1331596800
338,38,3.0,1203033600
339,38,1.0,1300147200
340,38,3.0,1401667200
341,38,5.0,1391472000
342,38,5.0,1319932800
343,38,5.0,1108512000
344,38,5.0,1327881600
345,38,4.0,1092873600
346,38,5.0,1319414400
347,38,5.0,1360022400
348,38,3.0,1260576000
349,38,5.0,1352937600
350,38,2.0,1171238400
351,38,5.0,1383177600
352,38,5.0,1393459200
353,38,5.0,1361318400
354,38,5.0,1191456000
355,38,1.0,1187654400
356,38,5.0,1200873600
357,38,5.0,1245369600
358,38,5.0,1386115200
359,38,3.0,1173916800
360,38,5.0,1389225600
361,38,5.0,1353801600
362,38,5.0,1243209600
363,38,5.0,1231372800
364,38,5.0,1239148800
365,38,1.0,1167436800
366,38,5.0,1389571200
367,38,2.0,1189209600
368,38,5.0,1175904000
369,38,5.0,1268352000
370,38,1.0,1202342400
371,38,5.0,1183420800
372,38,5.0,1295827200
373,38,1.0,1168560000
374,38,1.0,1304294400
375,38,4.0,1391472000
376,38,5.0,1092009600
377,38,5.0,1095292800
378,38,4.0,1182211200
379,38,5.0,1393718400
380,38,2.0,1297296000
381,38,1.0,1388966400
382,38,5.0,1278460800
383,38,2.0,1303948800
384,38,4.0,1278115200
385,38,4.0,1404864000
386,38,5.0,1217116800
387,38,5.0,1205798400
388,38,3.0,1269561600
389,38,4.0,1137888000
390,38,5.0,1370563200
391,38,5.0,1293062400
392,38,1.0,1186617600
393,38,1.0,1289952000
394,38,5.0,1102550400
395,38,4.0,1385769600
396,38,5.0,1297987200
397,38,4.0,1332547200
398,38,5.0,1394755200
399,38,5.0,1137542400
400,38,1.0,1084579200
401,38,1.0,1245024000
402,38,5.0,1357084800
403,38,5.0,1294272000
404,38,4.0,1365897600
405,38,4.0,1366329600
406,38,5.0,1178928000
407,38,4.0,1389052800
408,38,4.0,1393200000
409,38,5.0,1212278400
410,38,5.0,1389139200
411,38,5.0,1372118400
412,38,5.0,1357084800
413,38,5.0,1394064000
414,38,5.0,1251072000
415,38,5.0,1375228800
416,38,5.0,1135728000
417,38,4.0,1185235200
418,38,3.0,1364688000
419,38,4.0,1400630400
420,38,3.0,1368403200
421,38,5.0,1353974400
422,38,5.0,1140739200
423,38,5.0,1198972800
424,38,4.0,1177718400
425,38,5.0,1138665600
426,38,3.0,1355184000
427,38,5.0,1402358400
428,38,5.0,1170892800
429,38,1.0,1351382400
430,38,5.0,1091491200
431,38,4.0,1393632000
432,38,4.0,1369526400
433,38,5.0,1392076800
434,38,4.0,1358812800
435,38,3.0,1354492800
436,38,5.0,1205798400
437,38,5.0,1195430400
438,38,4.0,1176854400
439,38,5.0,1125273600
440,38,5.0,1196035200
441,38,2.0,1398124800
442,38,4.0,1095292800
443,38,3.0,1325030400
444,38,4.0,1403654400
445,38,5.0,1400716800
446,38,5.0,1215043200
447,38,5.0,1215302400
448,38,1.0,1391385600
449,38,4.0,1354924800
450,38,3.0,1165104000
451,38,5.0,1226793600
452,38,1.0,1212710400
453,38,5.0,1126224000
454,38,5.0,1198972800
455,38,2.0,1397174400
456,38,2.0,1240963200
457,38,4.0,1222732800
458,38,5.0,1162425600
459,38,5.0,1253318400
460,38,5.0,1255046400
461,38,2.0,1392336000
462,38,1.0,1248739200
463,38,3.0,1396224000
464,38,5.0,1126742400
465,38,5.0,1201392000
466,38,1.0,1369267200
467,38,5.0,1369699200
468,38,4.0,1356220800
469,38,5.0,1355788800
470,38,2.0,1218499200
471,38,5.0,1097452800
472,38,1.0,1255478400
473,38,5.0,1188950400
474,38,2.0,1210464000
475,38,5.0,1357516800
476,38,5.0,1142380800
477,38,3.0,1221436800
478,38,4.0,1178928000
479,38,3.0,1208908800
480,38,5.0,1334275200
481,38,5.0,1384300800
482,38,5.0,1168300800
483,38,5.0,1101254400
484,38,5.0,1362355200
485,38,2.0,1389052800
486,38,3.0,1226448000
487,38,5.0,1206835200
488,38,5.0,1142467200
489,38,4.0,1288915200
490,38,5.0,1285200000
491,38,2.0,1293148800
492,38,5.0,1237161600
493,38,5.0,1168732800
494,38,5.0,1166400000
495,38,5.0,1120089600
496,38,3.0,1204156800
497,38,4.0,1277596800
498,38,5.0,1099267200
499,38,5.0,1165536000
500,38,5.0,1392854400
501,38,1.0,1096588800
502,38,5.0,1099958400
503,38,5.0,1212192000
504,38,4.0,1228003200
505,38,1.0,1198454400
506,38,3.0,1336262400
507,38,4.0,1197849600
508,38,5.0,1100217600
509,38,5.0,1372118400
510,38,5.0,1120176000
511,38,5.0,1265932800
512,38,5.0,1404691200
513,38,5.0,1132099200
514,38,5.0,1307750400
515,38,4.0,1138406400
516,38,3.0,1381536000
517,38,5.0,1133481600
518,38,4.0,1381708800
519,38,2.0,1216684800
520,38,3.0,1350864000
521,38,5.0,1345593600
522,38,1.0,1264118400
523,38,3.0,1233360000
524,38,4.0,1381708800
525,38,1.0,1189728000
526,38,5.0,1375920000
527,38,5.0,1186617600
528,38,4.0,1392595200
529,38,5.0,1087862400
530,38,4.0,1233187200
531,38,3.0,1115596800
532,38,5.0,1167782400
533,38,1.0,1384300800
534,38,5.0,1168300800
535,38,5.0,1122595200
536,38,2.0,1325203200
537,38,5.0,1349395200
538,38,1.0,1395964800
539,38,5.0,1200873600
540,38,5.0,1099440000
541,38,1.0,1344643200
542,38,2.0,1137974400
543,38,5.0,1176249600
544,38,1.0,1279843200
545,38,3.0,1188000000
546,38,5.0,1398211200
547,38,1.0,1273017600
548,38,5.0,1129161600
549,38,4.0,1380067200
550,38,4.0,1191456000
551,38,5.0,1247529600
552,38,5.0,1404604800
553,38,3.0,1180483200
554,38,5.0,1379894400
555,38,4.0,1366416000
556,38,4.0,1361923200
557,38,2.0,1210377600
558,38,5.0,1150848000
559,38,2.0,1159747200
560,38,4.0,1151798400
561,38,3.0,1163462400
562,38,5.0,1375747200
563,38,5.0,1126828800
564,38,5.0,1374796800
565,38,4.0,1356480000
566,38,5.0,1203984000
567,38,5.0,1185753600
568,38,2.0,1392422400
569,38,3.0,1377907200
570,38,5.0,1402963200
571,38,4.0,1181692800
572,38,2.0,1391385600
573,38,3.0,1354665600
574,38,5.0,1155427200
575,38,5.0,1175299200
576,38,1.0,1075766400
577,38,4.0,1386374400
578,38,5.0,1206748800
579,38,4.0,1373155200
580,38,5.0,1113523200
581,38,5.0,1239148800
582,38,5.0,1316563200
583,38,5.0,1153094400
584,38,5.0,1123718400
585,38,5.0,1103328000
586,38,3.0,1120867200
587,38,5.0,1287273600
588,38,4.0,1377388800
589,38,5.0,1174953600
590,38,3.0,1091491200
591,38,5.0,1127952000
592,38,2.0,1136592000
593,38,5.0,1360368000
594,38,5.0,1101254400
595,38,1.0,1293840000
596,38,5.0,1372032000
597,38,5.0,1375142400
598,38,5.0,1126137600
599,38,5.0,1318291200
600,38,2.0,1206576000
601,38,5.0,1300924800
602,38,5.0,1121472000
603,38,4.0,1152489600
604,38,5.0,1251763200
605,38,2.0,1388448000
606,38,2.0,1140220800
607,38,5.0,1167782400
608,38,3.0,1389312000
609,38,5.0,1392336000
610,38,4.0,1174867200
611,38,5.0,1289952000
612,38,5.0,1115424000
613,38,3.0,1138924800
614,38,5.0,1300233600
615,38,3.0,1400371200
616,38,5.0,1259625600
617,38,5.0,1116288000
618,38,4.0,1111363200
619,38,5.0,1264809600
620,38,5.0,1130630400
621,38,4.0,1192060800
622,38,5.0,1198800000
623,38,5.0,1378252800
624,38,4.0,1216598400
625,38,1.0,1400457600
626,38,1.0,1401321600
627,38,1.0,1231286400
628,38,5.0,1393200000
629,38,4.0,1375833600
630,38,5.0,1401580800
631,38,5.0,1404864000
632,38,5.0,1393200000
633,38,5.0,1189728000
634,38,1.0,1377734400
635,38,5.0,1128038400
636,38,5.0,1344297600
637,38,2.0,1273536000
638,38,4.0,1366675200
639,38,3.0,1331596800
640,38,5.0,1127692800
641,38,5.0,1356825600
642,38,5.0,1359504000
643,38,4.0,1396569600
644,38,1.0,1081728000
645,38,5.0,1331510400
646,38,5.0,1379635200
647,38,5.0,1258156800
648,38,5.0,1217894400
649,38,3.0,1125964800
650,38,5.0,1141776000
651,38,5.0,1109030400
652,38,5.0,1135900800
653,38,4.0,1130544000
654,38,1.0,1207958400
655,38,5.0,1184630400
656,39,4.0,1101427200
657,39,4.0,1100304000
658,39,4.0,1125100800
659,39,1.0,1073692800
660,40,5.0,1366156800
661,40,5.0,1086739200
662,40,5.0,1379808000
663,40,4.0,1404086400
664,40,5.0,1396224000
665,40,5.0,1401926400
666,40,3.0,1391731200
667,40,4.0,1385510400
668,40,5.0,1327104000
669,40,4.0,1389484800
670,40,1.0,1400889600
671,40,5.0,1402358400
672,40,5.0,1395878400
673,40,5.0,1404518400
674,40,5.0,1395705600
675,40,1.0,1393027200
676,40,3.0,1404691200
677,40,5.0,1388534400
678,40,5.0,1370390400
679,40,5.0,1403049600
680,40,5.0,1400025600
681,40,4.0,1384646400
682,40,5.0,1279584000
683,40,4.0,1386633600
684,40,4.0,1383436800
685,40,2.0,1404604800
686,40,5.0,1239062400
687,40,5.0,1396310400
688,40,4.0,1369008000
689,40,5.0,1260403200
690,40,4.0,1400198400
691,41,5.0,1179705600
692,41,4.0,1185580800
693,41,5.0,1173312000
694,41,5.0,1150502400
695,42,5.0,1277683200
696,44,2.0,1294012800
697,43,2.0,1085529600
698,43,5.0,1081641600
699,46,4.0,1368835200
700,46,5.0,1329091200
701,46,3.0,1402963200
702,46,5.0,1393459200
703,46,4.0,1354665600
704,46,1.0,1316822400
705,46,5.0,1384992000
706,46,5.0,1356998400
707,46,4.0,1389052800
708,46,1.0,1374278400
709,46,5.0,1351468800
710,46,1.0,1331769600
711,46,5.0,1389312000
712,46,5.0,1262995200
713,46,3.0,1339977600
714,46,5.0,1381708800
715,46,5.0,1361750400
716,46,5.0,1354665600
717,46,4.0,1383609600
718,46,5.0,1321574400
719,46,5.0,1346630400
720,46,1.0,1395619200
721,46,5.0,1365292800
722,46,3.0,1383523200
723,46,5.0,1395964800
724,46,5.0,1395878400
725,46,1.0,1398556800
726,46,5.0,1221350400
727,46,5.0,1358035200
728,46,2.0,1208995200
729,46,4.0,1355788800
730,46,5.0,1337817600
731,46,4.0,1319932800
732,46,5.0,1398816000
733,46,4.0,1301097600
734,46,4.0,1373155200
735,46,3.0,1357257600
736,46,5.0,1357171200
737,46,3.0,1359331200
738,46,5.0,1384819200
739,46,2.0,1315267200
740,46,5.0,1359590400
741,46,4.0,1359590400
742,46,4.0,1389916800
743,46,4.0,1386979200
744,46,5.0,1343088000
745,46,5.0,1301097600
746,46,5.0,1378339200
747,46,1.0,1371772800
748,46,5.0,1317686400
749,46,5.0,1379462400
750,46,4.0,1352764800
751,46,4.0,1364774400
752,46,5.0,1231632000
753,46,5.0,1384300800
754,46,5.0,1344902400
755,46,3.0,1382572800
756,46,5.0,1357862400
757,46,1.0,1346716800
758,46,5.0,1310515200
759,46,2.0,1314921600
760,46,3.0,1350604800
761,46,4.0,1356825600
762,46,1.0,1404086400
763,46,5.0,1391904000
764,46,1.0,1311811200
765,46,4.0,1339545600
766,46,3.0,1365379200
767,46,5.0,1354579200
768,46,1.0,1332979200
769,46,1.0,1358035200
770,46,5.0,1318809600
771,46,3.0,1364947200
772,46,5.0,1306195200
773,46,5.0,1377475200
774,46,2.0,1381795200
775,46,3.0,1362441600
776,46,5.0,1391558400
777,46,5.0,1357689600
778,46,4.0,1384646400
779,46,4.0,1404604800
780,46,1.0,1350604800
781,46,5.0,1352332800
782,46,5.0,1311120000
783,46,4.0,1338249600
784,46,4.0,1285113600
785,46,4.0,1390262400
786,46,4.0,1268697600
787,46,2.0,1356307200
788,46,3.0,1355961600
789,46,5.0,1356739200
790,46,5.0,1344643200
791,46,3.0,1312675200
792,46,4.0,1349568000
793,46,5.0,1366848000
794,46,2.0,1361491200
795,46,2.0,1358121600
796,46,4.0,1327881600
797,46,5.0,1364860800
798,46,2.0,1388188800
799,46,5.0,1326326400
800,46,5.0,1349913600
801,45,1.0,1098057600
802,47,5.0,1370995200
803,47,5.0,1393372800
804,47,5.0,1366156800
805,47,5.0,1349308800
806,47,5.0,1374364800
807,47,5.0,1360368000
808,47,5.0,1297728000
809,47,5.0,1376956800
810,47,4.0,1390780800
811,47,5.0,1299369600
812,47,5.0,1396828800
813,47,5.0,1358726400
814,47,4.0,1379635200
815,47,5.0,1394150400
816,47,5.0,1396742400
817,47,5.0,1303776000
818,47,5.0,1384819200
819,47,5.0,1385942400
820,48,5.0,1363651200
821,48,5.0,1356480000
822,48,1.0,1323561600
823,48,5.0,1381708800
824,49,1.0,1302048000
825,49,5.0,1198886400
826,50,5.0,1160179200
827,51,5.0,1392249600
828,56,5.0,1397606400
829,56,1.0,1233360000
830,56,5.0,1213401600
831,56,3.0,1362355200
832,54,5.0,1395792000
833,54,5.0,1357171200
834,54,5.0,1381622400
835,54,4.0,1368576000
836,54,5.0,1381968000
837,54,5.0,1388275200
838,54,5.0,1271808000
839,54,4.0,1376179200
840,54,5.0,1338768000
841,54,5.0,1216425600
842,54,2.0,1397088000
843,54,4.0,1379808000
844,54,5.0,1283472000
845,54,3.0,1302220800
846,54,5.0,1389484800
847,54,5.0,1401580800
848,54,5.0,1356048000
849,54,1.0,1333152000
850,54,5.0,1393977600
851,54,5.0,1271894400
852,54,5.0,1156464000
853,54,4.0,1357776000
854,54,5.0,1377216000
855,54,5.0,1384992000
856,54,5.0,1354924800
857,54,4.0,1300060800
858,54,5.0,1361059200
859,54,5.0,1359676800
860,54,5.0,1337212800
861,54,5.0,1372550400
862,54,5.0,1313625600
863,54,4.0,1222819200
864,54,5.0,1390867200
865,54,5.0,1365379200
866,54,1.0,1389398400
867,54,5.0,1395964800
868,54,5.0,1300924800
869,54,1.0,1364083200
870,54,5.0,1366416000
871,54,2.0,1401408000
872,54,5.0,1325548800
873,54,5.0,1371340800
874,54,5.0,1390521600
875,54,5.0,1399075200
876,54,5.0,1396569600
877,54,5.0,1363046400
878,54,5.0,1377216000
879,54,5.0,1285632000
880,54,3.0,1368057600
881,54,5.0,1300492800
882,54,5.0,1288396800
883,54,5.0,1384819200
884,54,4.0,1390176000
885,54,4.0,1377388800
886,53,5.0,1398988800
887,52,5.0,1344556800
888,55,5.0,1363996800
889,59,5.0,1130889600
890,62,5.0,1115596800
891,58,5.0,1356912000
892,58,3.0,1377993600
893,57,5.0,1262995200
894,60,5.0,1073174400
895,61,5.0,1404604800
896,61,5.0,1387929600
897,63,5.0,1356220800
898,64,5.0,1378425600
899,64,3.0,1404259200
900,64,5.0,1128384000
901,64,5.0,1108684800
902,65,5.0,1191888000
903,65,3.0,1306195200
904,65,5.0,1362009600
905,65,5.0,1399680000
906,65,5.0,1190592000
907,65,5.0,1312675200
908,65,5.0,1218585600
909,65,3.0,1377820800
910,65,4.0,1300752000
911,65,5.0,1284163200
912,65,5.0,1242518400
913,65,3.0,1351468800
914,65,5.0,1350518400
915,65,5.0,1263081600
916,65,5.0,1325289600
917,65,5.0,1294444800
918,65,5.0,1208476800
919,65,5.0,1394496000
920,65,5.0,1359849600
921,65,5.0,1344211200
922,65,5.0,1229040000
923,65,5.0,1394841600
924,65,3.0,1320624000
925,65,5.0,1232928000
926,65,5.0,1190592000
927,65,5.0,1163030400
928,65,5.0,1401408000
929,65,3.0,1403481600
930,65,2.0,1367452800
931,65,4.0,1201478400
932,65,4.0,1363046400
933,65,4.0,1386288000
934,65,5.0,1403827200
935,65,4.0,1380672000
936,65,2.0,1332374400
937,65,5.0,1324339200
938,65,3.0,1303862400
939,65,5.0,1346803200
940,65,5.0,1271721600
941,65,5.0,1217548800
942,65,5.0,1359676800
943,65,2.0,1349827200
944,65,5.0,1191196800
945,65,4.0,1395014400
946,65,5.0,1191110400
947,65,4.0,1167782400
948,65,5.0,1136419200
949,65,2.0,1317686400
950,65,5.0,1355443200
951,65,1.0,1367798400
952,65,5.0,1325980800
953,65,5.0,1169164800
954,65,4.0,1203033600
955,65,3.0,1343865600
956,65,4.0,1311206400
957,65,5.0,1140998400
958,66,5.0,1405209600
959,66,5.0,1405209600
960,66,3.0,1369180800
961,66,5.0,1343001600
962,66,4.0,1396051200
963,66,5.0,1318032000
964,66,5.0,1331596800
965,66,5.0,1386547200
966,66,5.0,1367020800
967,66,5.0,1355702400
968,66,3.0,1309564800
969,66,5.0,1388534400
970,66,3.0,1357344000
971,66,3.0,1384128000
972,66,5.0,1370390400
973,66,5.0,1259107200
974,66,5.0,1379894400
975,66,5.0,1379116800
976,66,2.0,1403395200
977,66,5.0,1305590400
978,66,5.0,1373241600
979,66,5.0,1177286400
980,66,1.0,1244678400
981,66,5.0,1178668800
982,66,3.0,1311033600
983,66,5.0,1403049600
984,66,5.0,1348704000
985,66,5.0,1318204800
986,66,4.0,1397779200
987,66,5.0,1243036800
988,66,5.0,1386547200
989,66,5.0,1397865600
990,66,5.0,1390694400
991,66,4.0,1279497600
992,66,5.0,1337904000
993,66,5.0,1298160000
994,66,5.0,1289865600
995,66,5.0,1369353600
996,66,5.0,1391040000
997,66,5.0,1397260800
998,66,5.0,1397433600
999,66,5.0,1244937600
1000,66,5.0,1327622400
1001,66,4.0,1312070400
1002,66,5.0,1300579200
1003,66,5.0,1379808000
1004,66,5.0,1200268800
1005,66,5.0,1394150400
1006,66,5.0,1332028800
1007,66,5.0,1324252800
1008,66,5.0,1358812800
1009,66,5.0,1174608000
1010,66,2.0,1395964800
1011,66,5.0,1295049600
1012,66,1.0,1380931200
1013,66,4.0,1378166400
1014,66,4.0,1374364800
1015,66,4.0,1186099200
1016,66,5.0,1353801600
1017,66,4.0,1396569600
1018,66,5.0,1377302400
1019,66,5.0,1178928000
1020,66,3.0,1369180800
1021,66,4.0,1393632000
1022,66,1.0,1359331200
1023,66,5.0,1330819200
1024,66,5.0,1257465600
1025,66,1.0,1358467200
1026,66,5.0,1343606400
1027,66,5.0,1382313600
1028,66,5.0,1327017600
1029,66,5.0,1260835200
1030,66,5.0,1239062400
1031,66,5.0,1346803200
1032,66,5.0,1377216000
1033,66,5.0,1392076800
1034,66,5.0,1354320000
1035,66,5.0,1141862400
1036,66,5.0,1400630400
1037,66,5.0,1358553600
1038,66,2.0,1334880000
1039,66,4.0,1336780800
1040,66,5.0,1167868800
1041,66,5.0,1173312000
1042,66,5.0,1355356800
1043,66,2.0,1393977600
1044,66,5.0,1397520000
1045,66,5.0,1389312000
1046,66,4.0,1321920000
1047,66,5.0,1168819200
1048,66,5.0,1397520000
1049,66,4.0,1377561600
1050,66,5.0,1341878400
1051,66,5.0,1333065600
1052,66,4.0,1327017600
1053,66,5.0,1399075200
1054,66,1.0,1310688000
1055,66,5.0,1352678400
1056,66,5.0,1358899200
1057,66,5.0,1388534400
1058,66,5.0,1357344000
1059,66,5.0,1286755200
1060,66,5.0,1398211200
1061,66,1.0,1339632000
1062,66,5.0,1346630400
1063,66,4.0,1354406400
1064,66,5.0,1350086400
1065,66,5.0,1123113600
1066,66,1.0,1200182400
1067,66,5.0,1385769600
1068,66,5.0,1365033600
1069,66,5.0,1377648000
1070,66,5.0,1302739200
1071,66,5.0,1259539200
1072,66,3.0,1369872000
1073,66,5.0,1241827200
1074,66,5.0,1279324800
1075,66,5.0,1364688000
1076,66,5.0,1396224000
1077,66,3.0,1382659200
1078,66,5.0,1380672000
1079,66,5.0,1379462400
1080,66,5.0,1359331200
1081,66,1.0,1401321600
1082,66,5.0,1397779200
1083,66,5.0,1393113600
1084,66,5.0,1186617600
1085,66,5.0,1291680000
1086,66,5.0,1342656000
1087,66,5.0,1321056000
1088,67,4.0,1324425600
1089,67,5.0,1380758400
1090,67,5.0,1324425600
1091,67,4.0,1403827200
1092,67,5.0,1362268800
1093,67,3.0,1393718400
1094,68,5.0,1142035200
1095,69,5.0,1388448000
1096,69,5.0,1352678400
1097,69,5.0,1305936000
1098,69,4.0,1391385600
1099,69,5.0,1359331200
1100,69,5.0,1353715200
1101,69,1.0,1313798400
1102,69,5.0,1370736000
1103,69,5.0,1396828800
1104,69,5.0,1388448000
1105,69,1.0,1338508800
1106,69,5.0,1349654400
1107,69,5.0,1366761600
1108,69,1.0,1385769600
1109,69,1.0,1365724800
1110,69,2.0,1389052800
1111,69,5.0,1181174400
1112,69,5.0,1386547200
1113,69,5.0,1383523200
1114,69,5.0,1369699200
1115,69,3.0,1379116800
1116,69,5.0,1391990400
1117,69,5.0,1374883200
1118,69,5.0,1072656000
1119,69,4.0,1403222400
1120,69,5.0,1391817600
1121,69,5.0,1378512000
1122,69,4.0,1370995200
1123,69,4.0,1309305600
1124,69,5.0,1340150400
1125,69,5.0,1368921600
1126,69,5.0,1082764800
1127,69,1.0,1396742400
1128,69,2.0,1353888000
1129,69,3.0,1383868800
1130,69,3.0,1322524800
1131,69,3.0,1401667200
1132,69,5.0,1386115200
1133,69,1.0,1399161600
1134,69,5.0,1403740800
1135,69,3.0,1250726400
67,69,5.0,1095724800
1136,69,5.0,1382227200
1137,69,2.0,1387497600
1138,69,3.0,1319932800
1139,69,3.0,1385251200
1140,69,3.0,1359504000
1141,69,5.0,1386892800
1142,69,5.0,1349395200
1143,69,4.0,1356739200
1144,69,5.0,1189296000
1145,69,2.0,1339632000
1146,70,5.0,1265500800
1147,71,4.0,1217635200
1148,71,1.0,1249948800
1149,72,4.0,1379203200
1150,72,4.0,1326326400
1151,72,3.0,1363737600
1152,72,4.0,1338076800
1153,72,5.0,1285200000
1154,72,1.0,1396569600
1155,72,1.0,1372377600
1156,72,5.0,1327017600
1157,72,1.0,1392249600
1158,72,3.0,1356566400
1159,72,2.0,1343347200
1160,72,1.0,1392336000
1161,72,3.0,1385424000
1162,72,1.0,1380240000
1163,72,1.0,1395705600
1164,72,4.0,1355443200
1165,72,5.0,1372982400
1166,72,1.0,1379203200
1167,72,5.0,1378425600
1168,72,1.0,1372032000
1169,72,3.0,1363651200
1170,72,4.0,1379808000
1110,72,1.0,1344816000
1171,72,4.0,1322524800
1172,72,5.0,1325030400
1173,72,4.0,1312502400
1174,72,5.0,1322352000
1175,72,5.0,1380672000
1176,72,1.0,1390694400
1177,72,2.0,1343347200
1178,72,1.0,1344470400
1179,72,5.0,1396828800
1180,72,2.0,1366848000
1181,72,5.0,1370995200
1182,72,4.0,1379808000
1183,72,4.0,1362873600
1184,72,3.0,1390262400
1185,72,5.0,1353888000
1186,72,5.0,1369872000
1187,72,5.0,1324944000
1188,72,3.0,1340668800
1189,72,5.0,1373500800
1190,72,3.0,1316390400
1191,72,5.0,1389744000
1192,72,5.0,1322956800
1193,72,2.0,1346889600
1194,72,4.0,1354492800
1195,72,5.0,1386547200
1196,72,1.0,1362960000
1197,72,4.0,1389657600
1198,72,2.0,1369785600
1199,72,5.0,1384646400
1200,72,5.0,1309564800
1201,72,5.0,1357430400
1202,72,3.0,1394841600
1203,72,2.0,1372550400
1204,72,1.0,1370476800
1205,72,1.0,1388534400
1206,72,3.0,1379462400
1207,72,2.0,1351555200
1208,72,4.0,1267488000
1209,72,5.0,1388016000
1210,72,4.0,1336780800
1211,72,1.0,1401926400
1212,72,5.0,1384819200
1213,72,1.0,1374451200
1214,72,5.0,1358812800
1215,72,5.0,1343001600
1216,72,5.0,1368144000
1217,72,5.0,1269216000
1218,72,4.0,1393977600
1219,72,5.0,1360713600
1220,72,1.0,1368403200
1221,72,5.0,1294531200
1222,72,1.0,1393545600
1223,72,5.0,1365984000
1224,72,1.0,1370822400
1225,72,1.0,1401580800
1226,72,3.0,1388448000
1227,72,5.0,1376352000
1228,72,3.0,1377820800
1229,72,1.0,1368230400
1230,72,5.0,1278806400
1231,72,3.0,1242345600
1232,72,1.0,1342742400
1233,72,1.0,1359590400
1234,72,5.0,1335052800
1235,72,5.0,1321228800
1236,72,5.0,1373241600
1237,72,5.0,1185148800
1238,72,5.0,1400544000
1239,72,1.0,1376524800
1240,72,5.0,1378339200
1241,72,5.0,1353542400
1242,72,5.0,1229212800
1243,72,1.0,1333238400
1244,72,5.0,1365811200
1245,72,5.0,1240531200
1246,72,2.0,1329609600
1247,72,1.0,1393804800
1248,72,1.0,1323907200
1249,72,1.0,1383782400
1250,73,4.0,1240531200
1251,74,4.0,1390089600
1252,75,5.0,1402272000
1253,75,2.0,1376265600
1254,78,2.0,1326844800
1255,78,4.0,1288396800
1256,78,5.0,1285027200
1257,78,3.0,1315612800
1258,78,5.0,1383868800
1259,78,5.0,1286841600
1260,78,5.0,1292112000
1261,78,3.0,1362873600
1262,78,5.0,1299283200
1263,77,4.0,1336435200
1264,77,5.0,1100563200
1265,77,5.0,1152921600
1266,76,5.0,1353110400
1267,80,5.0,1103328000
1268,80,5.0,1246320000
1269,80,5.0,1192838400
1270,79,4.0,1345593600
1271,81,5.0,1265846400
1272,82,1.0,1171324800
1273,82,3.0,1101427200
1274,82,5.0,1106697600
1275,83,5.0,1308528000
1276,83,5.0,1168560000
1277,85,5.0,1325030400
1278,85,5.0,1318982400
1279,85,1.0,1319414400
1280,85,5.0,1330128000
1281,85,5.0,1283385600
1282,84,5.0,1353196800
1283,86,5.0,1250294400
1284,87,5.0,1379030400
1285,87,5.0,1189382400
1286,91,5.0,1380672000
1287,91,5.0,1379721600
1288,91,5.0,1398643200
1289,91,4.0,1380672000
1290,91,5.0,1332115200
1291,91,5.0,1405036800
1292,91,2.0,1367452800
1293,91,5.0,1334016000
1294,91,5.0,1393804800
1295,91,5.0,1361059200
1296,91,5.0,1393891200
1297,91,5.0,1387584000
1298,91,5.0,1370649600
1299,91,5.0,1334188800
1300,91,5.0,1338508800
1301,91,4.0,1359676800
1302,91,5.0,1390348800
1303,91,5.0,1273276800
1304,91,4.0,1370390400
1305,91,5.0,1398211200
1306,91,5.0,1356480000
1307,91,5.0,1377043200
1308,91,3.0,1363564800
1309,91,5.0,1357776000
1310,91,1.0,1350432000
1311,91,3.0,1392336000
1312,90,4.0,1367539200
1313,90,2.0,1392681600
1314,90,3.0,1398556800
1315,90,3.0,1398988800
1316,90,5.0,1390694400
1317,88,3.0,1398038400
1286,88,5.0,1383177600
1318,88,5.0,1365033600
1319,88,1.0,1355961600
1320,88,5.0,1186358400
1321,88,5.0,1362441600
1322,88,1.0,1373414400
1323,88,5.0,1378339200
1324,88,5.0,1365292800
1325,88,5.0,1344470400
1326,88,5.0,1303776000
1327,88,5.0,1245974400
1328,88,5.0,1380067200
1329,88,5.0,1393027200
1330,88,5.0,1356220800
1331,88,5.0,1385424000
1332,88,5.0,1386547200
1333,88,5.0,1339804800
1334,89,5.0,1397606400
1335,89,5.0,1278028800
1336,89,5.0,1402444800
1337,92,1.0,1264291200
1338,93,5.0,1280275200
1339,93,5.0,1355097600
1340,94,1.0,1200096000
1341,94,5.0,1089849600
1342,95,4.0,1351296000
1343,96,5.0,1404259200
1344,96,5.0,1378771200
1345,96,2.0,1363305600
1346,96,2.0,1357430400
1347,96,2.0,1391904000
1348,96,2.0,1355356800
1349,96,2.0,1347062400
1350,96,5.0,1363132800
1351,97,1.0,1227139200
1352,97,5.0,1092700800
1353,98,5.0,1123891200
1354,98,5.0,1179360000
1355,99,4.0,1173139200
1356,99,5.0,1239408000
1357,99,4.0,1218758400
1358,100,5.0,1208822400
1359,100,5.0,1179705600
1360,101,5.0,1393200000
1361,102,5.0,1191283200
1362,102,3.0,1209254400
1363,103,4.0,1099094400
1364,103,5.0,1155168000
1365,103,5.0,1090281600
1366,103,5.0,1357948800
1367,103,1.0,1343347200
1368,103,4.0,1141257600
1369,103,5.0,1168646400
1370,103,5.0,1083888000
1371,103,5.0,1351900800
1372,103,5.0,1193961600
1373,103,5.0,1242432000
1374,103,2.0,1314230400
1375,103,5.0,1231545600
1376,104,5.0,1366416000
1377,104,4.0,1359504000
1378,104,5.0,1283731200
1379,104,5.0,1359676800
1380,104,1.0,1351641600
1381,104,4.0,1365724800
1382,104,5.0,1397260800
1383,104,5.0,1318377600
1384,104,5.0,1370217600
1385,104,5.0,1358121600
1386,104,5.0,1366675200
1387,104,5.0,1388102400
1388,104,4.0,1382486400
1389,104,5.0,1365638400
1390,104,5.0,1379548800
1391,104,5.0,1353888000
1392,106,5.0,1189728000
1393,106,1.0,1228521600
1394,106,2.0,1293148800
1395,108,5.0,1320883200
1396,108,5.0,1173571200
1397,108,5.0,1387324800
1398,108,5.0,1235520000
1399,108,5.0,1283731200
1400,108,5.0,1227657600
1401,108,5.0,1347148800
1402,108,4.0,1309651200
1403,108,5.0,1384473600
1404,108,5.0,1324252800
1405,108,5.0,1306800000
1406,108,5.0,1271808000
1407,108,4.0,1279670400
1408,108,5.0,1244937600
1409,108,5.0,1395100800
1410,108,5.0,1271894400
1411,108,5.0,1389744000
1412,108,5.0,1354060800
1413,108,5.0,1328918400
1414,108,5.0,1252886400
1415,108,1.0,1374710400
1416,108,3.0,1212105600
1417,108,4.0,1395187200
1418,108,5.0,1217548800
1419,108,5.0,1393804800
1420,108,1.0,1338163200
1421,108,5.0,1370217600
1422,108,5.0,1247616000
1423,108,5.0,1379721600
1424,108,5.0,1402444800
1425,108,5.0,1386460800
1426,108,5.0,1276300800
1427,108,5.0,1191888000
1428,108,5.0,1322870400
1429,108,1.0,1365120000
1430,108,5.0,1342396800
1431,108,2.0,1322179200
1432,108,5.0,1341964800
1433,108,5.0,1330214400
1434,108,5.0,1290470400
1435,108,5.0,1305331200
1436,108,5.0,1265587200
1437,108,5.0,1386288000
1438,108,5.0,1358985600
1439,108,5.0,1381622400
1440,108,5.0,1267142400
1441,108,5.0,1281830400
1442,108,5.0,1249603200
1443,108,2.0,1350086400
1444,108,5.0,1311724800
1445,108,1.0,1178409600
1446,108,5.0,1288310400
1447,108,5.0,1314316800
1448,108,1.0,1339200000
1449,108,5.0,1399507200
1450,108,5.0,1273363200
1451,108,5.0,1382140800
1452,108,5.0,1288828800
1453,108,4.0,1371859200
1454,108,5.0,1323648000
1455,108,2.0,1289001600
1456,108,5.0,1350259200
1457,108,5.0,1317254400
1458,108,5.0,1300406400
1459,108,5.0,1358899200
1460,108,5.0,1334361600
1461,108,3.0,1402358400
1462,108,4.0,1331424000
1463,108,5.0,1317686400
1464,108,5.0,1336003200
1465,108,5.0,1273449600
1466,108,5.0,1296950400
1467,108,4.0,1385337600
1468,108,5.0,1276128000
1469,108,3.0,1300924800
1470,108,5.0,1364774400
1471,108,5.0,1350691200
1472,108,4.0,1388188800
1473,108,5.0,1334361600
1474,108,1.0,1332460800
1475,108,5.0,1329091200
1476,108,5.0,1306886400
1477,108,5.0,1376611200
1478,108,5.0,1343692800
1479,108,5.0,1296000000
1480,108,4.0,1307836800
1481,108,5.0,1404604800
1482,108,4.0,1304640000
1483,107,5.0,1405987200
1484,107,5.0,1267401600
1485,107,5.0,1362355200
1486,107,5.0,1362182400
1487,107,5.0,1372032000
1488,107,3.0,1339718400
1489,107,5.0,1396310400
1490,107,4.0,1222214400
1491,107,2.0,1387152000
1492,107,4.0,1390694400
1493,107,5.0,1389052800
1494,107,5.0,1362009600
1495,107,5.0,1365292800
1496,107,3.0,1378339200
1497,107,3.0,1362528000
1498,107,5.0,1372982400
1499,107,4.0,1357862400
1500,107,5.0,1326585600
1501,107,5.0,1381622400
1502,107,5.0,1374969600
1503,107,5.0,1349740800
1504,107,3.0,1308182400
1505,107,5.0,1256342400
1506,107,5.0,1381968000
1507,107,5.0,1377043200
1508,107,5.0,1381363200
1509,107,5.0,1369353600
1510,107,5.0,1190851200
1511,107,5.0,1368316800
1512,107,5.0,1397088000
1513,107,4.0,1388620800
1514,107,5.0,1395187200
1515,107,5.0,1334966400
1516,107,5.0,1402358400
1517,107,5.0,1391904000
1518,107,2.0,1356480000
1519,107,5.0,1358121600
1520,107,5.0,1337904000
1521,107,3.0,1387929600
1522,107,5.0,1380758400
1523,107,5.0,1352937600
1524,107,5.0,1398902400
1525,107,5.0,1151020800
1526,107,5.0,1397088000
1527,107,4.0,1390867200
1528,107,5.0,1362355200
1529,107,5.0,1381017600
1530,107,5.0,1362614400
1531,107,5.0,1343001600
1532,107,5.0,1367366400
1533,107,5.0,1394582400
1534,107,5.0,1346112000
1535,107,1.0,1356480000
1536,107,5.0,1354924800
1537,107,5.0,1402531200
1538,107,3.0,1403913600
1539,107,5.0,1358380800
1540,107,5.0,1381881600
1541,107,4.0,1389312000
1542,107,5.0,1365638400
1543,105,4.0,1207872000
1544,109,5.0,1272412800
1545,109,5.0,1223856000
1546,109,5.0,1199318400
1547,110,4.0,1405296000
1548,110,5.0,1324252800
1549,111,5.0,1296777600
1550,112,5.0,1391472000
1551,113,5.0,1289260800
1552,113,2.0,1355875200
1553,113,5.0,1351123200
1554,113,5.0,1185926400
1555,113,3.0,1395532800
1556,114,5.0,1393545600
1557,117,3.0,1193356800
1558,117,5.0,1167782400
1559,116,5.0,1284681600
1560,116,5.0,1264723200
1561,116,2.0,1268352000
1562,116,5.0,1223510400
1563,115,4.0,1265932800
1564,115,2.0,1303516800
1565,119,5.0,1152662400
1566,119,2.0,1185926400
1567,119,5.0,1261699200
1568,119,1.0,1260835200
1569,118,5.0,1181520000
1570,122,2.0,1394236800
1571,121,5.0,1270598400
1572,120,5.0,1242259200
1573,120,5.0,1264291200
1574,123,4.0,1329091200
1575,127,4.0,1384732800
1576,127,5.0,1401235200
1577,127,4.0,1344988800
1578,127,5.0,1363910400
1579,127,5.0,1382313600
1580,127,5.0,1377302400
1581,127,5.0,1296950400
1582,127,5.0,1332288000
1583,127,5.0,1405036800
1584,127,5.0,1209168000
1585,127,5.0,1351296000
1586,127,5.0,1233964800
1587,127,4.0,1392076800
1588,127,5.0,1143504000
1589,127,4.0,1370995200
1590,127,5.0,1400457600
1591,127,5.0,1361059200
1592,127,3.0,1393113600
1593,127,2.0,1334102400
1594,127,5.0,1322956800
1595,127,5.0,1183680000
1596,127,5.0,1142553600
1597,127,5.0,1119744000
1598,127,5.0,1332547200
1599,127,5.0,1389312000
1600,127,5.0,1319068800
1601,127,5.0,1364169600
1602,127,5.0,1372464000
1603,127,5.0,1365379200
1604,127,4.0,1383955200
1605,127,5.0,1128211200
1606,127,5.0,1331596800
1607,127,5.0,1383436800
1608,127,5.0,1398988800
1609,127,4.0,1360108800
1610,127,4.0,1299283200
1611,127,5.0,1383696000
1612,127,5.0,1327622400
1613,127,5.0,1374710400
1614,127,5.0,1399161600
1615,127,5.0,1245369600
1193,127,5.0,1375142400
1616,127,5.0,1235174400
1617,127,5.0,1386028800
1618,127,5.0,1339891200
1619,127,5.0,1403568000
1620,127,5.0,1376265600
1621,127,2.0,1393286400
1622,127,5.0,1321228800
1623,127,5.0,1335484800
1624,127,5.0,1314230400
1625,127,5.0,1378166400
1626,127,5.0,1325808000
1627,127,5.0,1384819200
1628,127,5.0,1385251200
1629,127,5.0,1397174400
1630,127,5.0,1390003200
1631,127,5.0,1370822400
1632,127,5.0,1295308800
1633,127,5.0,1351468800
1634,127,5.0,1328140800
1635,127,5.0,1351987200
1636,127,5.0,1216771200
1637,127,4.0,1378339200
1638,127,5.0,1138233600
1639,127,5.0,1401408000
1640,127,5.0,1341878400
1641,127,5.0,1362700800
1642,127,5.0,1354406400
1643,127,5.0,1377993600
1644,127,5.0,1339545600
1645,127,5.0,1252886400
1646,127,1.0,1354579200
1647,127,5.0,1200009600
1648,127,5.0,1360886400
1649,127,3.0,1329436800
1650,127,5.0,1359158400
1651,127,5.0,1355270400
1652,127,5.0,1316131200
1653,127,3.0,1404345600
1654,127,5.0,1354492800
1655,127,2.0,1391558400
1656,127,5.0,1314057600
1657,127,5.0,1261872000
1658,127,5.0,1393804800
1659,127,5.0,1353974400
1660,127,3.0,1364256000
1661,127,5.0,1380844800
1662,124,5.0,1175126400
1663,124,5.0,1278806400
1664,124,5.0,1227916800
1665,124,5.0,1109376000
1666,124,5.0,1166918400
1667,124,4.0,1171497600
1668,124,5.0,1211587200
1669,124,5.0,1260748800
1670,124,5.0,1213920000
1671,124,5.0,1142467200
1672,124,5.0,1169769600
1673,124,5.0,1096588800
1674,124,5.0,1133308800
1675,124,5.0,1120348800
1676,124,5.0,1203724800
1677,124,5.0,1206662400
1678,126,5.0,1163376000
1679,126,4.0,1168473600
1680,126,5.0,1210636800
1681,126,4.0,1083888000
1682,126,5.0,1228780800
1683,126,5.0,1114214400
1684,126,5.0,1185667200
1685,126,5.0,1115164800
1686,126,2.0,1276300800
1675,126,5.0,1121731200
13,126,5.0,1114041600
1687,125,5.0,1198886400
1688,125,5.0,1286928000
1689,125,5.0,1144454400
1690,125,5.0,1149379200
1691,125,4.0,1223510400
1692,125,4.0,1263945600
1693,125,5.0,1156291200
1694,125,5.0,1123113600
1695,125,3.0,1086134400
1696,125,5.0,1187222400
1697,125,5.0,1210464000
1698,125,5.0,1240876800
1699,125,3.0,1092614400
1700,125,5.0,1227398400
1701,125,1.0,1266105600
1702,125,5.0,1250812800
1703,125,5.0,1190851200
1704,125,4.0,1200355200
1705,125,4.0,1170547200
1706,125,4.0,1130716800
1707,125,5.0,1108425600
1708,125,5.0,1138320000
1709,125,5.0,1235520000
1710,125,5.0,1263513600
1711,125,5.0,1271548800
1712,125,5.0,1101686400
1713,125,5.0,1324339200
1714,125,5.0,1179619200
1715,125,4.0,1149638400
1716,125,5.0,1248825600
123,125,5.0,1222300800
1717,125,5.0,1195171200
1718,125,5.0,1279756800
1719,125,4.0,1136851200
1720,125,5.0,1224979200
1721,125,5.0,1109721600
1722,125,5.0,1141516800
1723,125,4.0,1112054400
1724,125,3.0,1146614400
1725,125,5.0,1175126400
1726,125,5.0,1121212800
1727,125,5.0,1190505600
1728,125,5.0,1091750400
1729,125,5.0,1260489600
1730,125,5.0,1185840000
1731,130,3.0,1162512000
1732,128,4.0,1104537600
1733,128,4.0,1329177600
1734,129,5.0,1299024000
1735,133,2.0,1276992000
1681,134,4.0,1085270400
1736,132,5.0,1268697600
1737,132,4.0,1273968000
1738,132,3.0,1185580800
1739,135,5.0,1277510400
1740,131,5.0,1290297600
1741,136,3.0,1181520000
1742,136,5.0,1151625600
1743,137,5.0,1193184000
1744,138,5.0,1335139200
1745,141,4.0,1181001600
1746,141,4.0,1165449600
1678,141,5.0,1163289600
1747,141,5.0,1183334400
1748,141,5.0,1142380800
1749,141,4.0,1083888000
1750,141,5.0,1162425600
1751,141,5.0,1091836800
1752,141,2.0,1099872000
1753,141,3.0,1191974400
1754,141,5.0,1116892800
1755,141,5.0,1136937600
1118,141,4.0,1158192000
1756,141,2.0,1169769600
1757,141,4.0,1098662400
1758,141,5.0,1199664000
1759,141,5.0,1099699200
1760,141,5.0,1159920000
899,141,5.0,1148169600
1761,141,5.0,1118448000
1762,141,3.0,1091750400
1763,141,5.0,1084320000
1764,141,2.0,1172188800
1765,141,5.0,1122768000
1766,141,4.0,1161561600
1767,141,5.0,1114560000
1768,141,5.0,1100476800
1769,141,5.0,1201392000
1770,139,1.0,1135987200
1771,139,5.0,1185408000
1772,139,5.0,1154304000
1773,139,5.0,1167091200
1774,139,5.0,1160265600
1775,139,2.0,1183852800
1776,139,5.0,1140220800
1777,143,5.0,1087603200
1778,143,5.0,1178150400
1779,143,5.0,1185062400
1780,143,5.0,1167955200
1748,143,5.0,1179187200
1781,143,3.0,1308355200
1782,143,4.0,1185667200
1783,143,1.0,1243814400
1784,143,4.0,1170547200
1785,143,4.0,1300406400
1786,143,5.0,1242172800
1787,143,5.0,1303257600
1770,143,2.0,1160697600
1788,143,5.0,1145491200
1789,143,5.0,1310428800
1790,143,4.0,1143072000
1791,143,5.0,1158019200
1792,143,5.0,1139961600
1793,143,3.0,1203292800
1794,143,2.0,1178496000
1795,143,3.0,1090886400
1796,143,5.0,1168560000
1797,143,2.0,1245888000
1798,143,1.0,1111622400
1799,143,5.0,1145491200
1755,143,5.0,1137456000
1118,143,5.0,1157932800
1800,143,4.0,1125100800
1801,143,5.0,1394064000
1802,143,4.0,1187913600
1803,143,5.0,1185753600
1804,143,5.0,1279152000
1805,143,4.0,1178928000
1806,143,3.0,1166745600
1807,143,3.0,1185926400
1808,143,1.0,1255996800
1809,143,5.0,1189209600
1810,143,5.0,1126828800
1811,143,4.0,1385856000
1812,143,5.0,1235088000
1813,143,5.0,1198454400
1814,143,3.0,1091491200
1815,143,5.0,1105747200
1816,143,3.0,1191456000
1817,143,5.0,1098921600
67,143,5.0,1209254400
1818,143,4.0,1179187200
1819,143,1.0,1181260800
1766,143,2.0,1161561600
1820,143,5.0,1104537600
1821,143,5.0,1240012800
1822,143,5.0,1391385600
1823,143,4.0,1235952000
1824,143,2.0,1158451200
1825,143,5.0,1394668800
1826,143,5.0,1187136000
1827,144,5.0,1153180800
1784,144,5.0,1178755200
1679,144,5.0,1168041600
1760,144,5.0,1169251200
1762,144,4.0,1091664000
1828,144,5.0,1175644800
1829,144,5.0,1163030400
1830,146,5.0,1108857600
1831,146,5.0,1171238400
1832,142,5.0,1199491200
1833,142,5.0,1087430400
1792,142,5.0,1140048000
1834,142,5.0,1165536000
1835,142,5.0,1200960000
1836,142,3.0,1169769600
1837,142,3.0,1199836800
1838,142,4.0,1170892800
1839,140,5.0,1201305600
1751,140,2.0,1091836800
1840,140,3.0,1153872000
1841,140,3.0,1151107200
1748,145,5.0,1179273600
1842,145,5.0,1142553600
1843,145,5.0,1167782400
1844,145,3.0,1199232000
1845,145,5.0,1123804800
1846,147,5.0,1320710400
1847,147,5.0,1267142400
1848,148,5.0,1377648000
1849,149,5.0,1355961600
1681,150,5.0,1119571200
1850,151,5.0,1142553600
67,151,5.0,1142208000
1851,152,5.0,1287100800
1852,152,5.0,1287187200
1853,152,5.0,1392854400
1854,152,5.0,1291161600
1855,152,5.0,1222819200
1856,152,5.0,1389484800
1857,152,5.0,1326326400
1858,153,5.0,1207958400
1859,153,3.0,1252713600
1860,157,5.0,1295568000
1861,157,1.0,1289779200
1862,155,1.0,1288483200
1863,155,5.0,1256860800
1864,155,1.0,1262044800
1865,155,5.0,1264723200
1866,155,5.0,1255219200
1867,155,5.0,1258588800
1868,155,5.0,1094860800
1869,155,1.0,1256256000
1870,155,5.0,1265241600
1871,155,5.0,1272844800
1872,155,5.0,1276646400
1873,158,5.0,1226448000
1874,158,4.0,1150675200
1875,158,5.0,1256601600
1876,156,3.0,1261958400
1877,156,5.0,1276300800
1878,156,5.0,1256688000
1879,156,1.0,1259366400
1880,156,5.0,1271289600
1881,156,5.0,1250812800
1882,154,5.0,1259020800
1883,159,5.0,1090540800
1884,159,5.0,1201046400
1885,159,1.0,1199232000
1886,159,4.0,1152662400
1887,161,5.0,1293062400
1888,160,1.0,1393718400
1889,160,1.0,1097884800
1890,160,1.0,1113177600
1891,162,5.0,1155859200
1892,163,5.0,1325548800
1893,164,4.0,1101427200
1894,164,5.0,1247702400
1895,165,5.0,1346803200
1896,166,5.0,1169510400
1897,166,5.0,1204156800
1898,169,5.0,1141257600
1899,167,5.0,1143244800
1900,175,5.0,1089158400
1901,175,5.0,1146355200
1902,170,4.0,1171411200
1903,170,5.0,1092528000
1904,168,5.0,1168300800
1905,173,5.0,1200614400
1906,171,5.0,1147737600
1126,178,4.0,1145491200
1907,174,5.0,1222992000
67,172,5.0,1085356800
1908,176,5.0,1193788800
67,177,5.0,1085356800
1909,179,5.0,1390435200
1910,179,5.0,1394755200
1911,179,5.0,1392768000
1912,179,3.0,1304121600
1913,179,5.0,1391644800
1914,179,3.0,1395792000
1915,179,2.0,1398729600
1916,179,5.0,1366156800
1917,179,5.0,1358121600
1918,179,5.0,1404086400
1919,179,4.0,1209772800
1920,179,5.0,1386806400
1921,179,5.0,1369353600
1922,179,5.0,1393372800
1923,179,5.0,1384300800
1924,179,2.0,1369785600
1925,179,5.0,1366675200
1926,179,4.0,1401148800
1927,179,4.0,1401062400
1928,179,2.0,1339977600
1929,179,5.0,1393113600
1930,179,5.0,1402617600
1931,179,5.0,1303862400
1932,179,4.0,1304380800
1933,179,3.0,1353024000
1934,179,5.0,1404172800
1935,179,4.0,1380844800
1936,179,5.0,1402790400
1937,179,5.0,1402012800
1938,179,3.0,1376956800
1939,179,5.0,1383091200
1940,179,5.0,1377561600
1941,179,5.0,1376611200
1942,179,5.0,1400630400
1943,179,5.0,1335139200
1944,179,4.0,1381536000
1945,179,1.0,1391299200
1946,179,5.0,1306540800
1947,179,5.0,1383436800
1948,179,5.0,1384646400
1949,179,5.0,1400889600
1950,179,4.0,1395532800
1951,179,5.0,1393545600
1952,179,5.0,1387411200
1953,179,5.0,1369094400
1954,179,5.0,1363046400
1955,179,1.0,1303344000
1956,179,4.0,1390521600
1957,179,4.0,1376179200
1958,179,5.0,1387238400
1959,179,5.0,1354060800
1960,179,4.0,1343520000
1961,179,1.0,1385769600
1962,179,3.0,1258416000
1963,179,5.0,1346803200
1964,179,1.0,1396828800
1965,179,5.0,1403740800
1966,179,4.0,1384300800
1967,179,5.0,1370822400
1968,179,2.0,1365638400
1969,179,3.0,1358294400
1970,179,5.0,1375401600
1971,179,5.0,1385769600
1972,179,5.0,1402099200
1973,179,5.0,1363046400
1974,179,4.0,1393027200
1975,179,5.0,1377129600
1976,179,4.0,1337558400
1977,179,5.0,1384819200
1978,180,5.0,1332201600
1979,180,5.0,1377820800
1980,180,5.0,1299888000
1981,180,2.0,1395446400
1982,180,5.0,1403481600
1983,180,5.0,1361232000
1984,180,5.0,1286409600
1985,180,5.0,1333065600
1986,180,4.0,1388793600
1987,180,5.0,1323302400
1988,180,5.0,1404172800
1989,180,5.0,1327190400
1990,180,5.0,1333238400
1991,180,5.0,1281312000
1992,180,5.0,1231027200
1993,180,5.0,1386547200
1994,180,5.0,1350864000
1995,180,3.0,1246838400
1996,180,5.0,1213920000
1997,180,5.0,1358985600
1998,180,5.0,1325721600
1999,180,5.0,1229990400
2000,180,4.0,1352246400
2001,180,5.0,1301961600
2002,180,1.0,1352246400
2003,180,5.0,1284768000
2004,180,1.0,1303603200
2005,180,5.0,1387152000
2006,180,5.0,1225497600
2007,180,3.0,1337212800
2008,180,5.0,1367884800
2009,180,5.0,1331424000
2010,182,5.0,1206057600
2011,182,5.0,1354233600
2012,181,5.0,1304985600
2013,184,5.0,1192838400
2014,184,1.0,1280534400
2015,184,5.0,1229212800
2016,184,5.0,1376092800
2017,184,5.0,1331942400
2018,184,5.0,1214438400
2019,184,5.0,1245024000
2020,184,4.0,1178928000
2021,184,5.0,1245888000
2022,184,5.0,1326240000
2023,184,5.0,1357776000
2024,184,4.0,1358208000
2025,184,4.0,1348876800
2026,184,5.0,1350518400
2027,183,5.0,1281657600
2028,183,1.0,1311552000
2029,183,5.0,1344470400
1852,183,5.0,1286841600
2030,183,5.0,1331596800
2031,183,4.0,1260576000
2032,183,1.0,1262995200
2033,183,5.0,1370131200
2034,183,5.0,1178668800
2035,183,4.0,1245542400
2036,183,5.0,1228348800
2037,183,4.0,1284076800
2038,183,5.0,1244073600
2039,183,5.0,1155686400
2040,183,5.0,1232323200
2041,183,4.0,1205884800
2042,183,5.0,1152057600
2043,183,5.0,1332892800
2044,183,5.0,1286064000
2045,183,5.0,1281312000
2046,183,4.0,1151452800
2047,183,5.0,1314748800
2048,183,5.0,1392422400
2049,183,5.0,1251417600
2050,183,5.0,1276992000
2051,183,5.0,1265760000
2052,183,5.0,1093305600
2053,183,5.0,1279584000
2054,183,5.0,1246838400
2055,183,5.0,1240531200
2056,183,5.0,1325548800
2057,183,3.0,1306886400
2058,183,5.0,1389571200
2059,183,5.0,1219017600
2060,183,5.0,1245542400
1138,183,4.0,1298937600
2061,183,4.0,1315440000
2062,183,4.0,1295222400
2063,183,3.0,1331510400
2064,183,5.0,1100131200
2065,185,5.0,1266451200
2066,186,5.0,1318896000
2067,186,3.0,1104019200
2068,186,5.0,1165363200
2069,187,2.0,1358035200
2070,188,5.0,1250121600
2071,189,4.0,1283040000
2072,190,5.0,1377734400
2073,192,1.0,1205884800
2074,191,5.0,1110326400
2075,193,5.0,1325548800
2076,193,5.0,1333670400
2077,193,5.0,1323907200
2078,193,4.0,1357776000
2079,193,5.0,1344902400
2080,193,5.0,1332979200
2081,193,5.0,1335398400
2082,193,4.0,1368057600
2083,193,5.0,1358985600
2084,193,5.0,1336003200
2085,194,5.0,1350000000
2086,195,5.0,1210204800
2087,196,4.0,1158537600
2088,197,1.0,1357171200
2089,197,2.0,1249257600
2090,197,5.0,1353369600
2091,197,1.0,1332547200
2092,198,5.0,1236556800
2093,199,5.0,1226880000
2094,204,5.0,1090886400
2095,200,3.0,1366416000
2096,200,4.0,1382572800
2097,201,5.0,1183852800
2098,203,5.0,1372636800
2099,203,1.0,1364774400
2100,203,1.0,1295740800
2101,202,5.0,1279238400
2102,206,4.0,1350604800
2103,206,5.0,1358208000
2104,206,3.0,1279152000
2105,206,1.0,1336953600
2106,206,5.0,1363305600
2107,206,3.0,1393372800
2108,206,5.0,1401667200
2109,206,5.0,1347753600
2110,206,4.0,1359504000
2111,206,5.0,1346630400
2112,206,1.0,1337731200
2113,206,4.0,1386115200
2114,206,5.0,1324857600
2115,206,5.0,1275868800
2116,206,5.0,1269648000
2117,206,4.0,1208563200
2118,206,5.0,1378252800
2119,206,5.0,1363305600
2120,206,5.0,1317427200
2121,206,5.0,1371772800
2122,206,3.0,1386201600
2123,206,4.0,1319760000
2124,206,4.0,1362009600
2125,206,3.0,1363824000
2126,206,5.0,1392336000
2127,206,5.0,1386201600
2128,206,5.0,1383004800
2129,206,3.0,1200441600
2130,206,5.0,1335744000
2131,206,5.0,1394928000
2132,206,5.0,1302825600
2133,206,5.0,1309305600
2134,206,4.0,1274745600
2135,206,4.0,1393804800
2136,206,4.0,1363824000
2137,206,4.0,1337385600
2138,206,5.0,1347667200
2139,206,4.0,1356134400
2140,206,4.0,1399766400
2141,206,5.0,1294444800
2142,206,5.0,1341964800
2143,206,2.0,1362441600
2144,206,5.0,1305244800
2145,206,4.0,1313712000
2146,206,5.0,1320192000
2147,206,5.0,1333584000
2148,206,2.0,1336953600
2149,206,5.0,1219708800
2150,206,5.0,1376092800
2151,206,5.0,1389052800
2152,206,5.0,1306972800
2153,206,3.0,1366156800
2154,206,5.0,1357344000
2155,206,5.0,1343779200
2156,206,5.0,1345852800
2157,206,3.0,1367280000
2158,206,5.0,1323043200
2159,206,4.0,1306972800
2160,206,1.0,1352160000
2161,206,2.0,1329350400
2162,206,5.0,1392249600
2163,206,1.0,1342828800
2164,206,5.0,1334707200
2165,206,3.0,1396742400
2166,206,4.0,1368403200
2167,206,4.0,1240876800
2168,206,3.0,1352764800
2169,206,5.0,1228435200
2170,206,3.0,1363910400
2171,206,4.0,1390780800
2172,206,5.0,1238889600
2173,206,5.0,1375056000
2174,206,4.0,1368576000
2175,206,5.0,1318032000
2176,206,5.0,1345161600
2177,206,4.0,1344470400
2178,206,5.0,1353542400
2179,206,4.0,1375315200
2180,206,5.0,1337731200
2181,206,4.0,1370304000
2182,206,2.0,1401321600
2183,206,5.0,1330214400
2184,206,5.0,1306368000
2185,206,5.0,1366848000
2186,206,4.0,1308614400
2187,206,1.0,1226275200
2188,206,2.0,1231200000
2189,206,5.0,1363996800
2190,206,2.0,1360713600
2191,206,5.0,1360886400
2192,206,5.0,1277251200
2193,206,5.0,1220400000
2194,206,5.0,1328832000
2195,206,5.0,1365552000
2196,206,4.0,1278979200
2197,206,5.0,1295654400
2198,206,5.0,1395964800
2199,206,5.0,1371945600
2200,206,5.0,1307923200
2201,206,5.0,1346371200
2202,206,5.0,1298505600
2203,206,2.0,1396742400
2204,206,5.0,1200960000
2205,206,5.0,1344988800
2206,206,4.0,1391558400
2207,206,5.0,1312761600
2208,206,5.0,1279497600
2209,206,4.0,1398816000
2210,206,1.0,1353974400
2211,206,4.0,1143072000
2212,206,4.0,1315785600
2213,206,4.0,1331164800
2214,206,5.0,1394064000
2215,206,4.0,1294704000
2216,206,5.0,1320364800
2217,206,4.0,1361836800
2218,206,5.0,1370908800
2219,206,5.0,1383955200
2220,206,5.0,1379721600
2221,206,5.0,1396137600
2222,206,5.0,1362787200
2223,206,5.0,1315353600
2224,206,5.0,1335225600
2225,206,4.0,1211846400
2226,206,3.0,1323907200
2227,206,5.0,1401235200
2228,206,4.0,1235088000
2229,206,4.0,1374969600
2230,206,5.0,1399248000
2231,206,2.0,1179100800
2232,206,3.0,1271289600
2233,206,5.0,1330214400
2234,206,5.0,1308182400
2235,206,4.0,1314144000
2236,206,5.0,1345075200
2237,206,5.0,1373846400
2238,206,5.0,1307836800
2239,206,5.0,1398902400
2240,206,5.0,1400976000
2241,206,4.0,1314316800
2242,206,5.0,1369353600
2243,206,5.0,1375401600
2244,206,4.0,1317427200
2245,206,5.0,1323734400
2246,206,3.0,1347753600
2247,206,5.0,1368576000
2248,206,5.0,1310428800
2249,206,5.0,1401235200
2250,206,2.0,1343865600
2251,206,1.0,1329955200
2252,206,5.0,1286496000
2253,206,5.0,1358208000
2254,206,5.0,1246665600
2255,206,5.0,1360454400
2256,206,5.0,1354752000
2257,206,5.0,1360800000
2258,206,2.0,1346976000
2259,206,4.0,1252281600
2260,206,5.0,1282262400
2261,206,2.0,1391040000
2262,206,4.0,1216598400
2263,206,5.0,1398988800
2264,206,5.0,1328313600
2265,206,5.0,1332633600
2266,206,5.0,1324598400
2267,206,4.0,1296950400
2268,206,3.0,1289692800
2269,206,4.0,1331769600
2270,206,5.0,1348012800
2271,206,4.0,1342742400
2272,206,5.0,1390694400
2273,206,3.0,1326931200
2274,206,5.0,1139529600
2275,206,4.0,1371686400
2276,206,1.0,1331251200
2277,206,5.0,1397952000
2278,206,5.0,1338768000
2279,206,5.0,1404518400
2280,206,4.0,1354665600
2281,206,3.0,1322179200
2282,206,4.0,1370476800
2283,206,5.0,1369526400
2284,206,5.0,1386547200
2285,206,5.0,1356825600
2286,206,4.0,1308355200
2287,206,5.0,1315785600
2288,206,4.0,1322265600
2289,206,5.0,1354579200
2290,206,4.0,1388188800
2291,206,5.0,1329782400
2292,206,3.0,1301097600
2293,206,5.0,1385769600
2294,206,5.0,1336176000
2295,206,3.0,1368403200
2296,206,5.0,1346889600
2297,206,4.0,1403136000
2298,206,5.0,1362614400
2299,206,2.0,1371427200
2300,206,5.0,1404345600
2301,206,5.0,1357257600
2302,206,4.0,1301011200
2303,206,5.0,1371686400
2304,206,4.0,1307059200
2305,206,5.0,1280966400
2306,206,5.0,1384387200
2307,206,1.0,1326326400
2308,206,4.0,1404345600
2309,206,5.0,1305936000
2310,206,5.0,1322524800
2311,206,1.0,1370304000
2312,206,5.0,1343001600
2313,206,5.0,1336348800
2314,206,4.0,1320105600
2315,206,2.0,1278547200
2316,206,5.0,1356652800
2317,206,5.0,1199577600
2318,206,5.0,1179187200
2319,206,5.0,1357516800
2320,206,5.0,1324944000
2321,206,5.0,1319760000
2322,206,5.0,1347580800
2323,206,4.0,1312329600
2324,206,5.0,1334534400
2325,206,1.0,1312416000
2326,206,5.0,1289347200
2327,206,1.0,1333843200
2328,206,2.0,1333238400
2329,206,4.0,1398643200
2330,206,5.0,1340150400
2331,206,5.0,1315094400
2332,206,5.0,1293667200
2333,206,5.0,1312761600
2334,205,5.0,1224892800
2335,205,5.0,1140652800
2336,205,4.0,1180310400
2337,208,5.0,1142035200
2338,207,5.0,1168300800
2337,207,5.0,1403654400
2339,209,4.0,1095379200
2340,210,5.0,1368230400
2341,210,5.0,1345680000
2342,210,2.0,1285977600
2343,210,1.0,1288137600
2344,211,1.0,1355788800
2345,211,5.0,1334620800
2346,211,3.0,1378771200
2347,211,1.0,1381708800
2348,211,5.0,1362528000
2349,211,5.0,1345075200
2350,211,4.0,1369872000
2351,211,3.0,1399507200
2352,211,5.0,1392595200
2353,211,4.0,1403827200
2354,211,1.0,1376611200
2355,211,5.0,1378512000
2356,211,5.0,1401408000
2357,211,2.0,1401840000
2358,211,5.0,1369872000
2359,211,4.0,1401667200
2360,211,4.0,1374710400
2361,211,1.0,1338768000
2362,212,5.0,1339459200
2363,213,3.0,1388966400
2364,213,1.0,1393372800
2365,213,5.0,1356566400
2366,213,5.0,1353456000
2367,213,4.0,1269907200
2368,213,4.0,1297296000
2369,213,3.0,1313884800
2370,213,4.0,1392681600
2371,213,5.0,1263945600
2372,214,4.0,1284768000
2373,215,5.0,1358467200
2374,215,5.0,1356825600
2375,216,5.0,1389657600
2376,216,5.0,1187568000
2377,216,5.0,1191888000
2378,217,5.0,1228694400
2379,218,5.0,1170720000
2380,218,4.0,1366848000
2381,218,3.0,1187049600
2382,219,1.0,1247184000
2383,220,3.0,1280361600
2384,221,5.0,1163030400
2385,221,5.0,1357344000
2386,221,5.0,1174435200
2387,222,5.0,1381708800
2388,222,5.0,1402099200
2389,222,5.0,1381622400
2390,222,5.0,1387324800
2391,222,5.0,1171238400
2392,223,4.0,1190592000
2393,225,5.0,1397606400
2394,224,1.0,1110326400
2395,224,1.0,1312416000
2396,224,1.0,1216684800
2397,224,3.0,1360108800
2398,227,5.0,1244851200
2399,226,1.0,1382400000
2400,226,4.0,1232496000
2401,229,1.0,1239580800
2402,229,4.0,1370390400
2403,228,5.0,1271462400
2404,228,5.0,1379462400
2405,230,1.0,1133222400
2406,231,5.0,1361059200
2407,231,5.0,1182816000
2408,232,5.0,1394841600
2409,233,5.0,1170720000
2410,235,5.0,1386892800
2411,235,5.0,1395187200
2412,235,5.0,1388707200
2413,235,5.0,1369180800
2414,234,5.0,1405900800
2415,234,3.0,1404172800
2416,234,3.0,1404777600
2417,234,3.0,1390089600
2418,234,5.0,1370390400
2419,234,5.0,1390867200
2420,234,5.0,1395187200
2421,234,3.0,1392163200
2422,234,1.0,1392940800
2423,234,5.0,1378339200
2424,234,4.0,1399939200
2425,234,3.0,1393200000
2426,234,5.0,1172102400
2427,234,5.0,1393200000
2428,236,5.0,1175472000
2429,237,4.0,1352764800
2430,238,5.0,1303948800
2431,238,5.0,1308614400
2432,239,5.0,1119484800
2433,240,1.0,1287878400
2434,241,4.0,1121904000
2435,242,5.0,1372896000
2436,243,2.0,1265846400
2437,243,4.0,1186963200
2438,243,5.0,1264636800
2439,243,5.0,1184976000
2440,244,5.0,1127952000
2441,245,5.0,1279497600
2442,245,5.0,1295049600
2443,245,3.0,1107734400
2444,246,2.0,1307318400
2445,246,5.0,1206662400
2446,246,5.0,1358899200
2447,247,1.0,1284422400
2448,247,5.0,1168300800
2449,247,5.0,1393891200
2450,247,4.0,1375574400
2451,247,5.0,1380672000
2452,248,4.0,1231977600
2453,249,5.0,1297728000
2454,249,3.0,1314748800
2455,249,5.0,1298937600
2456,249,5.0,1324080000
2457,249,5.0,1305504000
2458,250,4.0,1357430400
2459,250,4.0,1330041600
2460,250,4.0,1352678400
2461,250,5.0,1232150400
2462,250,5.0,1278374400
2463,250,5.0,1345075200
2464,250,5.0,1233100800
2465,251,5.0,1299369600
2466,251,5.0,1311033600
2467,252,5.0,1288396800
2468,253,5.0,1341792000
2469,254,4.0,1380844800
2470,255,5.0,1359849600
2471,256,5.0,1374710400
2472,256,5.0,1331251200
2473,256,4.0,1389398400
2474,256,5.0,1370044800
2475,256,5.0,1328313600
2476,256,5.0,1307491200
2477,256,5.0,1355097600
2478,256,2.0,1359158400
2479,256,4.0,1363651200
2480,256,5.0,1358121600
2481,256,5.0,1305849600
2482,256,4.0,1360195200
2483,256,5.0,1316304000
2484,256,5.0,1380672000
2485,256,5.0,1329264000
2486,256,5.0,1349654400
2487,256,5.0,1364860800
2488,256,5.0,1363305600
2489,256,5.0,1391817600
2490,256,5.0,1310342400
2491,256,3.0,1383091200
2492,256,5.0,1283817600
2493,256,4.0,1290816000
2494,256,5.0,1383264000
2495,256,5.0,1334620800
2496,256,5.0,1357603200
2497,256,5.0,1383609600
2498,256,4.0,1354924800
2499,256,5.0,1362528000
2500,256,4.0,1366156800
2501,256,5.0,1404691200
2502,256,5.0,1308960000
2503,256,5.0,1388361600
2504,256,5.0,1372377600
2505,256,5.0,1384560000
2506,256,5.0,1328227200
2507,256,3.0,1357430400
2508,256,5.0,1385510400
2509,256,5.0,1348272000
2510,258,5.0,1320192000
2511,258,3.0,1308441600
2512,258,1.0,1383436800
2513,258,5.0,1266969600
2514,258,1.0,1213574400
2515,257,5.0,1322697600
2516,257,5.0,1178928000
2517,259,5.0,1352592000
2518,259,5.0,1314921600
2519,259,5.0,1259020800
2520,259,5.0,1346889600
2521,259,5.0,1350691200
2522,259,1.0,1379548800
2523,259,5.0,1359590400
2524,259,5.0,1372118400
2525,259,2.0,1355097600
2526,259,5.0,1327104000
2527,259,5.0,1360540800
2528,259,5.0,1355616000
2529,259,4.0,1374019200
2530,259,5.0,1363046400
2531,259,5.0,1377907200
2532,259,5.0,1357257600
2533,259,5.0,1289779200
2534,259,5.0,1386028800
2535,259,5.0,1328745600
2536,259,5.0,1356393600
2537,259,5.0,1349481600
2538,259,5.0,1358467200
2539,259,5.0,1173657600
2540,259,5.0,1269907200
2541,259,5.0,1212537600
2542,259,5.0,1233792000
2543,259,5.0,1315440000
2544,259,5.0,1339891200
2545,259,5.0,1404950400
2546,259,5.0,1169424000
2547,259,5.0,1308787200
2548,259,5.0,1360713600
2549,259,5.0,1209427200
2550,259,5.0,1355097600
2551,259,5.0,1273968000
2552,259,5.0,1377129600
2553,259,1.0,1329264000
2554,259,5.0,1385337600
2555,259,5.0,1234656000
2556,259,5.0,1247270400
2557,259,5.0,1355270400
2558,259,4.0,1348444800
2559,259,1.0,1398816000
2560,259,1.0,1388188800
2561,259,5.0,1364428800
2562,259,5.0,1333843200
2563,259,5.0,1380931200
2564,259,5.0,1271203200
2565,259,5.0,1335571200
2566,259,5.0,1392163200
2567,259,5.0,1329177600
2568,259,2.0,1353024000
2569,259,5.0,1361232000
2570,259,5.0,1342310400
2571,259,5.0,1380844800
2572,259,5.0,1272326400
2573,259,4.0,1344729600
2574,259,2.0,1373846400
2575,259,4.0,1285372800
2576,259,4.0,1362009600
2577,259,5.0,1352332800
107,259,5.0,1342656000
2578,259,5.0,1386374400
2579,259,5.0,1321747200
2580,259,5.0,1289692800
2581,259,5.0,1306972800
2582,259,5.0,1375747200
2583,259,5.0,1178928000
2584,259,5.0,1354752000
2585,259,4.0,1262822400
2586,259,5.0,1353542400
2587,259,5.0,1366934400
2588,259,5.0,1278028800
2589,259,5.0,1355788800
2590,259,5.0,1348444800
2591,259,4.0,1363824000
2592,259,5.0,1305936000
2593,259,5.0,1365120000
2594,259,5.0,1264464000
2595,259,5.0,1328227200
2596,259,5.0,1268352000
2597,259,5.0,1330732800
2598,259,5.0,1251244800
2599,259,3.0,1293321600
2600,259,5.0,1217635200
2601,259,5.0,1209081600
2602,259,5.0,1402531200
2603,259,5.0,1273881600
2604,259,5.0,1361232000
2605,259,5.0,1329091200
2606,259,5.0,1194998400
2607,259,1.0,1387670400
2608,259,5.0,1296345600
2609,259,5.0,1353888000
2610,259,5.0,1355788800
2611,259,5.0,1338940800
2612,259,5.0,1377475200
2613,259,5.0,1325030400
2614,259,5.0,1357862400
2615,259,5.0,1359936000
2616,259,5.0,1316908800
2617,259,4.0,1393545600
2618,259,5.0,1355788800
2619,259,5.0,1327536000
2620,259,5.0,1361923200
2621,259,5.0,1173830400
2622,259,3.0,1344470400
2623,259,5.0,1374624000
2624,259,5.0,1359849600
2625,259,5.0,1201392000
2626,259,5.0,1356393600
2627,259,5.0,1205539200
2628,259,5.0,1270771200
2629,259,5.0,1352678400
2630,259,5.0,1378684800
2631,259,5.0,1358899200
2632,259,5.0,1383609600
2633,259,5.0,1395532800
2634,259,4.0,1389052800
2635,259,5.0,1385683200
2636,259,5.0,1403827200
2637,259,5.0,1361577600
2638,259,5.0,1380326400
2639,259,5.0,1302998400
2640,259,5.0,1339200000
2641,260,2.0,1264464000
2642,262,5.0,1357171200
2643,262,5.0,1364428800
2644,262,5.0,1357344000
2645,262,4.0,1371427200
2646,262,5.0,1376524800
2647,262,5.0,1349136000
2648,262,5.0,1375488000
2649,262,5.0,1346889600
2650,261,3.0,1229212800
2651,261,4.0,1237593600
2652,261,5.0,1326585600
2653,261,4.0,1336780800
2654,261,5.0,1293321600
2655,261,4.0,1247356800
2656,261,5.0,1356134400
2657,261,5.0,1335830400
2658,261,4.0,1335744000
2659,261,5.0,1327622400
2660,261,5.0,1248912000
2661,261,5.0,1175040000
2662,265,3.0,1277337600
2663,263,4.0,1348531200
2664,264,5.0,1269129600
2665,266,5.0,1378080000
2666,266,5.0,1346630400
2667,270,1.0,1197158400
2668,270,5.0,1357516800
2669,270,5.0,1193184000
2670,270,5.0,1366156800
2671,267,5.0,1357689600
2672,267,5.0,1377388800
2673,267,1.0,1355616000
2674,268,5.0,1316822400
2675,269,4.0,1330387200
2676,269,5.0,1376870400
2677,269,3.0,1223856000
2678,269,5.0,1401840000
2679,271,5.0,1326672000
2680,272,5.0,1367798400
2681,273,4.0,1355788800
2682,273,5.0,1397174400
2683,273,5.0,1256515200
2684,273,1.0,1377388800
2685,273,5.0,1374105600
2686,275,5.0,1364688000
2687,275,5.0,1349222400
2688,275,5.0,1336953600
2689,274,5.0,1361577600
2690,276,5.0,1348876800
2691,276,5.0,1355616000
2692,276,1.0,1375488000
2693,276,5.0,1359504000
2694,276,5.0,1326499200
2695,276,5.0,1402617600
2696,276,5.0,1337558400
2697,276,5.0,1276300800
2698,276,3.0,1345939200
2699,276,5.0,1343865600
2700,276,5.0,1187827200
2701,276,5.0,1404172800
2702,276,5.0,1324857600
2703,276,5.0,1338422400
2704,276,4.0,1342051200
2705,276,5.0,1328832000
2706,276,3.0,1340668800
2707,277,5.0,1311120000
2708,277,5.0,1321920000
2709,277,5.0,1329091200
2710,277,5.0,1403222400
2711,277,5.0,1320796800
2712,277,3.0,1389139200
2713,278,5.0,1284768000
2714,278,1.0,1274054400
2715,279,5.0,1202515200
2716,279,5.0,1331856000
2717,279,5.0,1357430400
2718,279,5.0,1325203200
2719,279,5.0,1308009600
2720,279,3.0,1244419200
2721,279,5.0,1247097600
2722,281,5.0,1405296000
2723,281,5.0,1400544000
2724,281,5.0,1351296000
2725,281,5.0,1359072000
2726,281,3.0,1377648000
2727,281,4.0,1392595200
2728,281,5.0,1361577600
2729,281,5.0,1364947200
2730,281,5.0,1376784000
2731,281,1.0,1396051200
2732,281,5.0,1377561600
2733,281,4.0,1375660800
2734,281,5.0,1388361600
2735,281,5.0,1395705600
2736,281,4.0,1328572800
2737,281,5.0,1359590400
2738,281,4.0,1331510400
2739,281,5.0,1354406400
2740,281,5.0,1209340800
2741,281,4.0,1357171200
2742,281,5.0,1402876800
2743,281,4.0,1365811200
2744,280,3.0,1169164800
2745,282,1.0,1152835200
2746,283,5.0,1291075200
2747,284,5.0,1252713600
2748,284,5.0,1375488000
2749,284,4.0,1355270400
2750,284,4.0,1361232000
2751,284,5.0,1360108800
2752,284,5.0,1355356800
2753,284,5.0,1371340800
2754,284,5.0,1357776000
2755,284,5.0,1363392000
2756,284,5.0,1356652800
2757,284,5.0,1315785600
2758,284,5.0,1357344000
2759,284,5.0,1355184000
2760,284,5.0,1378771200
2761,284,4.0,1356307200
2762,284,5.0,1398297600
2763,284,5.0,1400457600
2764,284,5.0,1352332800
2765,284,5.0,1392681600
2766,284,5.0,1377388800
2767,284,1.0,1386201600
2768,284,5.0,1360713600
2769,284,5.0,1288742400
2770,284,5.0,1355616000
2771,284,5.0,1294790400
2772,284,5.0,1389312000
2773,284,4.0,1319760000
2774,284,5.0,1404432000
2775,284,5.0,1354492800
2776,284,5.0,1402704000
2777,284,5.0,1395878400
2778,284,5.0,1365552000
2779,284,5.0,1364774400
2780,284,5.0,1400976000
2781,284,5.0,1341878400
2782,284,5.0,1376352000
2783,284,5.0,1379030400
2784,284,5.0,1370044800
2785,284,4.0,1357171200
2786,284,5.0,1373760000
2787,284,5.0,1374624000
2788,284,5.0,1366243200
2789,284,5.0,1347148800
2790,284,5.0,1355184000
2791,284,5.0,1318896000
2792,284,5.0,1354406400
2793,284,5.0,1344211200
2794,285,3.0,1391299200
2795,285,5.0,1375920000
2796,286,5.0,1405209600
2797,287,3.0,1226188800
2798,288,5.0,1362182400
2799,288,4.0,1364256000
2800,288,5.0,1380672000
2801,288,2.0,1372291200
2802,289,4.0,1355961600
2803,289,4.0,1402099200
2804,289,4.0,1367107200
2805,289,1.0,1326412800
2806,289,5.0,1230768000
2807,289,5.0,1309996800
2808,289,4.0,1387756800
2809,289,5.0,1377820800
2810,289,5.0,1365465600
2811,289,5.0,1187136000
2812,289,5.0,1253664000
2813,289,5.0,1355184000
2814,289,5.0,1391990400
2815,289,2.0,1364774400
2816,289,2.0,1317772800
2817,289,5.0,1348358400
2818,289,1.0,1365379200
2819,289,5.0,1396915200
2820,289,1.0,1186272000
2821,289,5.0,1404950400
2822,289,5.0,1342915200
2823,289,3.0,1339027200
2824,290,5.0,1300579200
2825,291,5.0,1301529600
2826,292,5.0,1140480000
2827,293,4.0,1364688000
2828,293,5.0,1283817600
1318,293,5.0,1365033600
2829,293,5.0,1327276800
2830,293,5.0,1331251200
2831,293,4.0,1344211200
2832,293,5.0,1353024000
2833,293,4.0,1356652800
2834,293,5.0,1357862400
2835,293,2.0,1308700800
2836,293,2.0,1250380800
2837,293,1.0,1325376000
2838,293,2.0,1394409600
2839,293,4.0,1372118400
2840,293,5.0,1303344000
2841,293,5.0,1385856000
2842,293,1.0,1393113600
2843,293,5.0,1377734400
2844,293,5.0,1403654400
2845,293,5.0,1306800000
2846,293,5.0,1394755200
2847,293,5.0,1396396800
2848,293,5.0,1337644800
2849,293,5.0,1375401600
2850,293,4.0,1389052800
2851,293,5.0,1390435200
2852,293,5.0,1363910400
2853,293,2.0,1404691200
2854,293,5.0,1291420800
2855,293,5.0,1404000000
2856,293,5.0,1358294400
2857,293,5.0,1350000000
2858,293,5.0,1364774400
1311,293,3.0,1392336000
2859,293,5.0,1391731200
2860,293,5.0,1332374400
2861,293,4.0,1365292800
2862,293,5.0,1370217600
2863,294,2.0,1378857600
2864,295,1.0,1191110400
2865,296,2.0,1347235200
2866,296,1.0,1378080000
2867,296,5.0,1384214400
2868,297,3.0,1231718400
2869,297,2.0,1269216000
2870,297,2.0,1149984000
2871,298,5.0,1344729600
2872,298,5.0,1307750400
2873,298,5.0,1403654400
2874,298,5.0,1266192000
2875,298,5.0,1304899200
67,298,5.0,1157500800
2876,300,5.0,1107475200
2877,299,5.0,1106438400
2878,299,5.0,1151452800
2879,299,5.0,1166313600
2880,301,5.0,1105056000
2881,301,5.0,1242604800
2882,301,5.0,1105056000
2883,301,5.0,1304553600
2884,301,5.0,1181347200
2885,301,5.0,1249862400
2886,301,5.0,1388707200
2887,301,5.0,1105920000
2888,301,5.0,1303257600
2889,301,5.0,1359676800
2890,301,5.0,1345680000
2891,301,2.0,1310860800
2892,301,5.0,1105315200
2893,301,4.0,1178928000
2894,301,5.0,1245110400
2895,301,3.0,1202428800
2896,301,4.0,1152489600
2897,301,4.0,1224806400
2898,301,5.0,1116460800
2899,301,5.0,1105056000
2900,302,5.0,1364428800
2901,303,5.0,1387670400
2902,303,4.0,1394841600
2903,303,3.0,1314921600
2904,303,1.0,1361577600
2905,304,5.0,1262908800
2906,305,4.0,1251849600
2907,305,1.0,1168473600
2908,306,5.0,1373673600
2909,306,5.0,1358812800
2910,306,2.0,1377043200
2911,307,2.0,1259625600
2912,307,5.0,1207699200
2913,307,3.0,1236297600
2914,308,5.0,1208131200
2915,308,5.0,1240012800
2916,308,5.0,1231545600
2917,308,5.0,1252368000
2918,309,1.0,1282780800
2919,310,5.0,1123459200
2920,311,3.0,1366329600
2921,311,1.0,1374451200
2922,311,1.0,1372636800
2923,311,5.0,1338249600
2924,311,5.0,1359244800
2925,311,5.0,1392940800
2926,311,5.0,1356825600
2927,311,5.0,1278806400
2928,311,5.0,1229558400
2929,311,1.0,1354060800
2930,311,4.0,1368403200
2931,311,5.0,1324339200
2932,311,5.0,1254700800
2933,311,5.0,1308268800
2934,311,5.0,1318982400
2935,311,4.0,1298678400
2936,311,4.0,1248566400
2937,311,4.0,1302220800
2938,311,3.0,1303084800
2939,311,2.0,1373500800
2940,311,4.0,1266451200
2941,311,3.0,1372291200
2942,311,1.0,1390521600
2943,311,5.0,1337126400
2944,311,4.0,1346112000
2945,311,5.0,1154131200
2946,311,5.0,1340928000
2947,311,5.0,1326499200
2948,311,4.0,1222646400
2949,311,5.0,1347408000
2950,311,5.0,1366588800
2951,311,5.0,1375142400
2952,311,3.0,1261526400
2953,311,5.0,1342828800
2954,311,1.0,1308355200
2955,311,3.0,1308960000
2956,311,4.0,1323043200
2957,311,2.0,1363392000
2958,311,5.0,1334188800
2959,311,5.0,1301270400
2960,311,1.0,1311379200
2961,311,2.0,1364169600
2962,311,5.0,1401667200
2963,311,5.0,1355443200
2964,311,5.0,1313452800
2965,311,5.0,1377907200
2966,311,4.0,1303257600
2967,311,3.0,1264636800
2968,311,4.0,1259539200
2969,311,4.0,1325462400
2970,311,5.0,1364515200
2971,311,5.0,1323129600
2972,311,1.0,1313971200
2973,311,3.0,1253491200
2974,311,5.0,1244419200
2975,311,5.0,1315872000
2976,311,5.0,1370822400
2977,311,3.0,1259020800
2978,311,5.0,1384041600
2979,311,1.0,1326585600
2980,311,4.0,1348876800
2981,311,4.0,1394323200
2982,311,5.0,1150156800
2983,311,2.0,1394496000
2984,311,5.0,1342656000
2985,311,5.0,1356048000
2986,311,5.0,1327190400
2987,311,5.0,1337040000
2988,311,5.0,1373500800
2989,311,2.0,1339804800
2990,311,5.0,1398988800
2991,311,5.0,1332892800
2992,311,4.0,1359331200
2993,311,4.0,1324425600
2994,311,1.0,1363910400
2995,311,4.0,1386547200
2996,311,5.0,1223164800
2997,311,4.0,1302566400
2998,311,1.0,1302825600
2999,311,5.0,1403222400
3000,311,5.0,1317945600
3001,311,3.0,1236816000
3002,311,5.0,1362268800
3003,311,3.0,1334966400
3004,311,5.0,1310083200
3005,311,3.0,1263513600
3006,311,5.0,1306886400
3007,311,5.0,1350777600
3008,311,5.0,1273622400
3009,311,5.0,1298937600
3010,311,5.0,1355356800
3011,311,3.0,1403481600
3012,311,5.0,1183507200
3013,311,5.0,1187740800
3014,311,4.0,1376092800
3015,311,5.0,1323993600
3016,311,5.0,1268006400
3017,311,5.0,1377475200
3018,311,5.0,1314230400
3019,311,5.0,1237420800
3020,311,5.0,1293840000
3021,311,5.0,1235433600
3022,311,4.0,1334188800
3023,311,1.0,1327449600
3024,311,1.0,1338422400
3025,311,5.0,1316476800
3026,311,2.0,1197676800
3027,311,5.0,1234051200
3028,311,2.0,1352505600
3029,311,5.0,1281657600
3030,311,5.0,1296000000
3031,311,3.0,1361404800
3032,311,5.0,1243987200
3033,311,5.0,1365638400
3034,311,5.0,1357862400
3035,311,3.0,1260662400
3036,311,4.0,1365465600
3037,311,5.0,1397174400
3038,311,3.0,1307577600
3039,311,4.0,1306195200
3040,311,5.0,1302220800
3041,311,5.0,1339372800
3042,311,3.0,1271116800
3043,311,5.0,1275523200
3044,311,4.0,1295827200
3045,311,1.0,1256169600
3046,311,4.0,1280448000
3047,311,5.0,1382659200
3048,311,5.0,1387670400
3049,311,1.0,1365465600
3050,311,5.0,1404086400
3051,311,5.0,1366675200
3052,311,5.0,1384473600
3053,311,4.0,1289260800
3054,311,5.0,1236038400
3055,311,4.0,1267747200
3056,311,5.0,1298332800
3057,311,5.0,1366588800
3058,311,5.0,1346112000
3059,311,3.0,1374278400
3060,311,5.0,1371859200
3061,311,5.0,1295913600
3062,311,5.0,1299628800
3063,311,5.0,1243728000
3064,311,5.0,1245715200
3065,311,5.0,1389657600
3066,311,5.0,1317859200
3067,311,5.0,1322438400
3068,311,1.0,1238976000
3069,311,2.0,1381190400
3070,311,2.0,1394755200
3071,311,3.0,1391817600
3072,311,1.0,1251244800
3073,311,1.0,1310860800
3074,311,5.0,1400976000
3075,311,2.0,1292630400
3076,311,2.0,1351900800
393,311,5.0,1333152000
3077,311,5.0,1398729600
3078,311,5.0,1381622400
3079,311,5.0,1331251200
3080,311,3.0,1270512000
3081,311,4.0,1291939200
3082,311,5.0,1317859200
3083,311,5.0,1360195200
3084,311,5.0,1339718400
3085,311,5.0,1243555200
3086,311,5.0,1337472000
3087,311,2.0,1254787200
3088,311,4.0,1386115200
3089,311,4.0,1342396800
3090,311,5.0,1292716800
3091,311,5.0,1274832000
3092,311,5.0,1281398400
3093,311,1.0,1237507200
3094,311,4.0,1389916800
3095,311,5.0,1295222400
3096,311,4.0,1326758400
3097,311,5.0,1275177600
3098,311,3.0,1396396800
3099,311,2.0,1338595200
3100,311,5.0,1274659200
3101,311,5.0,1290124800
3102,311,4.0,1385683200
3103,311,5.0,1388620800
3104,311,5.0,1313884800
3105,311,5.0,1286236800
3106,311,2.0,1378166400
3107,311,5.0,1377129600
3108,311,3.0,1341878400
3109,311,5.0,1400198400
3110,311,3.0,1342051200
3111,311,4.0,1290902400
3112,311,1.0,1397001600
3113,311,5.0,1384905600
3114,311,5.0,1358380800
3115,311,1.0,1352073600
3116,311,5.0,1340236800
3117,311,4.0,1358294400
3118,311,5.0,1397001600
3119,311,5.0,1360713600
3120,311,5.0,1395187200
3121,311,1.0,1282003200
3122,311,5.0,1355097600
3123,311,5.0,1227225600
3124,311,1.0,1252627200
3125,311,4.0,1358553600
3126,311,5.0,1402531200
3127,311,1.0,1315612800
3128,311,5.0,1286236800
3129,311,5.0,1298246400
3130,311,5.0,1386806400
3131,311,4.0,1378598400
3132,311,4.0,1313020800
3133,311,1.0,1320710400
3134,311,5.0,1285027200
3135,311,5.0,1281052800
3136,311,5.0,1311638400
3137,311,1.0,1350950400
3138,311,1.0,1364169600
3139,311,5.0,1389484800
3140,311,2.0,1386633600
3141,311,2.0,1289433600
3142,311,3.0,1394668800
3143,311,2.0,1288569600
3144,311,5.0,1301788800
3145,311,3.0,1322870400
3146,311,5.0,1306108800
3147,311,2.0,1326758400
3148,311,4.0,1324944000
3149,311,2.0,1269648000
3150,311,5.0,1349308800
3151,311,5.0,1307404800
3152,311,1.0,1344384000
3153,311,5.0,1328572800
3154,311,2.0,1295827200
3155,311,1.0,1204329600
3156,311,5.0,1374192000
3157,311,2.0,1292457600
3158,311,3.0,1308614400
3159,311,4.0,1323907200
3160,311,3.0,1237507200
3161,311,3.0,1253664000
3162,311,1.0,1328227200
3163,311,4.0,1243296000
3164,311,2.0,1360108800
3165,311,4.0,1381708800
3166,311,4.0,1317686400
3167,311,2.0,1360540800
3168,311,5.0,1304467200
3169,311,5.0,1356048000
3170,311,5.0,1377302400
3171,311,5.0,1283212800
3172,311,5.0,1272412800
3173,311,5.0,1398384000
3174,311,1.0,1261526400
3175,311,5.0,1328140800
3176,311,4.0,1312416000
3177,311,5.0,1266969600
3178,311,2.0,1353542400
3179,311,5.0,1319760000
3180,311,4.0,1202601600
3181,311,5.0,1308268800
3182,311,5.0,1358294400
3183,311,5.0,1300406400
3184,311,2.0,1267401600
3185,311,5.0,1383436800
3186,311,3.0,1266364800
3187,311,5.0,1250467200
3188,311,5.0,1294790400
3189,311,2.0,1282521600
3190,311,5.0,1327017600
3191,311,1.0,1362441600
3192,311,5.0,1261094400
3193,311,5.0,1313625600
3194,311,4.0,1387324800
3195,311,1.0,1327795200
3196,311,5.0,1252022400
3197,311,3.0,1318464000
3198,311,5.0,1369008000
3199,311,5.0,1283644800
3200,311,5.0,1295568000
3201,311,5.0,1361404800
3202,311,5.0,1385251200
3203,311,5.0,1357430400
3204,311,3.0,1317945600
3205,311,5.0,1388966400
3206,311,5.0,1332979200
3207,311,5.0,1356134400
3208,311,4.0,1332115200
3209,311,5.0,1232409600
3210,311,3.0,1314748800
3211,311,4.0,1227484800
3212,311,5.0,1334793600
3213,311,4.0,1318896000
3214,311,2.0,1149724800
3215,311,4.0,1341273600
3216,311,5.0,1384732800
3217,311,5.0,1392681600
3218,311,5.0,1249084800
3219,311,5.0,1335052800
3220,311,5.0,1397865600
3221,311,5.0,1374969600
3222,311,5.0,1384214400
3223,311,5.0,1321315200
3224,311,5.0,1219881600
3225,311,5.0,1300492800
3226,311,5.0,1209427200
3227,311,1.0,1390435200
3228,311,1.0,1385683200
3229,311,3.0,1376006400
3230,311,5.0,1234828800
3231,311,1.0,1334188800
3232,311,4.0,1252454400
3233,311,5.0,1295308800
3234,311,5.0,1351209600
3235,311,3.0,1294704000
3236,312,5.0,1405728000
3237,312,3.0,1382832000
3238,312,5.0,1319846400
3239,312,5.0,1350000000
3240,312,5.0,1400716800
3241,312,5.0,1373155200
3242,312,5.0,1355702400
3243,312,5.0,1370908800
3244,312,5.0,1318982400
3245,312,5.0,1335571200
3246,312,5.0,1338854400
3247,312,5.0,1383609600
3248,312,5.0,1374537600
3249,312,5.0,1399420800
3250,312,4.0,1182816000
3251,312,5.0,1357776000
3252,312,5.0,1391990400
3253,312,5.0,1380758400
3254,312,5.0,1403136000
3255,312,5.0,1304726400
3256,312,5.0,1366156800
3257,312,4.0,1383523200
3258,313,5.0,1249948800
3259,313,5.0,1244419200
3260,314,5.0,1354233600
3261,315,5.0,1377734400
3262,316,5.0,1241049600
3263,317,5.0,1216080000
3264,317,5.0,1180656000
3265,317,5.0,1378339200
3266,319,5.0,1163030400
3267,319,5.0,1202515200
3268,319,4.0,1215216000
3269,318,5.0,1170892800
3270,320,5.0,1376611200
3271,320,5.0,1379980800
3272,320,5.0,1114387200
3273,320,5.0,1396742400
3274,320,4.0,1312675200
3275,321,4.0,1113696000
3276,321,3.0,1167868800
3277,322,5.0,1390521600
3278,323,5.0,1149292800
3279,323,5.0,1139097600
3280,323,5.0,1142553600
3281,323,5.0,1180742400
3282,324,5.0,1316649600
3283,324,5.0,1281312000
3284,325,5.0,1229817600
3285,326,1.0,1156723200
3286,327,5.0,1173484800
3287,327,5.0,1207353600
3288,327,2.0,1170115200
3289,328,1.0,1227916800
3290,328,1.0,1217462400
3291,329,5.0,1229904000
3292,329,5.0,1178928000
3293,330,5.0,1178323200
3294,330,4.0,1367884800
3295,330,5.0,1158624000
3296,330,5.0,1272844800
3297,330,3.0,1308182400
3298,330,5.0,1258675200
3299,330,2.0,1273017600
3300,330,5.0,1234915200
3301,330,1.0,1351555200
3302,330,3.0,1289520000
3303,330,5.0,1370822400
3304,334,5.0,1291161600
3305,331,5.0,1215561600
3306,331,5.0,1238025600
3307,331,5.0,1245369600
3308,331,2.0,1378339200
3309,331,5.0,1239840000
3310,331,4.0,1237334400
3311,333,5.0,1118793600
3312,332,5.0,1325980800
3313,332,5.0,1358985600
3314,332,5.0,1376524800
67,332,5.0,1102723200
3315,335,1.0,1127347200
3316,336,5.0,1325116800
3317,336,1.0,1355961600
3318,336,5.0,1365811200
3319,336,5.0,1340582400
3320,336,5.0,1372032000
3321,336,5.0,1396224000
3322,336,5.0,1364083200
3323,336,5.0,1369267200
3324,336,4.0,1386115200
3325,336,5.0,1385510400
3326,336,2.0,1178496000
3327,336,5.0,1362528000
3328,336,5.0,1326240000
3329,336,5.0,1367280000
3330,336,4.0,1395619200
3331,336,4.0,1394582400
3332,336,4.0,1360195200
3333,336,5.0,1396742400
3334,336,5.0,1356912000
3335,336,5.0,1404000000
3336,336,5.0,1403222400
3337,336,5.0,1393804800
3338,336,5.0,1375056000
3339,336,5.0,1329436800
3340,336,5.0,1361923200
3341,336,5.0,1373414400
3342,336,5.0,1388016000
3343,336,5.0,1306022400
3344,336,2.0,1303084800
3345,336,3.0,1401840000
3346,336,5.0,1333238400
3347,336,5.0,1388361600
3348,336,5.0,1384819200
3349,336,5.0,1332288000
3350,336,5.0,1397520000
3351,336,5.0,1361318400
3352,336,5.0,1355529600
3353,336,5.0,1294185600
3354,336,1.0,1309824000
3355,336,5.0,1392422400
3356,336,5.0,1336521600
3357,336,5.0,1376870400
3358,336,5.0,1386633600
3359,336,4.0,1367971200
3360,336,5.0,1364169600
3361,336,5.0,1391904000
3362,336,5.0,1343001600
3363,336,5.0,1396396800
3364,336,3.0,1360454400
3365,336,5.0,1278460800
3366,336,5.0,1358035200
3367,336,5.0,1348617600
3368,336,5.0,1398038400
3369,336,5.0,1383609600
3370,336,5.0,1384732800
3371,337,3.0,1244937600
3372,337,5.0,1219363200
3373,338,5.0,1255996800
3374,339,5.0,1367193600
3375,340,1.0,1368748800
3376,340,5.0,1387152000
3377,340,4.0,1371513600
3378,340,3.0,1382227200
3379,341,5.0,1356566400
3380,343,5.0,1166745600
3381,343,2.0,1171929600
3382,342,1.0,1354233600
3383,344,5.0,1192320000
3384,344,1.0,1170028800
3385,345,3.0,1274313600
3386,346,4.0,1342569600
3387,346,5.0,1293408000
3388,346,5.0,1352246400
3389,346,5.0,1260921600
3390,346,4.0,1242777600
3391,346,5.0,1274486400
3392,346,4.0,1350604800
3393,346,5.0,1299024000
3394,346,5.0,1366156800
3395,346,5.0,1396310400
3396,346,5.0,1229904000
3397,346,5.0,1344816000
3398,346,4.0,1343779200
3399,346,5.0,1169510400
3400,346,1.0,1291161600
3401,346,1.0,1308009600
3402,346,5.0,1278028800
3403,346,5.0,1308787200
3404,346,5.0,1316476800
3405,346,5.0,1301184000
3406,347,5.0,1367107200
3407,347,5.0,1399939200
3408,347,5.0,1392681600
3409,347,4.0,1302998400
3410,348,2.0,1359849600
3411,348,5.0,1384646400
3412,348,5.0,1213920000
3413,348,5.0,1356739200
3414,348,1.0,1372896000
3415,348,5.0,1403654400
3416,348,5.0,1210723200
3417,348,2.0,1292025600
3418,348,4.0,1365206400
3419,348,3.0,1205107200
3420,348,3.0,1354838400
3421,348,5.0,1236124800
3422,348,5.0,1215993600
3423,348,4.0,1390435200
3424,348,5.0,1215475200
3425,348,3.0,1227312000
3426,348,1.0,1207526400
3427,348,5.0,1127952000
3428,348,3.0,1267660800
3429,348,5.0,1239062400
3430,348,5.0,1183939200
3431,349,5.0,1279065600
3432,349,5.0,1353715200
3433,350,1.0,1291593600
3434,351,4.0,1171411200
3435,352,2.0,1194998400
3436,353,3.0,1128124800
3437,353,5.0,1161734400
3438,354,3.0,1344124800
3439,355,1.0,1150329600
3440,355,1.0,1160784000
3441,355,4.0,1372291200
3442,355,2.0,1173312000
3443,355,5.0,1342224000
3444,356,5.0,1332720000
3445,357,1.0,1356998400
3446,357,2.0,1264809600
3447,357,4.0,1361923200
3448,358,5.0,1171238400
3449,358,3.0,1267142400
3450,359,5.0,1321056000
3451,360,5.0,1165795200
68,361,5.0,1121558400
3452,362,5.0,1400457600
3453,363,5.0,1310256000
3454,363,4.0,1359763200
3455,364,5.0,1209945600
3456,364,4.0,1162512000
3457,365,5.0,1302825600
3458,366,5.0,1361577600
3459,366,4.0,1379462400
3460,366,1.0,1382659200
3461,367,5.0,1382659200
3462,368,5.0,1393027200
3463,368,3.0,1318204800
3464,368,5.0,1357516800
3465,368,5.0,1371254400
3466,368,4.0,1387843200
3467,368,4.0,1318291200
3468,368,5.0,1304899200
3469,368,5.0,1333497600
3470,368,5.0,1379894400
3471,368,1.0,1389225600
3472,368,5.0,1380153600
3473,368,5.0,1401667200
3474,368,5.0,1335916800
3475,368,1.0,1234742400
3476,368,1.0,1404691200
3477,368,5.0,1395446400
3478,368,5.0,1388707200
3479,368,4.0,1345680000
3480,368,5.0,1183852800
3481,368,5.0,1378512000
3482,368,5.0,1379721600
3483,368,5.0,1404172800
3484,368,5.0,1385683200
3485,368,5.0,1403308800
3486,368,5.0,1230422400
3487,368,2.0,1365724800
3488,368,5.0,1382486400
3489,368,3.0,1392595200
3490,368,5.0,1367452800
3491,368,3.0,1395360000
3492,368,4.0,1397952000
3493,368,5.0,1404777600
3494,368,5.0,1342742400
3495,368,4.0,1397952000
3496,368,5.0,1364515200
3497,368,5.0,1391299200
3498,368,4.0,1362614400
3499,369,5.0,1293840000
1681,370,5.0,1231200000
3500,370,5.0,1232323200
3501,372,5.0,1151193600
3502,371,5.0,1374710400
3503,371,5.0,1364860800
3504,371,5.0,1218153600
3505,371,3.0,1204502400
3506,371,3.0,1283644800
3507,373,1.0,1124841600
3508,373,1.0,1287792000
3509,374,5.0,1126396800
3510,375,2.0,1260057600
3511,376,4.0,1396137600
3512,376,5.0,1361923200
3513,376,5.0,1371600000
3514,376,5.0,1381536000
3515,376,5.0,1354060800
3516,377,2.0,1332547200
3517,377,5.0,1315872000
3518,377,5.0,1271980800
3519,377,2.0,1399334400
3520,377,1.0,1272067200
3521,378,5.0,1199750400
3522,378,5.0,1144627200
3523,378,1.0,1136332800
3524,378,4.0,1215129600
3525,379,2.0,1357257600
3526,379,5.0,1359331200
3527,379,3.0,1309478400
3528,379,5.0,1325635200
3529,379,5.0,1309305600
3530,379,2.0,1332806400
3531,379,4.0,1327622400
3532,379,5.0,1342569600
3533,379,1.0,1346198400
3534,379,5.0,1349481600
3535,379,5.0,1378339200
3536,379,3.0,1307750400
3537,380,5.0,1384819200
3538,380,3.0,1312761600
3539,380,5.0,1331424000
3540,380,5.0,1345420800
3530,380,4.0,1332806400
3541,380,3.0,1345075200
3542,380,1.0,1352851200
3543,380,2.0,1391385600
3544,380,5.0,1396483200
3545,380,5.0,1310169600
3546,380,5.0,1338940800
3547,380,5.0,1374796800
3548,380,4.0,1310515200
3549,380,4.0,1341964800
3535,380,3.0,1378339200
3550,380,5.0,1339027200
3551,381,5.0,1256083200
3552,381,5.0,1163980800
3553,381,5.0,1269216000
3554,381,5.0,1366156800
3555,382,3.0,1285372800
67,383,5.0,1134777600
3552,384,5.0,1186012800
3556,387,5.0,1210896000
3557,388,5.0,1143244800
3558,388,5.0,1220313600
3559,388,5.0,1153612800
3560,385,1.0,1342915200
3561,386,5.0,1293840000
3562,386,5.0,1296432000
3563,389,5.0,1262649600
3564,389,1.0,1155772800
3565,391,5.0,1386720000
3566,391,5.0,1367193600
3567,390,5.0,1355875200
3568,390,5.0,1349136000
3569,390,3.0,1355356800
3570,392,4.0,1329523200
3571,392,5.0,1178928000
3572,392,5.0,1397865600
3573,392,5.0,1212192000
3574,392,5.0,1363132800
3575,392,5.0,1361750400
3576,392,4.0,1182816000
3577,392,5.0,1379462400
3578,392,1.0,1361750400
3579,392,4.0,1222732800
3580,392,5.0,1354752000
3581,392,3.0,1213056000
3582,392,5.0,1313971200
3583,392,2.0,1222560000
3584,392,5.0,1339718400
3585,393,2.0,1355356800
3586,393,2.0,1371081600
3587,393,4.0,1223769600
3588,393,4.0,1213401600
3589,393,4.0,1199145600
3590,393,1.0,1251244800
3591,393,4.0,1346889600
3592,393,1.0,1221350400
3593,393,5.0,1359849600
3594,393,1.0,1332979200
3595,393,5.0,1403913600
3596,393,1.0,1362528000
3597,393,1.0,1345852800
3598,393,1.0,1378684800
3599,393,1.0,1374883200
3600,393,5.0,1339718400
3601,393,1.0,1328832000
3602,394,5.0,1405382400
3603,394,1.0,1376524800
3604,394,4.0,1402790400
3605,394,4.0,1320019200
3606,394,5.0,1359936000
3607,394,5.0,1397001600
3608,394,5.0,1379808000
3609,394,3.0,1362355200
3610,394,5.0,1388448000
3611,394,5.0,1358726400
3612,394,5.0,1300838400
3613,394,4.0,1403913600
3614,394,5.0,1377043200
3615,394,5.0,1379289600
3616,394,3.0,1364515200
3617,394,3.0,1346284800
3586,395,5.0,1371081600
3618,395,1.0,1349568000
3619,395,4.0,1384905600
3620,395,5.0,1220227200
3621,395,1.0,1330732800
3622,395,2.0,1390435200
3623,395,2.0,1390608000
3624,395,3.0,1320796800
3625,395,4.0,1398902400
3626,395,5.0,1231027200
3627,395,1.0,1366243200
3628,395,4.0,1160697600
3629,395,3.0,1242604800
3630,395,2.0,1361059200
3631,395,5.0,1373846400
3632,395,5.0,1366588800
3633,395,5.0,1231891200
3634,395,1.0,1398297600
3635,395,1.0,1378684800
3636,395,4.0,1343260800
3637,395,3.0,1370995200
3638,395,3.0,1376438400
3639,395,4.0,1368835200
3640,395,2.0,1398988800
3641,395,4.0,1399334400
3642,395,5.0,1375142400
3643,396,5.0,1382572800
3644,397,5.0,1181347200
3645,397,5.0,1206316800
3646,398,5.0,1242172800
3647,399,5.0,1343692800
3648,399,5.0,1357344000
3649,399,5.0,1404864000
3650,399,5.0,1392595200
3651,401,1.0,1368057600
3652,401,5.0,1399939200
3653,401,5.0,1396051200
3654,400,5.0,1264118400
3655,402,4.0,1185148800
3656,402,5.0,1235088000
3657,402,5.0,1187136000
3658,402,5.0,1183766400
3659,402,5.0,1249516800
3660,402,4.0,1228694400
3661,403,5.0,1273276800
3662,403,4.0,1268006400
3663,404,1.0,1207785600
3664,405,5.0,1405468800
3665,405,5.0,1271376000
3666,405,4.0,1185753600
3667,405,5.0,1216339200
3668,405,1.0,1188432000
3669,405,5.0,1197763200
3670,405,4.0,1201132800
3671,407,3.0,1276128000
3672,407,5.0,1219017600
3673,406,4.0,1251244800
3674,406,4.0,1290556800
3675,406,5.0,1237766400
3676,408,5.0,1341446400
3677,409,5.0,1205020800
1773,410,5.0,1162771200
67,411,3.0,1224028800
3678,412,5.0,1332979200
3679,413,5.0,1159574400
3680,414,5.0,1361577600
3681,415,5.0,1337904000
3682,415,5.0,1328832000
3683,416,5.0,1389744000
3684,416,5.0,1400457600
3685,417,4.0,1400716800
3686,417,5.0,1400716800
3687,417,4.0,1392076800
3688,417,5.0,1391904000
3689,418,5.0,1210723200
3690,419,5.0,1339804800
3691,419,5.0,1365811200
3692,420,5.0,1325462400
3693,420,4.0,1361923200
3694,420,5.0,1360713600
3695,420,5.0,1382400000
3696,420,5.0,1356220800
3697,420,5.0,1330992000
3698,420,5.0,1358121600
3699,420,2.0,1273536000
3700,420,5.0,1351728000
3701,420,5.0,1355529600
3702,420,4.0,1310515200
3703,420,4.0,1359072000
3704,420,5.0,1237075200
3705,420,5.0,1269216000
3706,420,1.0,1306368000
3707,420,5.0,1379116800
3708,420,5.0,1368748800
3709,420,3.0,1310342400
3710,420,5.0,1288828800
3711,420,5.0,1317427200
3712,420,5.0,1363824000
3713,420,5.0,1325721600
3714,420,1.0,1349654400
3715,420,5.0,1318550400
3716,420,5.0,1285545600
3717,420,4.0,1355097600
3718,420,5.0,1316304000
3719,420,3.0,1229040000
3720,420,5.0,1265500800
3721,420,5.0,1295049600
3722,420,5.0,1381449600
3723,420,4.0,1198627200
3724,420,5.0,1325721600
3725,420,5.0,1358121600
3726,420,5.0,1395619200
3727,420,4.0,1231286400
3728,420,5.0,1363564800
3729,420,5.0,1270252800
3730,420,5.0,1373932800
3731,420,5.0,1279065600
3732,420,5.0,1372723200
3733,420,5.0,1379894400
3734,420,5.0,1357689600
3735,420,5.0,1361145600
3736,420,5.0,1365552000
3737,420,5.0,1358467200
3738,420,1.0,1348617600
3739,420,5.0,1377734400
3740,420,5.0,1355097600
3741,420,4.0,1264032000
3742,420,5.0,1386633600
3743,420,5.0,1324425600
3744,420,5.0,1237248000
3745,420,5.0,1318291200
3746,420,1.0,1351814400
3747,420,5.0,1264636800
3748,420,5.0,1266883200
3749,420,5.0,1293148800
3750,420,5.0,1341705600
3751,420,5.0,1345420800
3752,420,5.0,1337299200
3753,420,5.0,1207180800
3754,420,5.0,1399075200
3755,420,5.0,1295568000
3756,420,5.0,1352851200
3757,420,5.0,1362355200
3758,420,5.0,1188086400
3759,420,5.0,1328832000
3760,420,4.0,1375142400
3761,420,5.0,1296950400
3762,420,5.0,1349654400
3763,420,4.0,1297814400
3764,420,5.0,1364169600
3765,420,5.0,1231286400
3766,420,1.0,1360972800
3767,420,1.0,1350777600
3768,420,5.0,1332892800
3769,420,5.0,1368057600
3770,420,5.0,1336348800
3771,420,5.0,1375056000
3772,420,5.0,1374192000
3773,420,5.0,1363824000
3774,420,4.0,1374105600
3775,420,5.0,1334016000
3776,420,5.0,1243382400
3777,420,5.0,1319068800
3778,420,5.0,1378684800
3779,420,5.0,1354752000
3780,420,5.0,1374796800
3781,420,4.0,1326585600
3782,420,5.0,1267488000
3783,420,5.0,1291161600
3784,420,5.0,1327622400
3785,420,5.0,1293408000
3786,420,4.0,1399766400
3787,420,5.0,1382140800
3788,420,5.0,1343433600
3789,420,5.0,1134950400
3790,420,5.0,1295308800
3791,420,5.0,1370995200
3792,420,5.0,1356998400
3793,420,5.0,1359849600
3794,420,5.0,1363478400
1870,420,5.0,1332720000
3795,420,5.0,1273276800
3796,420,5.0,1399680000
3797,420,5.0,1334188800
3798,420,1.0,1355184000
3799,420,5.0,1370822400
3800,420,5.0,1362096000
3801,420,5.0,1265500800
3802,420,4.0,1282176000
3803,420,3.0,1372118400
3804,420,3.0,1325462400
3805,420,4.0,1382054400
3806,420,5.0,1386115200
3807,420,5.0,1264982400
3808,420,1.0,1243468800
3809,420,5.0,1403827200
3810,420,5.0,1315180800
3811,420,5.0,1360195200
3812,420,5.0,1319414400
3813,420,5.0,1375401600
3814,420,5.0,1328659200
3815,420,5.0,1228176000
3816,420,4.0,1322870400
3817,420,4.0,1330732800
3818,420,5.0,1369008000
3819,420,5.0,1370476800
3820,420,4.0,1402012800
3821,420,5.0,1340841600
3822,420,5.0,1323907200
3823,420,5.0,1283299200
3824,420,5.0,1269993600
3825,420,5.0,1292457600
3826,420,3.0,1367539200
3827,420,5.0,1321488000
3828,420,5.0,1358726400
3829,420,4.0,1279843200
3830,420,5.0,1397779200
3831,420,4.0,1356652800
3832,420,5.0,1169251200
3833,420,5.0,1327190400
3834,420,5.0,1159488000
3835,420,5.0,1222387200
3836,420,5.0,1392595200
3837,420,1.0,1284940800
3838,420,3.0,1370476800
3839,420,5.0,1362873600
3840,420,4.0,1309132800
3841,420,5.0,1356393600
3842,420,4.0,1394582400
3843,420,5.0,1356480000
3844,420,5.0,1363651200
3845,420,5.0,1331510400
3846,420,5.0,1379116800
3847,420,5.0,1293321600
3848,420,5.0,1376697600
3849,420,5.0,1355184000
3850,420,5.0,1321315200
3851,420,5.0,1225411200
3852,420,5.0,1404432000
3853,420,1.0,1351123200
3854,420,3.0,1211155200
3855,420,5.0,1389139200
3856,420,5.0,1368057600
3857,420,5.0,1402704000
3858,420,5.0,1376265600
3859,420,4.0,1265155200
3860,421,5.0,1378252800
3861,421,5.0,1332460800
3862,422,3.0,1401926400
3863,422,2.0,1395619200
3864,422,3.0,1308873600
3865,422,4.0,1328745600
3866,422,5.0,1402185600
3867,422,4.0,1310688000
3868,423,5.0,1405382400
3869,423,5.0,1384214400
3870,423,3.0,1341273600
3871,423,5.0,1396396800
3872,423,5.0,1235347200
3873,423,5.0,1334966400
3874,423,1.0,1391904000
3875,423,5.0,1278288000
3876,423,5.0,1261094400
3877,423,5.0,1390867200
3878,423,1.0,1374019200
3879,423,5.0,1322524800
3880,423,4.0,1386374400
3881,423,1.0,1393200000
3882,423,5.0,1307491200
3883,423,2.0,1394496000
3884,423,5.0,1287100800
3885,423,5.0,1327276800
3886,423,5.0,1363392000
3887,423,2.0,1350086400
3888,423,4.0,1245110400
3889,423,3.0,1348444800
3890,423,5.0,1284940800
3891,423,5.0,1352764800
3892,423,3.0,1393891200
3893,423,3.0,1386460800
3894,423,5.0,1289001600
3895,423,2.0,1353542400
3896,423,3.0,1167523200
3897,423,4.0,1332720000
3898,423,5.0,1326240000
3899,423,5.0,1394150400
3900,423,5.0,1232236800
3901,423,5.0,1388448000
3902,423,5.0,1374019200
3903,424,5.0,1163030400
3904,424,5.0,1372636800
3905,424,5.0,1318636800
3906,425,4.0,1344816000
3907,425,2.0,1206576000
3908,426,5.0,1181088000
3909,427,5.0,1360281600
3910,428,5.0,1200096000
3911,429,4.0,1173830400
3912,429,5.0,1159315200
123,429,4.0,1267401600
3913,430,3.0,1286668800
3914,430,4.0,1153872000
3915,430,5.0,1265414400
3916,430,5.0,1284595200
3917,431,5.0,1242950400
3918,432,5.0,1203552000
3919,433,5.0,1403222400
3920,433,1.0,1173052800
3921,433,5.0,1240099200
3922,433,1.0,1243036800
3923,433,1.0,1404432000
3924,433,2.0,1272931200
3925,434,5.0,1139788800
3926,435,1.0,1376697600
3927,435,5.0,1376956800
3928,436,5.0,1283904000
3929,436,5.0,1194220800
3930,436,2.0,1271289600
3931,436,1.0,1294531200
3932,436,1.0,1215043200
3933,436,2.0,1373068800
3934,436,5.0,1288224000
3935,436,1.0,1230768000
3936,436,5.0,1207526400
3937,436,5.0,1172534400
3938,437,1.0,1175644800
3939,437,4.0,1219104000
3940,438,5.0,1399507200
3941,438,5.0,1390867200
1207,438,5.0,1214611200
3942,438,5.0,1225670400
3943,439,4.0,1207612800
3944,439,1.0,1233532800
3945,439,1.0,1217721600
3946,439,5.0,1183161600
3947,440,5.0,1202428800
3948,440,2.0,1187308800
3949,441,5.0,1350000000
3950,441,5.0,1393545600
3951,441,5.0,1359504000
3952,441,5.0,1308009600
3953,441,5.0,1365465600
3954,441,5.0,1392768000
3955,441,5.0,1278115200
3956,441,5.0,1375401600
3957,441,5.0,1191024000
3958,441,4.0,1298332800
3959,441,4.0,1220227200
3960,441,5.0,1345420800
3961,442,5.0,1245542400
3962,443,5.0,1380672000
3963,444,5.0,1264723200
3964,444,4.0,1260230400
3965,444,1.0,1224028800
3966,445,2.0,1179100800
3967,446,4.0,1211068800
3968,446,5.0,1159228800
3969,447,5.0,1398211200
2826,448,5.0,1139788800
3970,449,3.0,1264032000
3971,450,5.0,1363046400
3972,450,2.0,1376784000
3973,450,5.0,1327190400
3974,450,5.0,1388707200
3975,450,2.0,1332288000
3976,450,2.0,1372464000
3977,450,5.0,1344902400
3978,450,4.0,1356998400
3979,450,2.0,1332028800
3980,450,5.0,1326412800
3981,450,5.0,1232236800
3982,451,5.0,1389139200
3983,451,5.0,1297382400
3984,451,5.0,1360022400
3985,452,2.0,1395100800
3986,452,5.0,1393027200
3987,452,5.0,1388707200
3988,452,5.0,1388275200
3989,452,5.0,1354752000
3990,452,3.0,1395705600
3991,452,5.0,1376956800
3992,453,5.0,1393286400
3993,453,5.0,1394064000
3994,453,5.0,1305417600
3995,453,5.0,1404432000
3996,453,5.0,1292198400
3997,453,5.0,1301443200
3998,453,4.0,1368921600
3999,453,5.0,1278720000
4000,453,5.0,1397692800
4001,454,5.0,1363219200
4002,455,5.0,1229126400
4003,455,5.0,1272326400
4004,455,2.0,1377388800
4005,455,5.0,1266883200
4006,455,1.0,1319414400
4007,455,5.0,1298592000
4008,455,4.0,1321574400
4009,455,1.0,1297900800
4010,455,1.0,1375747200
4011,455,5.0,1222732800
4012,455,4.0,1350864000
4013,455,1.0,1311465600
4014,455,5.0,1243900800
4015,455,5.0,1328227200
4016,455,5.0,1392508800
4017,455,1.0,1333670400
4018,455,5.0,1318204800
4019,455,5.0,1388102400
4020,455,5.0,1399334400
4021,455,5.0,1236470400
4022,455,1.0,1362355200
4023,455,5.0,1259107200
4024,455,2.0,1335398400
4025,455,5.0,1227916800
4026,455,1.0,1328659200
4027,455,5.0,1340755200
4028,455,5.0,1269129600
4029,455,5.0,1298073600
4030,455,5.0,1287273600
4031,455,5.0,1299542400
4032,455,5.0,1286496000
4033,455,5.0,1391040000
4034,455,4.0,1357516800
4035,455,5.0,1241481600
4036,455,5.0,1340064000
4037,455,1.0,1354924800
4038,455,5.0,1261526400
4039,455,5.0,1335225600
4040,455,5.0,1398988800
4041,455,5.0,1386892800
4042,455,5.0,1207353600
4043,455,1.0,1275868800
4044,455,3.0,1332720000
4045,455,3.0,1238803200
4046,455,1.0,1236902400
4047,455,5.0,1306713600
4048,455,5.0,1243555200
4049,455,5.0,1246406400
4050,455,2.0,1351382400
4051,455,5.0,1322092800
4052,455,5.0,1377302400
4053,455,5.0,1291334400
4054,455,1.0,1284768000
4055,456,5.0,1192924800
2878,457,5.0,1155168000
4056,458,5.0,1268006400
4057,459,5.0,1395446400
4058,459,5.0,1351123200
4059,459,5.0,1345766400
4060,459,5.0,1290470400
4061,459,1.0,1276905600
4062,459,5.0,1268697600
4063,459,5.0,1179273600
4064,459,4.0,1374451200
4065,460,3.0,1383696000
4066,460,1.0,1314057600
4067,460,5.0,1375574400
4068,460,4.0,1323388800
4069,460,4.0,1286755200
4070,460,1.0,1366675200
4071,460,4.0,1356134400
4072,460,5.0,1369699200
4073,460,5.0,1330646400
4074,460,4.0,1337040000
4075,460,1.0,1373846400
4076,460,5.0,1357084800
4077,460,3.0,1384128000
4078,460,5.0,1273363200
4079,460,5.0,1397260800
4080,460,5.0,1343088000
4081,460,2.0,1360713600
4082,460,5.0,1370131200
4083,460,5.0,1209254400
4084,460,5.0,1210032000
4085,460,3.0,1385424000
4086,460,4.0,1361145600
4087,460,5.0,1197936000
4088,460,5.0,1339545600
4089,460,5.0,1303344000
4090,460,3.0,1286841600
4091,460,5.0,1330646400
4092,460,5.0,1285372800
4093,461,5.0,1171670400
4094,462,4.0,1215302400
4095,463,1.0,1182816000
4096,464,5.0,1325808000
4097,464,5.0,1324166400
4098,465,5.0,1252281600
4099,465,1.0,1325635200
1264,466,5.0,1105142400
4100,466,5.0,1329177600
4101,466,4.0,1153526400
4102,466,2.0,1365984000
4103,467,5.0,1196208000
4104,467,5.0,1234483200
4105,468,5.0,1327449600
4106,468,5.0,1351209600
4107,468,5.0,1316390400
4108,468,2.0,1366675200
4109,468,5.0,1360540800
4110,470,5.0,1394323200
4111,470,5.0,1306022400
4112,470,5.0,1357084800
4113,470,5.0,1338768000
4114,470,5.0,1179619200
4115,469,5.0,1333584000
4116,471,3.0,1215820800
4117,474,1.0,1312156800
4118,472,4.0,1304899200
4119,472,1.0,1295654400
4120,472,5.0,1337472000
4121,472,4.0,1169769600
4122,472,2.0,1341446400
4123,472,2.0,1365811200
4124,472,3.0,1174953600
4125,472,5.0,1373587200
4126,472,5.0,1380844800
4127,472,5.0,1348358400
4128,472,5.0,1399593600
4129,472,5.0,1388880000
4130,472,2.0,1358985600
4131,472,5.0,1399334400
4132,472,5.0,1167868800
4133,472,4.0,1367107200
4134,472,5.0,1386633600
4135,472,1.0,1195776000
4136,472,4.0,1336694400
4137,472,5.0,1294790400
4138,472,2.0,1277510400
4139,473,5.0,1368144000
4140,475,5.0,1377475200
4141,475,3.0,1351900800
4142,475,5.0,1401062400
4143,475,5.0,1387929600
4144,475,5.0,1388880000
4145,475,4.0,1303171200
4146,475,4.0,1294099200
4147,475,5.0,1344556800
4148,475,5.0,1392076800
4149,475,5.0,1345161600
4150,475,5.0,1362009600
4151,475,5.0,1300060800
4152,475,5.0,1189814400
4153,475,4.0,1330128000
4154,476,5.0,1180224000
4155,477,2.0,1168300800
4156,478,5.0,1300838400
4157,478,1.0,1342137600
4158,479,5.0,1342569600
4159,479,1.0,1299715200
4160,479,1.0,1242518400
4161,479,4.0,1297123200
4162,479,4.0,1243814400
4163,479,5.0,1308960000
2676,480,5.0,1376524800
4164,480,5.0,1390176000
4165,480,5.0,1354665600
4166,481,5.0,1179014400
4167,482,5.0,1345852800
4168,482,5.0,1296691200
4169,482,2.0,1113782400
2877,482,1.0,1119139200
1681,482,5.0,1131148800
4170,482,5.0,1288310400
4171,482,4.0,1320796800
4172,483,5.0,1398211200
4173,483,1.0,1197417600
4174,483,5.0,1359763200
4175,483,5.0,1180396800
4176,483,5.0,1389657600
4177,484,4.0,1297987200
4178,484,5.0,1317600000
4179,484,5.0,1262131200
4180,485,5.0,1230595200
4181,485,4.0,1181174400
4182,486,5.0,1375920000
4183,487,1.0,1299801600
4184,487,1.0,1284163200
4185,487,1.0,1381708800
4186,487,1.0,1285545600
4187,487,4.0,1356912000
4188,490,5.0,1308614400
4189,490,5.0,1285027200
4190,490,5.0,1391299200
4191,488,1.0,1171584000
4192,488,5.0,1378512000
4193,488,5.0,1286409600
4194,489,5.0,1302393600
4195,489,5.0,1362614400
4196,489,5.0,1387238400
4197,491,5.0,1306713600
4198,491,1.0,1347840000
4199,491,5.0,1304553600
4200,491,1.0,1338336000
4201,492,5.0,1370736000
4202,492,4.0,1214956800
4203,492,5.0,1361232000
4204,492,4.0,1203120000
4205,492,1.0,1383696000
4206,492,5.0,1391126400
4207,492,1.0,1266192000
4208,493,5.0,1228348800
4209,493,5.0,1190160000
4210,493,5.0,1182038400
4211,494,5.0,1301616000
4212,494,3.0,1218585600
4213,495,2.0,1354579200
4214,495,1.0,1193529600
4215,495,2.0,1229299200
4216,495,5.0,1219622400
4217,495,5.0,1199577600
4218,495,4.0,1234137600
4219,495,4.0,1227657600
4220,495,5.0,1224374400
4221,495,3.0,1203638400
4222,495,4.0,1203033600
4223,495,4.0,1213228800
4224,495,5.0,1168646400
4225,496,5.0,1211846400
4226,496,5.0,1298678400
4227,496,5.0,1284336000
4228,496,4.0,1291680000
4229,496,5.0,1191110400
4230,496,5.0,1303776000
4231,496,5.0,1291852800
4232,496,2.0,1279497600
4233,497,5.0,1156118400
4234,498,1.0,1268697600
4235,498,5.0,1261958400
4236,498,5.0,1276387200
4237,498,4.0,1320019200
4238,498,3.0,1356048000
4239,498,5.0,1284422400
4240,498,4.0,1368316800
4241,499,5.0,1284768000
4242,500,3.0,1299456000
4243,500,5.0,1218153600
4244,500,4.0,1170892800
4245,501,5.0,1345420800
4246,502,5.0,1376611200
4247,503,5.0,1172361600
4248,504,1.0,1269820800
4249,504,5.0,1273449600
4250,505,1.0,1189987200
4251,505,3.0,1178409600
4252,506,5.0,1271289600
4253,506,1.0,1270252800
4254,506,5.0,1270944000
4255,507,1.0,1316390400
4256,508,5.0,1285372800
4257,508,5.0,1398729600
4258,508,5.0,1331683200
4259,508,5.0,1341792000
4260,508,5.0,1359504000
4261,509,5.0,1258243200
4262,510,5.0,1218672000
4263,511,5.0,1265068800
4264,511,5.0,1240358400
4265,512,5.0,1201046400
4266,512,5.0,1265414400
4267,512,5.0,1208822400
4268,513,5.0,1232236800
4269,514,5.0,1167782400
4270,514,5.0,1239840000
4271,514,5.0,1273449600
4272,515,4.0,1196467200
4273,515,2.0,1176940800
4274,515,2.0,1172102400
4275,515,1.0,1153785600
4276,515,1.0,1154217600
1841,515,5.0,1149206400
833,516,5.0,1384300800
4277,516,1.0,1371513600
4278,516,5.0,1338422400
4279,516,1.0,1297036800
4280,516,5.0,1256083200
4281,516,1.0,1385510400
4282,516,4.0,1297900800
4283,516,4.0,1366329600
4284,516,3.0,1307491200
4285,516,5.0,1282780800
4286,516,3.0,1383004800
4287,516,5.0,1315785600
4288,516,4.0,1288742400
4289,517,5.0,1201824000
4290,517,3.0,1220832000
4291,518,5.0,1349827200
4292,518,5.0,1180137600
4293,518,5.0,1348185600
4294,519,5.0,1355011200
4295,519,4.0,1162598400
4296,519,4.0,1374451200
4297,519,5.0,1209340800
4298,519,5.0,1376352000
4299,519,5.0,1204502400
4300,520,5.0,1175126400
4301,520,5.0,1181260800
4302,520,5.0,1205798400
4303,520,1.0,1176163200
4304,520,5.0,1303084800
4305,520,5.0,1152230400
4306,520,5.0,1197504000
4307,521,5.0,1152230400
4308,522,5.0,1255996800
4309,523,5.0,1312502400
4310,523,4.0,1345593600
4311,523,5.0,1397088000
4312,523,5.0,1316736000
4313,523,5.0,1223596800
4314,523,1.0,1356307200
4315,523,5.0,1337299200
4316,524,5.0,1355443200
4317,525,5.0,1254355200
4318,525,1.0,1187136000
4319,526,5.0,1174262400
4320,526,5.0,1179878400
4321,527,5.0,1203811200
4322,527,5.0,1182902400
4323,528,5.0,1185321600
4324,528,4.0,1280448000
4325,529,3.0,1243468800
4326,530,4.0,1375228800
4327,530,4.0,1383955200
4328,530,5.0,1340928000
4329,530,5.0,1250121600
4330,530,5.0,1331596800
4331,530,5.0,1332115200
4332,530,5.0,1335225600
4333,530,5.0,1365206400
4334,530,5.0,1260403200
4335,530,5.0,1302134400
4336,530,5.0,1291852800
4337,530,5.0,1319587200
4338,530,5.0,1311120000
4339,530,5.0,1331164800
4340,530,5.0,1357776000
4341,530,5.0,1399766400
2655,530,5.0,1230854400
4342,530,5.0,1386979200
4343,530,5.0,1332288000
4344,530,4.0,1389830400
4345,530,5.0,1403481600
4346,530,5.0,1215043200
4347,530,5.0,1324771200
4348,530,5.0,1263686400
4349,530,1.0,1285545600
4350,530,4.0,1306108800
4351,530,5.0,1310774400
4352,530,5.0,1356220800
4353,531,1.0,1260057600
4354,533,5.0,1396915200
4355,533,5.0,1392854400
4356,533,5.0,1382572800
4357,533,5.0,1362182400
4358,533,5.0,1365120000
4359,533,5.0,1392249600
4360,533,4.0,1393027200
4361,533,5.0,1395532800
2804,533,4.0,1384819200
4362,533,5.0,1383609600
4363,533,4.0,1375488000
4364,533,5.0,1391040000
4365,533,5.0,1377129600
4366,533,5.0,1384819200
4367,533,4.0,1383609600
4368,533,5.0,1388534400
4369,533,5.0,1392163200
4370,533,5.0,1393977600
4371,533,1.0,1375228800
4372,533,4.0,1366675200
4373,533,5.0,1404604800
4374,533,5.0,1376956800
4375,533,5.0,1363564800
4376,533,5.0,1404345600
4377,533,5.0,1367884800
4378,533,5.0,1396224000
4379,533,5.0,1372291200
4380,533,1.0,1392163200
4381,533,4.0,1400716800
4382,533,5.0,1392854400
4383,532,5.0,1224979200
4384,532,2.0,1385510400
4385,532,5.0,1208390400
4386,534,5.0,1375747200
1430,534,4.0,1349913600
4387,534,5.0,1341619200
4388,534,5.0,1310515200
4389,534,5.0,1332979200
4390,535,5.0,1234396800
4391,535,5.0,1246492800
4392,535,3.0,1210118400
4393,535,5.0,1193184000
4394,535,3.0,1216252800
4395,536,2.0,1369094400
4396,536,2.0,1330473600
4397,536,5.0,1275782400
4398,536,5.0,1315958400
4399,536,4.0,1327622400
4400,536,5.0,1354665600
4401,536,1.0,1338681600
4402,536,2.0,1371168000
4403,536,5.0,1312848000
4404,540,5.0,1301875200
4405,540,3.0,1295395200
4406,539,3.0,1180569600
4407,537,5.0,1362355200
4408,538,5.0,1371686400
4409,538,4.0,1364256000
4410,538,5.0,1335830400
4411,538,1.0,1388707200
4412,538,4.0,1375660800
4413,538,5.0,1346630400
4414,538,5.0,1389312000
4415,541,1.0,1282435200
4416,541,5.0,1261267200
4417,543,5.0,1331337600
4418,543,1.0,1379376000
4419,542,5.0,1379980800
4420,542,5.0,1269129600
4421,545,5.0,1357516800
4422,545,5.0,1354579200
4423,545,5.0,1363564800
4424,545,5.0,1376524800
4425,545,5.0,1391558400
4426,545,5.0,1347494400
4427,545,4.0,1359158400
4428,545,5.0,1339891200
4429,545,5.0,1373241600
4430,545,5.0,1360972800
4431,545,2.0,1371686400
4432,545,5.0,1352937600
4433,544,5.0,1167436800
4434,546,5.0,1373846400
4435,547,5.0,1225497600
4436,548,4.0,1183939200
4437,549,5.0,1368576000
4438,549,5.0,1321228800
4439,549,5.0,1370476800
4440,549,2.0,1343692800
4441,549,5.0,1374796800
4442,549,3.0,1389916800
4443,549,5.0,1366329600
4444,549,5.0,1360713600
4445,549,5.0,1384905600
4446,549,5.0,1377043200
4447,549,5.0,1382918400
4448,549,5.0,1368230400
4449,549,5.0,1376956800
4450,549,5.0,1378512000
4451,549,5.0,1354406400
4452,549,2.0,1390608000
4453,549,5.0,1355270400
4454,549,5.0,1388361600
4455,549,5.0,1374537600
4456,549,5.0,1340236800
4457,549,5.0,1372377600
4458,549,5.0,1270339200
4459,549,4.0,1355011200
4460,549,4.0,1369267200
4461,549,5.0,1371859200
4462,549,5.0,1364860800
4463,549,2.0,1372636800
4464,549,5.0,1359072000
4465,549,1.0,1395446400
4466,549,5.0,1339200000
4467,549,2.0,1371686400
4468,549,4.0,1378166400
4469,549,5.0,1361404800
4470,549,5.0,1324252800
4471,549,5.0,1368835200
4472,549,5.0,1370390400
4473,549,5.0,1374278400
4474,549,5.0,1368316800
4475,549,5.0,1376265600
4476,549,5.0,1329091200
4477,550,5.0,1327276800
4478,550,4.0,1178409600
4479,550,5.0,1320105600
4480,551,4.0,1393286400
4481,552,4.0,1358899200
4482,552,5.0,1275004800
4483,552,5.0,1295827200
4484,552,5.0,1380931200
4485,552,5.0,1368403200
4486,552,5.0,1372377600
4487,553,5.0,1405900800
4488,553,5.0,1310342400
4489,553,5.0,1379462400
4490,553,5.0,1368144000
4491,553,5.0,1367625600
4492,553,5.0,1389139200
4493,553,5.0,1370822400
4494,553,5.0,1377216000
4495,553,5.0,1358640000
4496,553,5.0,1341532800
4497,553,5.0,1359849600
4498,553,5.0,1188518400
4499,553,3.0,1338681600
4500,553,5.0,1360627200
4501,553,5.0,1366934400
4502,553,5.0,1168300800
4503,553,4.0,1387929600
4504,553,5.0,1369699200
4505,553,5.0,1392940800
4506,553,5.0,1366156800
4507,553,1.0,1279152000
4508,553,5.0,1353628800
4509,553,4.0,1400112000
4510,553,5.0,1389571200
4511,553,4.0,1225238400
4512,553,4.0,1392249600
4513,553,5.0,1356739200
4514,553,5.0,1331683200
4515,554,5.0,1256601600
4516,555,3.0,1380499200
4517,556,1.0,1182816000
4518,557,1.0,1215561600
4519,557,5.0,1179619200
4520,559,5.0,1375488000
4521,558,5.0,1249862400
4522,560,4.0,1325289600
4523,561,1.0,1195084800
4524,562,5.0,1161820800
4525,562,5.0,1303516800
4526,562,5.0,1165363200
4527,563,2.0,1222819200
4528,564,3.0,1167782400
4529,565,5.0,1392508800
4530,565,1.0,1402790400
4531,565,5.0,1360972800
4532,565,1.0,1403222400
4533,565,3.0,1401580800
4534,566,2.0,1327190400
4535,566,5.0,1173657600
4536,566,4.0,1172016000
4537,567,3.0,1362614400
4538,568,5.0,1197936000
4539,568,4.0,1267228800
4540,568,4.0,1163030400
4541,568,5.0,1398988800
4542,568,2.0,1194652800
4543,568,5.0,1199577600
4544,568,2.0,1380672000
4545,568,4.0,1267401600
4546,568,5.0,1362700800
4547,568,5.0,1256601600
4548,568,5.0,1386028800
4549,569,5.0,1377043200
4550,569,5.0,1312934400
4551,569,5.0,1368576000
4552,569,5.0,1292284800
4553,569,1.0,1372291200
4554,569,1.0,1361404800
4555,569,5.0,1393545600
4556,569,4.0,1317686400
4557,569,3.0,1373932800
4558,569,5.0,1397692800
4559,569,2.0,1353369600
4560,569,1.0,1360454400
4561,569,2.0,1281139200
4562,569,4.0,1288828800
4563,569,1.0,1372982400
4564,569,1.0,1382918400
4565,569,5.0,1376611200
4566,569,4.0,1396137600
4567,569,3.0,1352419200
4568,569,5.0,1372896000
4569,569,5.0,1262649600
4570,569,5.0,1389052800
4571,569,4.0,1308873600
4572,569,5.0,1204416000
4573,569,3.0,1363478400
4574,569,5.0,1376870400
4575,569,5.0,1385510400
4576,569,3.0,1339113600
4577,569,1.0,1363046400
4578,569,4.0,1340150400
4579,569,5.0,1365033600
4580,569,2.0,1346025600
4581,569,4.0,1326326400
4582,569,1.0,1354492800
4583,569,3.0,1210636800
4584,569,5.0,1277337600
4585,569,5.0,1285545600
4586,569,5.0,1306195200
4587,569,5.0,1379548800
4588,569,5.0,1327968000
4589,569,1.0,1327190400
4590,569,4.0,1391472000
4591,569,5.0,1246752000
4592,569,5.0,1268438400
4593,569,1.0,1326499200
4594,569,1.0,1387497600
4595,569,3.0,1324080000
4596,569,5.0,1393027200
4597,569,5.0,1280880000
4598,569,5.0,1369180800
4599,569,5.0,1373587200
4600,569,5.0,1361404800
4601,569,5.0,1358294400
4602,569,1.0,1312243200
4603,569,5.0,1299542400
4604,569,5.0,1287792000
4605,569,3.0,1324080000
1237,569,5.0,1329609600
4606,569,5.0,1392336000
4607,569,5.0,1369872000
4608,569,1.0,1352160000
4609,569,4.0,1354233600
4610,569,5.0,1362096000
4611,569,5.0,1399593600
4612,569,3.0,1336608000
4613,569,3.0,1292025600
4614,569,1.0,1341446400
4615,569,5.0,1280707200
4616,569,1.0,1402099200
4617,569,2.0,1388620800
4618,569,3.0,1328227200
4619,569,4.0,1383350400
4620,570,3.0,1298246400
4621,571,5.0,1229385600
4622,572,5.0,1244332800
4623,573,5.0,1291939200
4624,573,2.0,1360627200
4625,573,5.0,1277078400
4626,573,4.0,1389657600
4627,573,5.0,1288051200
4628,573,5.0,1181347200
4629,574,5.0,1359417600
4630,574,5.0,1326153600
4631,575,4.0,1321920000
4632,575,5.0,1355616000
4633,576,5.0,1242864000
4634,577,5.0,1263686400
4635,577,5.0,1205107200
4636,578,3.0,1197331200
4637,580,5.0,1325980800
4638,580,3.0,1400198400
4639,580,5.0,1357257600
4640,580,4.0,1314144000
4641,580,1.0,1256083200
4642,580,4.0,1348704000
4643,579,3.0,1207612800
4644,579,5.0,1205366400
4645,579,5.0,1155859200
4646,579,4.0,1203465600
4647,579,5.0,1200960000
4648,579,5.0,1196640000
4649,579,5.0,1169424000
4650,579,5.0,1183593600
4651,579,4.0,1158969600
4652,581,5.0,1263859200
4653,581,5.0,1259625600
4654,582,4.0,1347926400
4655,583,2.0,1279152000
4656,583,5.0,1289606400
4657,584,5.0,1384560000
4658,585,4.0,1239926400
4659,586,5.0,1227916800
4660,587,4.0,1304726400
4661,588,5.0,1390521600
4662,589,1.0,1228608000
1681,590,5.0,1166313600
4663,590,4.0,1277769600
4664,591,4.0,1366329600
4665,592,5.0,1199664000
4666,592,4.0,1185840000
4667,592,1.0,1271808000
4668,592,5.0,1261180800
4669,592,4.0,1278720000
4670,592,5.0,1158537600
4671,592,2.0,1242000000
4672,592,5.0,1184716800
4673,592,5.0,1199318400
4674,592,5.0,1185753600
4675,592,2.0,1228348800
4676,592,5.0,1171065600
4677,592,5.0,1230681600
4678,592,4.0,1252022400
4679,592,5.0,1168819200
4680,592,5.0,1165190400
4681,592,4.0,1179878400
4682,592,4.0,1185494400
4683,592,5.0,1164931200
4684,592,5.0,1167782400
4685,592,3.0,1172707200
4686,592,1.0,1241568000
4687,592,3.0,1220140800
4688,592,4.0,1195344000
4689,592,5.0,1262736000
4690,592,3.0,1168819200
4691,592,3.0,1226016000
4692,592,5.0,1179360000
4693,592,5.0,1155686400
4694,592,5.0,1176163200
4695,592,5.0,1188000000
4696,592,5.0,1154736000
4697,592,5.0,1156118400
4698,592,5.0,1234742400
4699,592,4.0,1213488000
4700,592,5.0,1171756800
4701,592,5.0,1168473600
4702,592,5.0,1170028800
4703,592,2.0,1167609600
4704,592,3.0,1168387200
4705,592,5.0,1169942400
4706,592,4.0,1199232000
4707,592,5.0,1178582400
4708,593,5.0,1305072000
4709,593,1.0,1373932800
4710,593,5.0,1366502400
4711,593,4.0,1326672000
4712,594,5.0,1294531200
4713,595,2.0,1219536000
4714,595,2.0,1164931200
4715,595,2.0,1207008000
4716,595,3.0,1204502400
4717,597,5.0,1344643200
4718,596,3.0,1380758400
4719,598,3.0,1259280000
4720,599,5.0,1221523200
4721,599,5.0,1291593600
4722,599,5.0,1180396800
4723,599,4.0,1230249600
4724,599,5.0,1307232000
4725,599,5.0,1209686400
4723,601,4.0,1230249600
4726,601,4.0,1233014400
4727,601,5.0,1187222400
4728,601,5.0,1310083200
4729,601,5.0,1302652800
4730,601,5.0,1342137600
4731,601,4.0,1238803200
4732,601,2.0,1357689600
4733,600,5.0,1344211200
4734,602,1.0,1335139200
4735,602,5.0,1372896000
4736,602,5.0,1349740800
4737,602,5.0,1288828800
4738,602,5.0,1294358400
4739,602,2.0,1304553600
4740,602,5.0,1334448000
4741,602,5.0,1334361600
4742,602,5.0,1324080000
4743,602,4.0,1316131200
4744,602,5.0,1354060800
4745,602,1.0,1308787200
4746,602,5.0,1307232000
4747,602,1.0,1326672000
4748,602,5.0,1292544000
4749,602,5.0,1357516800
4750,603,1.0,1370736000
4751,603,5.0,1220832000
4752,603,1.0,1299456000
4753,603,5.0,1392854400
4754,603,5.0,1329091200
4755,603,5.0,1207008000
3720,603,5.0,1263081600
4756,603,5.0,1334966400
4757,603,5.0,1196208000
4758,603,5.0,1348531200
4759,603,5.0,1320883200
4760,603,2.0,1317081600
4761,603,4.0,1277164800
4762,603,4.0,1181952000
4763,603,4.0,1247097600
4764,603,5.0,1209686400
4765,603,5.0,1196985600
4766,603,5.0,1356825600
4767,603,1.0,1308441600
4768,603,5.0,1261180800
4769,603,4.0,1268265600
4770,603,5.0,1366243200
4771,603,5.0,1293148800
4772,603,5.0,1237334400
4773,603,5.0,1358294400
4774,603,2.0,1301529600
4775,603,4.0,1390176000
4776,603,5.0,1342915200
4777,603,4.0,1280707200
4778,603,1.0,1221696000
4779,603,5.0,1331683200
4780,603,5.0,1198886400
4781,603,5.0,1316390400
4782,603,3.0,1210550400
4783,603,2.0,1321401600
4784,603,2.0,1271289600
4785,603,5.0,1278201600
4786,603,3.0,1264464000
4787,603,1.0,1232236800
4788,603,5.0,1244505600
4789,604,5.0,1173312000
4790,604,5.0,1252713600
4791,604,5.0,1263340800
4792,604,5.0,1250812800
4793,605,2.0,1269561600
4794,607,5.0,1388707200
4795,607,4.0,1404345600
4796,607,5.0,1307404800
4797,607,5.0,1396742400
4798,607,5.0,1356048000
4799,607,5.0,1378684800
4800,607,4.0,1404518400
4801,607,5.0,1401062400
4802,607,5.0,1404086400
4803,607,5.0,1399593600
4804,607,5.0,1395014400
4805,607,5.0,1367280000
4806,607,4.0,1351728000
4807,607,5.0,1371081600
4808,607,5.0,1390089600
4809,607,5.0,1399334400
4810,607,5.0,1199750400
4811,607,3.0,1384300800
4812,607,5.0,1395792000
1559,607,5.0,1359936000
4813,607,5.0,1380153600
4814,607,5.0,1361318400
4815,607,5.0,1392422400
4816,607,2.0,1320710400
4817,607,1.0,1376179200
4818,607,4.0,1400198400
4819,607,5.0,1402790400
4820,607,4.0,1350864000
4821,607,5.0,1213833600
4822,607,4.0,1324598400
4823,607,1.0,1389312000
4824,607,5.0,1389312000
4825,607,4.0,1277683200
4826,607,4.0,1392854400
4827,607,3.0,1381795200
4828,607,5.0,1370476800
4829,607,5.0,1374192000
4830,607,5.0,1391731200
4831,607,5.0,1402704000
4832,607,4.0,1403049600
4833,607,5.0,1366588800
4834,607,5.0,1387238400
4835,607,5.0,1404086400
4836,607,5.0,1396137600
4837,607,5.0,1388966400
4838,607,5.0,1231891200
4839,607,5.0,1367366400
4840,606,5.0,1206835200
4841,608,5.0,1183075200
4842,608,5.0,1222473600
4843,609,5.0,1355184000
4844,609,5.0,1398384000
4845,609,4.0,1337817600
4846,609,5.0,1368403200
4847,609,3.0,1379462400
4848,609,3.0,1355097600
4849,609,5.0,1321401600
4850,609,5.0,1327881600
4851,609,5.0,1361491200
4852,609,5.0,1373760000
4853,609,4.0,1353196800
4854,609,3.0,1360540800
4855,609,3.0,1386547200
4856,609,5.0,1400544000
4857,610,5.0,1286064000
4858,610,3.0,1401408000
4859,610,5.0,1389484800
4860,610,5.0,1307664000
4861,610,5.0,1400803200
4862,611,5.0,1246320000
4863,611,5.0,1313971200
4864,611,3.0,1226448000
4865,611,4.0,1256688000
4866,611,5.0,1380240000
4867,611,5.0,1360540800
4868,611,5.0,1219622400
4869,611,5.0,1241308800
4870,611,5.0,1372377600
4871,611,5.0,1240099200
4872,611,5.0,1300924800
4873,611,4.0,1278720000
4874,611,5.0,1404691200
4875,611,5.0,1336089600
4876,611,5.0,1363910400
4877,611,5.0,1172188800
4878,611,5.0,1302825600
4879,611,4.0,1355529600
4880,611,5.0,1288483200
4881,611,5.0,1404950400
4882,611,5.0,1399507200
4883,611,3.0,1397952000
4884,612,5.0,1223510400
4885,613,5.0,1348444800
4886,614,4.0,1175644800
4887,614,5.0,1200268800
4888,615,4.0,1165190400
4889,617,4.0,1170633600
4890,616,5.0,1349481600
4891,618,5.0,1361923200
4892,618,5.0,1310342400
4893,620,4.0,1365638400
4894,620,5.0,1339545600
4895,620,4.0,1374537600
4896,620,5.0,1353888000
4897,620,5.0,1386633600
4898,620,1.0,1327968000
4899,620,5.0,1318636800
4900,620,5.0,1387411200
4901,620,1.0,1372291200
4902,620,1.0,1393200000
4903,620,2.0,1392940800
4904,620,3.0,1386806400
4905,620,5.0,1401580800
4906,620,3.0,1358208000
4907,620,5.0,1390176000
4908,620,5.0,1357862400
4909,620,5.0,1324252800
4910,620,5.0,1313280000
4911,620,5.0,1384646400
3865,620,3.0,1328745600
4912,620,4.0,1376870400
4913,620,5.0,1386892800
4914,620,5.0,1318377600
4915,620,2.0,1343001600
4916,620,5.0,1373414400
4917,620,5.0,1335484800
4918,620,2.0,1365465600
4919,620,4.0,1392422400
4920,620,5.0,1320624000
4921,620,5.0,1343088000
4922,619,5.0,1201132800
4923,619,5.0,1365897600
4924,619,4.0,1197072000
4925,619,5.0,1219363200
4926,621,5.0,1163030400
4927,622,5.0,1261785600
4928,622,5.0,1266019200
4929,622,5.0,1171324800
4930,623,1.0,1170547200
4931,623,5.0,1227830400
4932,624,5.0,1314057600
4933,624,5.0,1356652800
4934,624,4.0,1203120000
4935,624,4.0,1168819200
4936,624,5.0,1233446400
4937,624,2.0,1304640000
4938,624,3.0,1247875200
4939,624,4.0,1171929600
4940,624,5.0,1269216000
4941,625,1.0,1356998400
4942,626,5.0,1264204800
4943,626,5.0,1161734400
4944,627,5.0,1404345600
4945,628,5.0,1334966400
4946,628,5.0,1215993600
4947,628,1.0,1383523200
4948,628,1.0,1334880000
4949,629,5.0,1174953600
4950,630,4.0,1386633600
4951,630,5.0,1400112000
4952,630,5.0,1374537600
4953,630,5.0,1269561600
4954,630,5.0,1404691200
4955,630,2.0,1202428800
4956,630,5.0,1378771200
4957,630,5.0,1395532800
4958,630,1.0,1347753600
4959,630,5.0,1333411200
4960,630,3.0,1348704000
4961,631,3.0,1208217600
4962,632,5.0,1224633600
4963,634,5.0,1385769600
4964,633,5.0,1393977600
4965,633,5.0,1268784000
4966,633,5.0,1241568000
4967,633,5.0,1400025600
4968,633,5.0,1379980800
4969,633,5.0,1355875200
4970,633,5.0,1210118400
4971,633,4.0,1366416000
4972,636,5.0,1221782400
4973,636,5.0,1344038400
4974,636,5.0,1204329600
4975,635,2.0,1319587200
4976,637,3.0,1390780800
4977,637,1.0,1397779200
4978,637,5.0,1359763200
4979,638,5.0,1307923200
4980,638,5.0,1319068800
4981,638,4.0,1309824000
4982,638,5.0,1302912000
4983,638,5.0,1358208000
4984,638,5.0,1331596800
4985,638,5.0,1366848000
4986,639,5.0,1307318400
4987,639,5.0,1358553600
4988,639,5.0,1349568000
848,640,5.0,1387670400
4989,640,1.0,1365120000
4990,640,4.0,1358208000
4991,641,5.0,1379203200
4992,642,5.0,1358294400
4993,642,5.0,1382400000
4994,642,5.0,1329782400
4995,642,1.0,1403481600
4996,643,1.0,1398729600
4997,643,1.0,1398988800
4998,643,3.0,1359072000
4999,643,5.0,1385337600
5000,643,4.0,1382659200
5001,643,5.0,1371772800
5002,643,5.0,1301184000
5003,644,3.0,1327536000
5004,645,5.0,1384560000
5005,645,4.0,1386720000
5006,645,2.0,1374105600
5007,645,2.0,1375315200
5008,645,5.0,1267315200
5009,645,5.0,1387324800
5010,645,1.0,1403740800
5011,645,5.0,1386374400
5012,645,5.0,1388707200
5013,645,1.0,1368835200
5014,645,4.0,1351382400
5015,645,2.0,1387497600
5016,645,5.0,1317513600
1096,645,5.0,1340064000
5017,645,3.0,1383436800
5018,645,2.0,1360454400
5019,645,3.0,1334448000
5020,645,1.0,1324512000
5021,645,2.0,1354924800
5022,645,1.0,1395878400
5023,645,5.0,1306108800
5024,645,5.0,1388448000
5025,645,3.0,1342051200
5026,645,5.0,1373328000
5027,645,1.0,1341446400
5028,645,2.0,1353024000
5029,645,5.0,1348790400
1154,645,1.0,1396569600
5030,645,3.0,1354838400
5031,645,2.0,1377734400
5032,645,4.0,1358640000
5033,645,4.0,1348531200
5034,645,4.0,1381276800
5035,645,1.0,1393372800
5036,645,4.0,1330819200
5037,645,3.0,1384819200
5038,645,5.0,1389657600
5039,645,1.0,1400371200
5040,645,4.0,1394841600
5041,645,5.0,1365638400
5042,645,5.0,1381017600
5043,645,5.0,1362009600
5044,645,5.0,1381795200
5045,645,1.0,1337904000
5046,645,1.0,1268438400
5047,645,1.0,1383782400
5048,645,1.0,1336003200
5049,645,3.0,1363824000
5050,645,5.0,1298851200
5051,645,3.0,1391644800
5052,645,4.0,1358121600
5053,645,4.0,1354752000
5054,645,2.0,1348531200
5055,645,2.0,1358726400
5056,645,4.0,1374451200
5057,645,5.0,1385769600
5058,645,1.0,1344384000
5059,645,4.0,1374624000
5060,645,5.0,1349740800
5061,645,4.0,1286323200
1103,645,5.0,1396828800
5062,645,2.0,1400976000
5063,645,1.0,1318377600
5064,645,3.0,1344556800
5065,645,1.0,1392595200
5066,645,4.0,1374278400
5067,645,4.0,1330992000
5068,645,5.0,1358121600
5069,645,5.0,1401667200
5070,645,4.0,1319155200
5071,645,5.0,1373760000
5072,645,5.0,1267833600
5073,645,3.0,1356652800
5074,645,5.0,1388534400
5075,645,5.0,1309478400
5076,645,4.0,1329350400
5077,645,1.0,1359244800
5078,645,5.0,1343865600
5079,645,5.0,1390867200
5080,645,5.0,1379980800
5081,645,1.0,1373760000
5082,645,5.0,1387843200
5083,645,5.0,1400284800
5084,645,3.0,1302048000
5085,645,2.0,1343174400
5086,645,3.0,1360281600
5087,645,5.0,1336435200
5088,645,3.0,1375660800
5089,645,1.0,1360800000
5090,645,3.0,1387324800
5091,645,3.0,1393459200
5092,645,5.0,1322697600
5093,645,1.0,1384387200
5094,645,4.0,1359331200
5095,645,5.0,1357516800
5096,645,3.0,1358726400
5097,645,5.0,1363996800
5098,645,5.0,1362009600
5099,645,4.0,1325203200
5100,645,1.0,1363305600
5101,645,1.0,1359331200
5102,645,5.0,1296172800
5103,645,5.0,1343952000
5104,645,5.0,1296000000
5105,645,5.0,1343606400
5106,645,5.0,1365811200
5107,645,5.0,1363046400
5108,645,3.0,1369699200
5109,645,1.0,1388016000
5110,645,1.0,1348876800
5111,645,5.0,1399593600
5112,645,5.0,1355616000
5113,645,3.0,1366675200
5114,645,1.0,1363392000
5115,645,5.0,1362182400
5116,645,4.0,1348531200
5117,645,5.0,1317772800
5118,645,5.0,1369872000
5119,645,1.0,1328918400
5120,645,1.0,1363219200
5121,645,5.0,1328227200
5122,645,1.0,1352851200
5123,645,4.0,1311811200
5124,645,5.0,1378598400
5125,645,4.0,1358640000
5126,645,1.0,1328400000
5127,645,4.0,1337212800
5128,645,3.0,1368057600
5129,645,1.0,1345420800
5130,645,5.0,1324425600
5131,645,2.0,1305072000
5132,645,5.0,1363824000
5133,645,2.0,1353801600
5134,645,4.0,1359072000
5135,645,3.0,1316995200
5136,645,5.0,1311638400
5137,645,4.0,1306454400
5138,645,1.0,1368230400
5139,645,2.0,1371772800
5140,645,4.0,1372032000
5141,645,5.0,1354924800
5142,645,5.0,1357776000
5143,645,5.0,1308873600
5144,645,5.0,1369008000
5145,645,5.0,1390867200
5146,645,4.0,1323561600
5147,645,5.0,1388534400
5148,645,5.0,1292889600
5149,645,3.0,1398124800
5150,645,5.0,1329350400
5151,645,4.0,1351468800
5152,645,3.0,1393027200
5153,645,5.0,1294012800
5154,645,2.0,1385078400
5155,645,5.0,1360540800
5156,645,4.0,1388361600
5157,645,2.0,1404604800
5158,645,2.0,1357516800
5159,645,5.0,1373587200
5160,645,1.0,1385337600
5161,645,5.0,1384300800
5162,645,5.0,1397692800
5163,645,5.0,1361318400
5164,645,5.0,1390867200
5165,645,5.0,1196726400
5166,645,4.0,1379980800
5167,645,2.0,1399939200
5168,645,5.0,1393718400
5169,645,4.0,1231459200
5170,645,4.0,1339459200
5171,645,5.0,1387238400
5172,645,2.0,1331424000
5173,645,4.0,1370649600
5174,645,4.0,1356393600
5175,645,3.0,1387324800
5176,645,3.0,1330473600
5177,645,4.0,1367539200
5178,645,5.0,1353283200
5179,645,3.0,1277078400
5180,645,4.0,1340409600
5181,645,2.0,1341187200
5182,645,1.0,1388707200
5183,645,5.0,1278806400
5184,645,5.0,1386288000
5185,645,5.0,1368230400
5186,645,5.0,1355011200
5187,645,5.0,1401926400
5188,645,5.0,1327363200
5189,645,4.0,1336867200
5190,645,5.0,1297123200
5191,645,5.0,1385683200
5192,645,4.0,1357171200
5193,645,3.0,1341619200
5194,645,5.0,1386115200
5195,645,5.0,1383350400
5196,645,4.0,1221350400
5197,645,1.0,1368576000
5198,645,3.0,1383004800
5199,645,4.0,1314403200
5200,645,5.0,1358812800
5201,645,5.0,1213574400
5202,645,5.0,1384819200
5203,645,1.0,1381190400
5204,645,5.0,1403136000
5205,645,2.0,1391385600
5206,645,5.0,1398124800
5207,645,1.0,1370131200
5208,645,5.0,1391040000
4589,645,5.0,1325116800
5209,645,5.0,1359849600
5210,645,5.0,1271635200
5211,645,1.0,1346889600
5212,645,1.0,1385337600
5213,645,5.0,1267747200
5214,645,2.0,1394841600
5215,645,5.0,1379548800
5216,645,4.0,1288915200
5217,645,3.0,1391558400
1203,645,4.0,1372291200
5218,645,4.0,1337990400
5219,645,1.0,1393632000
5220,645,3.0,1231027200
5221,645,1.0,1388275200
5222,645,5.0,1336608000
5223,645,5.0,1353715200
5224,645,5.0,1348790400
5225,645,4.0,1388448000
1206,645,3.0,1379462400
5226,645,5.0,1390521600
5227,645,5.0,1372809600
5228,645,5.0,1305504000
5229,645,3.0,1343865600
5230,645,5.0,1323734400
5231,645,2.0,1321315200
5232,645,5.0,1298160000
5233,645,1.0,1328054400
5234,645,4.0,1386979200
5235,645,3.0,1308268800
5236,645,1.0,1385683200
5237,645,2.0,1319068800
5238,645,4.0,1375228800
5239,645,5.0,1382832000
5240,645,4.0,1360195200
5241,645,5.0,1356393600
5242,645,5.0,1341532800
5243,645,4.0,1377907200
5244,645,2.0,1359331200
5245,645,4.0,1316476800
5246,645,4.0,1359849600
5247,645,2.0,1346803200
5248,645,5.0,1324339200
5249,645,5.0,1344816000
5250,645,5.0,1230076800
5251,645,3.0,1384214400
5252,645,4.0,1372982400
5253,645,5.0,1194566400
5254,645,2.0,1276819200
5255,645,5.0,1321660800
5256,645,5.0,1352592000
5257,645,2.0,1298505600
5258,645,5.0,1322697600
5259,645,1.0,1404950400
5260,645,5.0,1390176000
5261,645,4.0,1388448000
5262,645,2.0,1368489600
5263,645,1.0,1267747200
5264,645,4.0,1388966400
5265,645,1.0,1402617600
5266,645,5.0,1389657600
5267,645,5.0,1384560000
5268,645,2.0,1397260800
5269,645,4.0,1373500800
5270,645,5.0,1381017600
5271,645,1.0,1388534400
5272,645,5.0,1335312000
5273,645,5.0,1322265600
5274,645,5.0,1325289600
5275,645,5.0,1386633600
5276,645,5.0,1374019200
5277,645,5.0,1352678400
5278,645,5.0,1373155200
5279,645,3.0,1398297600
5280,645,1.0,1377129600
5281,645,4.0,1376179200
5282,645,4.0,1323043200
5283,645,5.0,1335916800
5284,645,5.0,1232236800
5285,645,3.0,1387152000
5286,645,2.0,1346976000
1236,645,5.0,1373241600
5287,645,1.0,1343347200
5288,645,3.0,1371340800
5289,645,5.0,1294790400
5290,645,5.0,1392422400
5291,645,5.0,1219881600
5292,645,5.0,1402444800
5293,645,5.0,1403654400
5294,645,5.0,1275609600
5295,645,5.0,1311552000
5296,645,1.0,1313107200
5297,645,4.0,1366502400
5298,645,2.0,1395878400
5299,645,4.0,1382054400
5300,645,5.0,1362960000
5301,645,2.0,1378512000
5302,645,5.0,1321142400
5303,645,1.0,1364342400
5304,645,5.0,1403222400
5305,645,5.0,1302825600
5306,645,2.0,1362096000
5307,645,3.0,1328140800
5308,645,1.0,1392076800
5309,645,3.0,1358035200
5310,645,4.0,1356480000
5311,645,5.0,1388448000
5312,645,5.0,1400198400
5313,645,5.0,1392681600
5314,645,4.0,1303171200
5315,645,5.0,1381708800
5316,645,4.0,1340582400
5317,645,5.0,1324598400
5318,645,3.0,1403395200
5319,645,1.0,1243468800
5320,645,4.0,1357257600
5321,645,5.0,1378425600
5322,645,5.0,1362355200
5323,645,3.0,1384041600
5324,645,4.0,1357171200
5325,645,5.0,1389657600
5326,645,4.0,1358640000
5327,645,5.0,1390694400
5328,645,5.0,1386633600
5329,645,5.0,1389139200
5330,645,5.0,1359072000
5331,645,1.0,1401926400
5332,645,1.0,1387670400
5333,645,3.0,1343088000
5334,645,1.0,1317772800
5335,645,5.0,1308182400
5336,645,5.0,1387324800
5337,645,5.0,1388275200
5338,645,1.0,1378771200
5339,645,5.0,1390089600
5340,645,5.0,1282348800
5341,645,4.0,1323216000
5342,645,2.0,1341792000
5343,645,1.0,1319673600
5344,645,4.0,1268956800
5345,645,5.0,1318118400
5346,645,2.0,1385337600
5347,645,5.0,1392249600
5348,645,5.0,1220918400
5349,645,3.0,1358553600
5350,645,4.0,1376265600
5351,645,3.0,1354924800
5352,645,3.0,1399593600
5353,645,4.0,1378684800
5354,645,2.0,1329696000
5355,645,5.0,1322006400
5356,645,5.0,1265414400
5357,645,5.0,1265932800
5358,645,5.0,1380240000
5359,645,5.0,1192320000
5360,645,5.0,1402704000
5361,645,4.0,1404604800
5362,645,4.0,1392595200
5363,645,3.0,1340409600
5364,645,4.0,1343779200
5365,645,4.0,1398470400
5366,645,3.0,1341014400
5367,645,4.0,1367539200
5368,645,1.0,1370304000
5369,645,5.0,1361577600
5370,645,5.0,1382140800
5371,645,2.0,1299024000
5372,645,4.0,1323475200
5373,645,5.0,1377820800
5374,645,1.0,1367193600
5375,645,2.0,1401840000
5376,645,4.0,1404259200
5377,645,5.0,1356048000
5378,645,5.0,1386979200
5379,645,5.0,1398729600
5380,645,5.0,1394668800
5381,645,5.0,1364083200
5382,645,4.0,1390003200
5383,645,3.0,1357344000
5384,645,3.0,1401408000
5385,645,5.0,1353369600
5386,645,4.0,1284076800
5387,645,4.0,1301702400
5388,645,3.0,1397692800
5389,645,5.0,1314144000
5390,645,5.0,1390348800
5391,645,5.0,1385337600
5392,645,4.0,1384646400
5393,645,3.0,1298246400
5394,645,2.0,1364688000
5395,645,4.0,1379808000
5396,645,3.0,1396656000
5397,645,4.0,1365552000
5398,645,5.0,1326844800
5399,645,5.0,1373241600
5400,645,3.0,1361318400
5401,645,5.0,1335398400
5402,645,3.0,1372809600
5403,646,5.0,1242172800
5404,647,5.0,1174867200
5405,647,5.0,1226448000
5406,647,5.0,1238457600
5407,647,5.0,1172188800
5408,647,5.0,1323302400
5409,647,5.0,1313452800
5410,648,5.0,1286928000
5411,649,5.0,1259625600
5412,650,5.0,1359676800
5413,651,5.0,1335225600
5414,651,1.0,1338681600
5415,652,5.0,1212796800
5416,653,2.0,1355702400
5417,653,5.0,1350950400
5418,653,4.0,1367712000
5419,653,4.0,1345680000
5420,653,5.0,1238025600
5421,653,4.0,1363305600
5422,653,4.0,1288742400
5423,653,5.0,1302393600
5424,654,5.0,1296172800
5425,655,1.0,1166659200
5426,655,3.0,1360540800
5427,655,1.0,1364515200
5428,655,5.0,1301011200
5429,655,4.0,1352678400
5430,656,4.0,1208390400
5431,657,5.0,1179014400
4023,657,4.0,1200182400
5432,657,2.0,1202601600
5433,658,5.0,1249084800
5434,659,4.0,1246924800
5435,659,5.0,1274140800
5436,660,4.0,1397520000
5437,661,3.0,1319932800
5438,663,5.0,1310601600
5439,662,4.0,1358467200
5440,662,5.0,1320710400
5441,664,5.0,1239840000
5442,665,2.0,1278806400
5443,666,5.0,1181520000
5444,666,1.0,1207094400
5445,667,5.0,1360281600
5446,667,5.0,1344124800
5447,668,4.0,1296345600
5448,668,5.0,1301616000
5449,668,1.0,1388966400
5450,668,1.0,1252713600
5451,668,1.0,1245628800
5452,668,5.0,1370390400
5453,668,1.0,1256688000
5454,668,5.0,1290729600
5455,668,1.0,1386460800
5456,668,5.0,1279929600
5457,668,5.0,1191974400
5458,670,5.0,1385683200
5459,670,5.0,1375660800
5460,669,5.0,1312675200
5461,673,5.0,1355356800
5462,671,5.0,1173484800
5463,672,5.0,1323820800
5464,672,5.0,1363305600
5465,672,5.0,1261180800
5466,674,5.0,1381363200
5467,674,2.0,1394755200
5468,674,1.0,1388707200
5469,674,3.0,1356307200
5470,674,5.0,1331942400
5471,674,5.0,1396310400
5472,674,5.0,1404777600
5473,674,5.0,1394323200
5474,674,5.0,1402790400
5475,674,5.0,1379116800
5476,674,5.0,1384560000
5477,674,5.0,1377993600
5478,674,5.0,1367539200
5479,674,5.0,1363392000
5480,674,5.0,1322438400
5481,674,5.0,1379980800
5482,674,2.0,1367539200
5483,674,5.0,1383177600
5484,674,5.0,1402617600
5485,674,3.0,1361577600
5486,674,5.0,1379462400
5487,674,5.0,1401408000
5488,674,2.0,1375401600
5489,674,5.0,1259712000
5490,674,5.0,1347148800
5491,674,3.0,1397174400
5492,674,5.0,1354233600
5493,674,5.0,1360195200
5494,675,5.0,1199145600
5495,675,5.0,1179705600
5496,676,5.0,1248220800
5497,678,1.0,1405555200
5498,678,5.0,1292457600
5499,678,4.0,1371513600
5500,678,4.0,1394150400
5501,678,4.0,1381708800
5502,678,5.0,1384300800
5503,678,4.0,1358121600
5504,678,3.0,1387152000
5505,678,5.0,1325548800
5506,678,1.0,1365206400
5507,678,2.0,1387324800
5508,678,1.0,1367798400
5509,678,4.0,1381795200
5510,678,3.0,1390867200
5511,678,5.0,1369872000
5512,678,5.0,1359936000
5513,678,5.0,1388793600
5514,678,5.0,1323561600
5515,678,5.0,1273795200
5516,678,3.0,1346371200
5517,678,4.0,1264377600
5518,678,1.0,1335916800
5519,678,5.0,1378857600
5520,678,5.0,1367452800
5521,678,3.0,1353801600
5522,678,5.0,1391731200
5523,678,5.0,1263254400
5524,678,5.0,1297296000
5525,678,5.0,1244851200
5526,678,4.0,1326758400
5527,678,5.0,1396828800
5528,678,5.0,1368835200
5529,678,4.0,1330732800
5530,678,3.0,1377216000
5531,678,1.0,1375660800
5532,678,5.0,1373932800
5533,678,1.0,1369526400
5534,678,1.0,1358294400
5535,678,4.0,1330214400
5536,678,4.0,1403913600
5537,678,4.0,1391817600
5538,678,1.0,1387670400
5539,678,5.0,1369008000
5540,678,3.0,1357084800
5541,678,1.0,1355270400
5542,678,4.0,1376956800
5543,678,5.0,1386288000
5544,678,5.0,1336176000
5545,678,4.0,1371340800
5546,678,4.0,1363305600
5547,678,1.0,1302480000
5548,678,4.0,1337990400
5549,678,4.0,1369612800
5550,678,5.0,1364774400
5551,678,5.0,1352160000
5552,678,5.0,1385856000
5553,678,5.0,1375747200
5554,678,5.0,1355097600
5555,678,4.0,1359590400
5556,678,5.0,1377561600
5557,678,5.0,1338940800
5558,678,3.0,1321747200
5559,678,5.0,1402185600
5560,678,5.0,1358380800
5561,678,5.0,1358899200
5562,678,4.0,1378425600
5563,678,4.0,1373155200
5564,678,3.0,1363824000
5565,678,5.0,1356480000
5566,678,4.0,1360281600
5567,678,4.0,1378857600
5568,678,5.0,1321574400
5569,678,5.0,1395446400
5570,678,5.0,1326585600
5571,678,5.0,1371600000
5572,678,5.0,1391990400
5573,678,5.0,1331424000
5574,678,5.0,1404172800
5575,678,3.0,1371168000
5576,678,5.0,1344124800
5577,678,5.0,1381968000
5578,678,1.0,1269561600
5579,677,4.0,1346976000
5580,677,5.0,1383696000
5581,677,5.0,1384560000
5582,677,5.0,1383523200
5583,677,2.0,1347148800
5584,677,5.0,1266105600
5585,677,5.0,1313798400
5586,677,4.0,1215907200
5587,677,5.0,1199577600
5588,677,5.0,1378339200
5589,677,1.0,1348358400
5590,677,4.0,1281398400
5591,677,4.0,1380931200
5592,677,5.0,1348358400
5593,677,4.0,1256860800
5594,677,5.0,1251158400
5595,677,5.0,1390953600
5596,677,5.0,1231545600
5597,677,3.0,1230422400
5598,677,3.0,1247961600
5599,677,3.0,1250640000
5600,677,4.0,1303257600
5601,677,3.0,1355702400
5602,677,3.0,1359676800
5603,677,5.0,1305849600
5604,677,1.0,1392422400
5605,677,3.0,1368662400
5606,677,5.0,1386374400
5607,677,1.0,1306800000
5608,677,5.0,1335484800
5609,677,2.0,1256083200
5610,677,5.0,1404259200
5611,677,4.0,1295827200
5554,677,5.0,1355097600
5612,677,5.0,1332460800
5613,677,1.0,1353801600
5614,677,4.0,1286841600
5615,677,4.0,1330732800
5616,677,5.0,1229040000
5617,677,4.0,1286841600
5618,677,5.0,1344902400
5619,677,5.0,1316995200
5620,677,5.0,1334707200
5621,677,5.0,1248739200
5622,677,1.0,1343001600
5623,677,5.0,1319068800
5624,677,5.0,1231372800
5625,677,2.0,1369785600
5626,677,5.0,1269388800
5627,677,5.0,1194220800
5628,677,4.0,1211587200
5629,677,5.0,1218585600
5630,677,4.0,1300060800
5631,679,1.0,1309996800
5632,680,5.0,1285459200
5633,680,3.0,1316822400
5634,681,5.0,1253664000
5635,681,5.0,1355529600
5636,682,5.0,1348099200
5637,683,5.0,1296518400
5638,684,4.0,1357862400
5639,684,5.0,1320105600
5640,684,5.0,1339804800
5641,685,1.0,1266883200
5642,686,5.0,1271548800
5643,686,5.0,1404864000
5644,686,5.0,1197849600
5645,686,2.0,1217635200
5646,687,5.0,1180483200
5647,688,2.0,1352678400
5648,688,3.0,1246406400
5649,688,2.0,1298160000
5650,688,5.0,1370217600
5651,688,5.0,1254614400
5652,688,5.0,1342224000
5653,688,5.0,1182816000
5654,688,5.0,1349136000
5655,688,5.0,1391558400
5656,688,5.0,1385856000
5657,688,5.0,1392768000
5658,688,5.0,1359849600
5659,688,1.0,1394323200
5660,688,3.0,1212364800
5661,688,1.0,1389571200
831,688,4.0,1386633600
5662,688,5.0,1357430400
5663,688,1.0,1375920000
5664,688,5.0,1383177600
5665,688,2.0,1404259200
5666,688,5.0,1214092800
5667,688,5.0,1224460800
5668,688,1.0,1386028800
5669,688,5.0,1373241600
5670,688,4.0,1389830400
5671,688,4.0,1187913600
5672,688,3.0,1384473600
5673,688,5.0,1360022400
5674,688,5.0,1369872000
5675,688,5.0,1326585600
5676,688,5.0,1302998400
5677,688,2.0,1363910400
5678,688,5.0,1194912000
5679,688,5.0,1204416000
5680,688,5.0,1376524800
5681,688,1.0,1380067200
5682,688,5.0,1380672000
5683,688,5.0,1198713600
5684,688,1.0,1280448000
5685,688,5.0,1355961600
5686,688,5.0,1372550400
5687,688,5.0,1386720000
5688,689,5.0,1171497600
5689,689,3.0,1239753600
5690,690,4.0,1316649600
5691,691,5.0,1279324800
5692,691,5.0,1198886400
5693,691,5.0,1289088000
5694,691,5.0,1355529600
5695,691,4.0,1381622400
5696,691,4.0,1188604800
5697,691,3.0,1392076800
5698,691,5.0,1377302400
5699,691,1.0,1402185600
5700,691,5.0,1377734400
5701,692,5.0,1354665600
5702,692,5.0,1392940800
5703,692,5.0,1339545600
5704,692,5.0,1314576000
5705,692,5.0,1305590400
5706,692,5.0,1349049600
5707,692,3.0,1319500800
5708,692,2.0,1400457600
5709,693,5.0,1299369600
5710,695,5.0,1228521600
5711,694,5.0,1363824000
5712,696,5.0,1175385600
5713,697,5.0,1202428800
5714,698,5.0,1390867200
5715,699,5.0,1234051200
5716,699,5.0,1291334400
5717,699,5.0,1284076800
5718,699,5.0,1281830400
5719,699,4.0,1295913600
5720,699,5.0,1253318400
5721,699,5.0,1361750400
5722,699,5.0,1393372800
5723,699,5.0,1225929600
5724,699,4.0,1346716800
5725,699,4.0,1358640000
5726,699,5.0,1281916800
5727,699,4.0,1368057600
5728,699,4.0,1401321600
5729,699,4.0,1285977600
5730,700,5.0,1373846400
5731,700,5.0,1358035200
5732,700,5.0,1365811200
5733,700,5.0,1375228800
5734,700,5.0,1383696000
5735,700,5.0,1397001600
5736,700,5.0,1343088000
5737,700,5.0,1352246400
5738,700,1.0,1358553600
5739,700,5.0,1369008000
5740,700,5.0,1397433600
5741,700,5.0,1365724800
5742,700,5.0,1379116800
5743,700,3.0,1237334400
5744,700,5.0,1349049600
5745,700,5.0,1398988800
5746,700,5.0,1372291200
5747,700,5.0,1393200000
5748,700,3.0,1397952000
5749,700,5.0,1199664000
5750,700,5.0,1356566400
5751,700,5.0,1314144000
5752,700,5.0,1325203200
5753,700,5.0,1324080000
5754,700,5.0,1369094400
5755,700,5.0,1397088000
5756,700,5.0,1355270400
5757,700,5.0,1391731200
5758,700,5.0,1371686400
5759,700,5.0,1396137600
5760,700,5.0,1364256000
5761,700,5.0,1367193600
5762,700,5.0,1388102400
5763,700,5.0,1352332800
5764,700,3.0,1368144000
5765,700,5.0,1375228800
5766,700,4.0,1365292800
5767,700,5.0,1372204800
5768,700,5.0,1380672000
5769,700,5.0,1386720000
5770,700,1.0,1346284800
5771,700,5.0,1404432000
5772,700,5.0,1356825600
5773,700,5.0,1369526400
5774,700,5.0,1389657600
5775,700,5.0,1232236800
5776,700,5.0,1178668800
5777,700,5.0,1398816000
5778,700,5.0,1356566400
5779,700,5.0,1372291200
5780,700,5.0,1378425600
5781,700,4.0,1338163200
5782,700,5.0,1362096000
5783,700,5.0,1368489600
5784,700,3.0,1270944000
5785,700,5.0,1376784000
5786,700,5.0,1273968000
5787,700,5.0,1366243200
5788,700,5.0,1395705600
5789,700,5.0,1360627200
5790,700,5.0,1374451200
5791,700,4.0,1355875200
5792,700,5.0,1351123200
5793,700,5.0,1384646400
5794,700,4.0,1330646400
5795,700,5.0,1183161600
5796,700,4.0,1376784000
5797,700,5.0,1358899200
5798,700,5.0,1366329600
5799,700,5.0,1318550400
5800,700,5.0,1401062400
4198,700,5.0,1347840000
5801,700,4.0,1375660800
5802,700,5.0,1354665600
5803,700,5.0,1386806400
5804,700,5.0,1357344000
5805,700,5.0,1389571200
5806,700,5.0,1379808000
5807,700,5.0,1394496000
5808,700,5.0,1354665600
5809,700,5.0,1353542400
5810,700,5.0,1195776000
5811,700,5.0,1343606400
5812,700,5.0,1202428800
5813,700,5.0,1374278400
5814,700,5.0,1376524800
5815,700,4.0,1366502400
5816,700,5.0,1274832000
5817,700,5.0,1330560000
5818,700,5.0,1377907200
5819,700,5.0,1371254400
5820,700,5.0,1390953600
5821,700,5.0,1392940800
5822,700,5.0,1386460800
5823,700,5.0,1365465600
5824,700,5.0,1389744000
5825,700,5.0,1339372800
5826,700,5.0,1356220800
5827,700,3.0,1358208000
5828,700,5.0,1354924800
5829,700,5.0,1354752000
5830,700,4.0,1389657600
5831,700,1.0,1373500800
5832,700,5.0,1391558400
5833,701,5.0,1329177600
5834,702,5.0,1270425600
5835,702,5.0,1266105600
5836,702,5.0,1359331200
5837,702,5.0,1349654400
5838,702,5.0,1278374400
5839,702,4.0,1296172800
5840,702,5.0,1330819200
5841,702,5.0,1276646400
5842,702,1.0,1271635200
5843,702,4.0,1265155200
5844,702,5.0,1334534400
5845,702,5.0,1318118400
5846,702,5.0,1403827200
5847,702,5.0,1335139200
5848,702,4.0,1311120000
5849,702,1.0,1295481600
5850,702,5.0,1270252800
5851,702,3.0,1279497600
5852,702,5.0,1348444800
5853,702,5.0,1262995200
5854,703,1.0,1202947200
5855,703,4.0,1209168000
5856,704,5.0,1389139200
5857,704,5.0,1377734400
5858,706,5.0,1279843200
5859,705,5.0,1178496000
5860,705,1.0,1392940800
5861,705,4.0,1251244800
5862,705,5.0,1178928000
5863,705,5.0,1162944000
5864,707,5.0,1298851200
5865,707,5.0,1361232000
5866,707,1.0,1392076800
5867,707,5.0,1385510400
5868,707,5.0,1298332800
5869,707,5.0,1362268800
5870,707,4.0,1326844800
5871,707,5.0,1359072000
5872,708,5.0,1393632000
5873,708,5.0,1369094400
5874,709,5.0,1349827200
5875,709,5.0,1370131200
5876,709,1.0,1376438400
5877,709,1.0,1301356800
5878,709,4.0,1342742400
5879,709,5.0,1369958400
5880,709,3.0,1371427200
5881,709,5.0,1370476800
5882,709,5.0,1394064000
5883,709,5.0,1329350400
5884,709,5.0,1380672000
5885,709,4.0,1327363200
5886,709,4.0,1292544000
5887,709,5.0,1366502400
5888,709,5.0,1388361600
5889,709,2.0,1362009600
5890,709,1.0,1287100800
5891,710,5.0,1324252800
5892,710,1.0,1397347200
5893,710,5.0,1385856000
5894,710,1.0,1374364800
5895,710,4.0,1368057600
5896,710,5.0,1353801600
5897,710,5.0,1399420800
5898,710,5.0,1388361600
5899,710,5.0,1365811200
5900,710,5.0,1378598400
5901,710,5.0,1373932800
5902,710,5.0,1324684800
5903,710,3.0,1347494400
5904,710,5.0,1404950400
5905,710,5.0,1389744000
5906,710,5.0,1404345600
5907,710,2.0,1241395200
5908,710,5.0,1387238400
5909,710,5.0,1355702400
5910,710,5.0,1399766400
2570,710,1.0,1327968000
5911,710,2.0,1391040000
5912,710,4.0,1358899200
5913,710,1.0,1386547200
5914,710,5.0,1380844800
5915,710,5.0,1357776000
5916,710,5.0,1168300800
5917,710,4.0,1369958400
5918,710,4.0,1352332800
5919,710,5.0,1306454400
5920,710,1.0,1386374400
5921,710,3.0,1201478400
5922,710,4.0,1378684800
5923,710,5.0,1390953600
5924,710,5.0,1369958400
3865,710,5.0,1328745600
5925,710,5.0,1355788800
5926,710,5.0,1319068800
5927,710,5.0,1323734400
5928,710,2.0,1368316800
5929,710,1.0,1377561600
5930,710,5.0,1378080000
5931,710,1.0,1348963200
5932,710,1.0,1398384000
5933,710,1.0,1376784000
5934,710,2.0,1385683200
5935,710,2.0,1367884800
5936,710,5.0,1348444800
5937,710,5.0,1341273600
5938,710,5.0,1323907200
5939,710,5.0,1394928000
5940,710,5.0,1372377600
5941,710,4.0,1361491200
5942,710,3.0,1324252800
5943,710,5.0,1186444800
5944,710,5.0,1319500800
5945,710,5.0,1306627200
4919,710,5.0,1340582400
5946,710,5.0,1350777600
5947,711,5.0,1228348800
5948,711,4.0,1275436800
5949,712,5.0,1199232000
5950,713,5.0,1355616000
5951,714,5.0,1206230400
5952,714,5.0,1208736000
5953,714,5.0,1213920000
5954,715,5.0,1174089600
5955,716,5.0,1349827200
5956,716,5.0,1328572800
5957,717,5.0,1181174400
5958,718,3.0,1347235200
5959,719,5.0,1301356800
5960,719,3.0,1239408000
5961,721,4.0,1381276800
5962,721,5.0,1392595200
5963,721,5.0,1360627200
5964,721,5.0,1362614400
5965,721,5.0,1376870400
5966,721,3.0,1394582400
5967,721,5.0,1325116800
5968,721,5.0,1400716800
5969,721,3.0,1353888000
5970,721,5.0,1383955200
5971,721,4.0,1383350400
5972,721,5.0,1340668800
5973,721,2.0,1316044800
5974,721,5.0,1378771200
5975,721,5.0,1368057600
5976,721,5.0,1387929600
5977,721,5.0,1356220800
5978,721,5.0,1350259200
5979,721,5.0,1298764800
5980,721,1.0,1322611200
5981,721,5.0,1371772800
5982,721,5.0,1299283200
5983,721,5.0,1360972800
5984,721,5.0,1318118400
5985,721,5.0,1302393600
5986,721,2.0,1362355200
5987,721,5.0,1374796800
5988,721,3.0,1383091200
5989,721,5.0,1389657600
5990,721,1.0,1382745600
5991,721,5.0,1341014400
5992,721,5.0,1389225600
5993,721,2.0,1359072000
5994,721,5.0,1382054400
5995,721,5.0,1360108800
5996,721,5.0,1373155200
5997,721,5.0,1382227200
5998,721,5.0,1368403200
5999,721,5.0,1372032000
6000,721,5.0,1348790400
6001,721,5.0,1343088000
6002,721,2.0,1384646400
1123,721,5.0,1314835200
2243,721,4.0,1366156800
6003,721,5.0,1340064000
6004,721,5.0,1400284800
6005,721,5.0,1386115200
6006,721,1.0,1376006400
6007,721,5.0,1375056000
6008,721,5.0,1401840000
6009,721,3.0,1346371200
6010,721,5.0,1403395200
6011,721,5.0,1384041600
4375,721,1.0,1353283200
6012,721,5.0,1397606400
6013,721,5.0,1338854400
6014,721,5.0,1367884800
6015,721,4.0,1379548800
6016,721,3.0,1336953600
6017,721,5.0,1378339200
6018,721,2.0,1373328000
6019,721,5.0,1350345600
6020,721,5.0,1368662400
6021,721,5.0,1385683200
6022,721,5.0,1388448000
6023,721,5.0,1378598400
6024,721,5.0,1339286400
6025,721,5.0,1372809600
6026,721,4.0,1369440000
6027,721,5.0,1400198400
6028,721,5.0,1364515200
6029,721,5.0,1366761600
6030,721,5.0,1371168000
6031,721,1.0,1373673600
6032,721,4.0,1387238400
6033,721,5.0,1391558400
6034,721,5.0,1389225600
6035,721,4.0,1385510400
6036,721,1.0,1306108800
6037,721,5.0,1375920000
6038,721,5.0,1321660800
6039,721,3.0,1390435200
6040,721,5.0,1314576000
6041,721,5.0,1401753600
6042,721,5.0,1377388800
6043,721,5.0,1377993600
6044,721,3.0,1336435200
6045,721,5.0,1356220800
6046,721,5.0,1365033600
6047,720,1.0,1313107200
6048,720,5.0,1356652800
6049,720,5.0,1402185600
6050,722,3.0,1290902400
6051,722,5.0,1246233600
6052,723,3.0,1405555200
6053,723,5.0,1405209600
6054,723,5.0,1405468800
6055,723,5.0,1333929600
6056,723,2.0,1361836800
6057,723,4.0,1363132800
6058,723,5.0,1335139200
6059,723,5.0,1369440000
6060,723,5.0,1362096000
6061,723,5.0,1374105600
6062,723,4.0,1381881600
6063,723,1.0,1307232000
6064,723,5.0,1355616000
6065,723,1.0,1353369600
6066,723,5.0,1288656000
6067,723,2.0,1386201600
6068,723,3.0,1380672000
6069,723,4.0,1397347200
6070,723,5.0,1382486400
6071,723,4.0,1338336000
6072,723,5.0,1375747200
6073,723,4.0,1388620800
6074,723,5.0,1369872000
6075,723,3.0,1358812800
6076,723,4.0,1364428800
6077,723,5.0,1370390400
6078,723,5.0,1317945600
6079,723,5.0,1372291200
6080,723,4.0,1378339200
6081,723,5.0,1360800000
6082,723,4.0,1357689600
6083,723,5.0,1334534400
6084,723,4.0,1361664000
6085,723,5.0,1359936000
6086,723,4.0,1359936000
6087,723,3.0,1373241600
6088,723,1.0,1354838400
6089,723,5.0,1388620800
6090,723,5.0,1373846400
6091,723,5.0,1374883200
6092,723,1.0,1344297600
6093,723,3.0,1387152000
6094,723,4.0,1375056000
6095,723,3.0,1331164800
6096,723,5.0,1387497600
6097,723,4.0,1374537600
6098,723,3.0,1376956800
6099,723,3.0,1367366400
6100,723,5.0,1380585600
6101,723,2.0,1376006400
6102,723,4.0,1240790400
6103,723,5.0,1360108800
6104,723,1.0,1367193600
6105,723,1.0,1377129600
6106,723,5.0,1394150400
6107,723,5.0,1386720000
6108,723,5.0,1369872000
6109,723,4.0,1402272000
6110,723,5.0,1379462400
6111,723,5.0,1381190400
6112,723,3.0,1355270400
6113,723,1.0,1386460800
6114,723,4.0,1332633600
6115,723,4.0,1390435200
6116,723,1.0,1329782400
6117,723,3.0,1356307200
6118,723,5.0,1385251200
6119,723,4.0,1332979200
6120,723,4.0,1220313600
6121,723,5.0,1372550400
6122,723,2.0,1358294400
6123,723,3.0,1370995200
6124,723,5.0,1402272000
6125,723,4.0,1391126400
6126,723,5.0,1386288000
6127,723,4.0,1354665600
6128,723,5.0,1342483200
6129,723,4.0,1292457600
6130,723,3.0,1358553600
6131,723,4.0,1362268800
6132,723,4.0,1371859200
6133,723,5.0,1365120000
6134,723,3.0,1356739200
6135,723,2.0,1393977600
6136,723,5.0,1375920000
6137,723,4.0,1252022400
6138,723,1.0,1364688000
6139,723,5.0,1375228800
6140,723,4.0,1361232000
6141,723,2.0,1342051200
6142,723,4.0,1362355200
6143,723,3.0,1356825600
6144,723,3.0,1341964800
6145,723,4.0,1252108800
6146,723,5.0,1363132800
6147,723,5.0,1381190400
6148,723,4.0,1353542400
6149,723,5.0,1365724800
6150,723,5.0,1346112000
6151,723,1.0,1375660800
6152,723,4.0,1369526400
6153,723,5.0,1357430400
6154,723,5.0,1375833600
6155,723,1.0,1380067200
6156,723,5.0,1362441600
6157,723,3.0,1364601600
6158,723,5.0,1390089600
6159,723,5.0,1404950400
6160,723,3.0,1353974400
6161,723,4.0,1352678400
6162,723,5.0,1356048000
6163,723,3.0,1348963200
6164,723,5.0,1384473600
6165,723,5.0,1378684800
6166,723,4.0,1199491200
6167,723,5.0,1351209600
6168,723,5.0,1368835200
6169,723,5.0,1297641600
6170,723,5.0,1332720000
6171,723,4.0,1366761600
6172,723,5.0,1248307200
6173,723,1.0,1381104000
6174,723,1.0,1362268800
6175,723,4.0,1352505600
6176,723,4.0,1372809600
6177,723,5.0,1269820800
6178,723,5.0,1379548800
6179,723,5.0,1371859200
6180,723,2.0,1349913600
6181,723,5.0,1379635200
6182,723,5.0,1378252800
6183,723,3.0,1362355200
6184,723,5.0,1385683200
6185,723,2.0,1364428800
6186,723,4.0,1354060800
6187,723,5.0,1318896000
6188,723,2.0,1343001600
6189,723,4.0,1393891200
6190,723,4.0,1381190400
6191,723,5.0,1384300800
6192,723,5.0,1326240000
6193,723,5.0,1180656000
6194,723,5.0,1317081600
6195,723,2.0,1359417600
6196,723,5.0,1390435200
6197,723,1.0,1362528000
6198,723,5.0,1351468800
6199,723,4.0,1355356800
6200,723,4.0,1368489600
6201,723,5.0,1362355200
6202,723,1.0,1380672000
6203,723,4.0,1298160000
6204,723,5.0,1356739200
6205,723,5.0,1355702400
6206,723,4.0,1369180800
6207,723,5.0,1346976000
6208,723,4.0,1296518400
6209,723,4.0,1285459200
6210,723,3.0,1358553600
6211,723,4.0,1359849600
6212,723,3.0,1358380800
6213,723,5.0,1324944000
6214,723,3.0,1363564800
3932,723,1.0,1214870400
6215,723,5.0,1362787200
6216,723,3.0,1381363200
6217,723,5.0,1385596800
6218,723,5.0,1359331200
6219,723,3.0,1368230400
6220,723,2.0,1370304000
6221,723,5.0,1374451200
6222,723,4.0,1344384000
6223,723,5.0,1359849600
6224,723,3.0,1345161600
6225,723,4.0,1388534400
6226,723,4.0,1237852800
6227,723,5.0,1344211200
6228,723,3.0,1345507200
6229,723,5.0,1337212800
6230,723,5.0,1355702400
6231,723,2.0,1375056000
6232,723,3.0,1386460800
6233,723,5.0,1365206400
6234,723,5.0,1255737600
6235,723,1.0,1391817600
6236,723,3.0,1362960000
6237,723,5.0,1359936000
6238,723,5.0,1362182400
6239,723,1.0,1383436800
6240,723,5.0,1359849600
6241,723,5.0,1381017600
6242,723,5.0,1377388800
6243,723,5.0,1395187200
6244,723,3.0,1355356800
6245,723,5.0,1358899200
6246,723,5.0,1342051200
6247,723,4.0,1390867200
4626,723,4.0,1389657600
6248,723,5.0,1374105600
6249,723,1.0,1390176000
6250,723,5.0,1367625600
6251,723,5.0,1353369600
6252,723,3.0,1371600000
6253,723,4.0,1370476800
6254,723,5.0,1393977600
6255,723,5.0,1263945600
6256,723,5.0,1357344000
6257,723,4.0,1360454400
6258,723,1.0,1357430400
6259,723,4.0,1357776000
6260,723,1.0,1360886400
6261,723,4.0,1341964800
6262,723,5.0,1357084800
6263,723,1.0,1363737600
6264,723,1.0,1378252800
6265,723,5.0,1371081600
6266,723,4.0,1230422400
6267,723,4.0,1360886400
6268,723,4.0,1379462400
6269,723,4.0,1388793600
6270,723,5.0,1330819200
6271,723,2.0,1375574400
6272,723,4.0,1382486400
6273,723,5.0,1339804800
6274,723,1.0,1317859200
6275,723,5.0,1356048000
6276,723,4.0,1372723200
6277,723,3.0,1384992000
6278,723,5.0,1387065600
6279,723,2.0,1389312000
6280,723,4.0,1362614400
6281,723,1.0,1361836800
6282,723,4.0,1374969600
6283,723,5.0,1393804800
6284,723,5.0,1372723200
6285,723,3.0,1361145600
6286,723,3.0,1369094400
6287,723,1.0,1363132800
6288,723,5.0,1368057600
6289,723,3.0,1384387200
6290,723,2.0,1369440000
6291,723,4.0,1379462400
6292,723,1.0,1390521600
6293,723,5.0,1359504000
6294,723,5.0,1355529600
6295,723,4.0,1386028800
6296,723,4.0,1374278400
6297,723,4.0,1355011200
6298,723,5.0,1358640000
6299,723,5.0,1364083200
6300,723,2.0,1380326400
6301,723,3.0,1280448000
6302,723,3.0,1400112000
6303,723,5.0,1336089600
6304,723,2.0,1372291200
6305,723,5.0,1376006400
6306,723,1.0,1389484800
6307,723,2.0,1362355200
6308,723,4.0,1378252800
6309,723,5.0,1377648000
6310,723,5.0,1379548800
6311,723,1.0,1344211200
6312,723,5.0,1340668800
6313,723,5.0,1370131200
6314,723,2.0,1381881600
6315,723,3.0,1245542400
6316,723,5.0,1354060800
6317,723,1.0,1389139200
6318,723,5.0,1386892800
6319,723,2.0,1370995200
6320,723,4.0,1328486400
6321,723,4.0,1390176000
6322,723,3.0,1238544000
6323,723,5.0,1302739200
6324,723,5.0,1371081600
6325,723,2.0,1404000000
6326,723,5.0,1316563200
6327,723,1.0,1378684800
6328,723,3.0,1388275200
6329,723,3.0,1369267200
6330,723,5.0,1369958400
6331,723,4.0,1379462400
4854,723,5.0,1378339200
6332,723,5.0,1367020800
6333,723,5.0,1374019200
6334,723,5.0,1367452800
6335,723,4.0,1364428800
6336,723,5.0,1365811200
6337,723,1.0,1397174400
6338,723,5.0,1376438400
6339,723,5.0,1360540800
6340,723,3.0,1360281600
6341,723,4.0,1371340800
6342,723,5.0,1349395200
6343,723,5.0,1390780800
6344,723,2.0,1378512000
6345,723,5.0,1366243200
6346,723,3.0,1360713600
6347,723,5.0,1403308800
6348,723,3.0,1381795200
6349,723,4.0,1376524800
6350,723,3.0,1335484800
6351,723,5.0,1359417600
6352,723,5.0,1349654400
6353,723,2.0,1350432000
6354,723,4.0,1401148800
6355,723,3.0,1384473600
6356,723,1.0,1362182400
6357,723,4.0,1380153600
6358,723,1.0,1375660800
6359,723,1.0,1350691200
6360,723,4.0,1367971200
6361,723,5.0,1399680000
6362,723,5.0,1371427200
6363,723,1.0,1244678400
6364,723,1.0,1361836800
6365,723,1.0,1379635200
6366,723,1.0,1355443200
6367,723,5.0,1310774400
6368,723,5.0,1359849600
6369,723,4.0,1363132800
6370,723,1.0,1374451200
6371,723,5.0,1336780800
6372,724,1.0,1324598400
6373,725,5.0,1380672000
6374,725,5.0,1403568000
6375,725,5.0,1362960000
6376,725,5.0,1352419200
6377,725,5.0,1369958400
6378,725,5.0,1388361600
6379,725,4.0,1194393600
6380,725,5.0,1371859200
6381,725,1.0,1404518400
6382,725,5.0,1316736000
6383,725,5.0,1388361600
6384,726,5.0,1253059200
6385,726,5.0,1212969600
6386,727,3.0,1227225600
6387,728,5.0,1273536000
6388,729,4.0,1232668800
6389,730,5.0,1195948800
6390,730,5.0,1355875200
6391,731,3.0,1399593600
6392,732,3.0,1372032000
6393,733,5.0,1360022400
6394,733,5.0,1350777600
6395,733,4.0,1360281600
6396,733,5.0,1356220800
6397,733,5.0,1356220800
6398,734,5.0,1357516800
6399,735,5.0,1360627200
6400,735,5.0,1362700800
6401,735,5.0,1344556800
6402,735,5.0,1390780800
6403,736,5.0,1344124800
6404,736,5.0,1378252800
6405,736,5.0,1376697600
6406,736,5.0,1235088000
6407,736,4.0,1367625600
6408,736,5.0,1386374400
6409,736,5.0,1365465600
6410,736,4.0,1367971200
6411,736,3.0,1398038400
6412,736,2.0,1361577600
6413,737,5.0,1360022400
6414,737,5.0,1380499200
6415,737,2.0,1377993600
6416,737,4.0,1369785600
6417,737,5.0,1365724800
6418,737,5.0,1373500800
6419,737,5.0,1383004800
6420,738,4.0,1403913600
6421,738,1.0,1323648000
6422,738,4.0,1355616000
6423,738,5.0,1349136000
6424,738,5.0,1333497600
6425,739,5.0,1206403200
6426,739,1.0,1220140800
6427,739,2.0,1382054400
6428,739,1.0,1204156800
67,740,5.0,1169769600
67,741,5.0,1167609600
6429,742,5.0,1201132800
6430,743,5.0,1353456000
6431,744,5.0,1345507200
6432,744,5.0,1397174400
6433,744,5.0,1373587200
6434,744,5.0,1179360000
6435,744,5.0,1394496000
6436,745,1.0,1220313600
6437,745,1.0,1196812800
6438,745,1.0,1193875200
6439,745,1.0,1198627200
1729,745,1.0,1247702400
6440,745,3.0,1262908800
6441,746,3.0,1223769600
6442,746,5.0,1179964800
6443,746,5.0,1179532800
6444,746,5.0,1259280000
6445,746,4.0,1196812800
6446,746,5.0,1217980800
6447,746,5.0,1307404800
6448,746,5.0,1209340800
6449,746,1.0,1200182400
6450,746,1.0,1202169600
6451,746,5.0,1194220800
6452,746,3.0,1194048000
6453,746,2.0,1274745600
6454,746,5.0,1191369600
6455,746,3.0,1204502400
6456,746,5.0,1204934400
6457,746,3.0,1199664000
6458,746,2.0,1191974400
6459,746,2.0,1200787200
6460,746,1.0,1199750400
6461,746,4.0,1204416000
6462,746,5.0,1191542400
6463,746,5.0,1228176000
6464,746,5.0,1199750400
6465,746,3.0,1254355200
6466,746,2.0,1221264000
6467,746,3.0,1194566400
6468,746,4.0,1178928000
6469,747,5.0,1231632000
6470,748,5.0,1212278400
6471,749,1.0,1329955200
6472,749,5.0,1237334400
6473,750,3.0,1174867200
6474,751,5.0,1355702400
6475,751,1.0,1393372800
6476,751,5.0,1360627200
6477,751,5.0,1324598400
6478,751,5.0,1201910400
6479,751,4.0,1245888000
6480,751,5.0,1374364800
6481,751,2.0,1348272000
6482,751,5.0,1351728000
6483,751,5.0,1274486400
6484,751,5.0,1355097600
6485,751,5.0,1300492800
6486,751,1.0,1333065600
6487,751,5.0,1358553600
6488,751,5.0,1172534400
6489,751,5.0,1345939200
6490,751,2.0,1365379200
6491,751,5.0,1313539200
6492,751,5.0,1324425600
6493,751,2.0,1369699200
6494,751,1.0,1273795200
6495,751,5.0,1386288000
6496,751,5.0,1238025600
6497,752,5.0,1196812800
6498,753,5.0,1393200000
6499,753,5.0,1199750400
6500,753,5.0,1390953600
6501,754,1.0,1181001600
6502,754,5.0,1178928000
6503,755,1.0,1232323200
6504,756,2.0,1179100800
6505,757,5.0,1242000000
6506,758,5.0,1231804800
3508,758,5.0,1286755200
6507,759,4.0,1325635200
6508,759,5.0,1367020800
6509,759,5.0,1293062400
6510,759,3.0,1295913600
6511,760,5.0,1402272000
6512,761,3.0,1207353600
6513,761,5.0,1181433600
6514,762,5.0,1186444800
6515,763,5.0,1266364800
6516,765,1.0,1307318400
6517,765,5.0,1329091200
6518,765,5.0,1336953600
6519,765,3.0,1398729600
6520,765,5.0,1300924800
6521,765,5.0,1273795200
6522,765,5.0,1356220800
6523,765,5.0,1280534400
6524,764,5.0,1319846400
4266,766,5.0,1252627200
6525,766,5.0,1276041600
6526,766,3.0,1373500800
6527,767,1.0,1232236800
6528,767,1.0,1200009600
6529,767,1.0,1265587200
6530,767,3.0,1168300800
6531,768,5.0,1290038400
6532,768,5.0,1293321600
6533,769,5.0,1366761600
6534,770,5.0,1351555200
6535,770,1.0,1320019200
6536,770,1.0,1394064000
6537,770,5.0,1257379200
6538,770,5.0,1362960000
6539,770,3.0,1403740800
6540,771,5.0,1313193600
6541,772,4.0,1264118400
6542,772,5.0,1300147200
6543,772,5.0,1368576000
6544,772,5.0,1317600000
6545,772,5.0,1297987200
6546,772,4.0,1309305600
6547,773,5.0,1215475200
6548,774,5.0,1254009600
6549,774,4.0,1367280000
6550,775,3.0,1363564800
6551,775,3.0,1314576000
6552,775,5.0,1306972800
6553,775,5.0,1387238400
6554,775,4.0,1123632000
6555,775,5.0,1395878400
6556,775,5.0,1369440000
6557,775,5.0,1169942400
6558,775,5.0,1343001600
6559,775,5.0,1360713600
6560,775,4.0,1326240000
6561,775,4.0,1372636800
6562,775,4.0,1359763200
6563,775,1.0,1333324800
6564,775,4.0,1371686400
6565,775,4.0,1294099200
6566,775,5.0,1362700800
6567,775,5.0,1373760000
6568,775,5.0,1119571200
6569,775,5.0,1394496000
6570,775,5.0,1374019200
6571,775,5.0,1334966400
1702,775,1.0,1393113600
6572,775,5.0,1374710400
6573,775,5.0,1290038400
6574,775,5.0,1315526400
6575,775,5.0,1396396800
6576,775,5.0,1284336000
6577,775,4.0,1220918400
6578,775,2.0,1291507200
6579,775,4.0,1378684800
6580,775,5.0,1373068800
6581,775,5.0,1356480000
6582,775,5.0,1404259200
6583,775,4.0,1360108800
6584,775,5.0,1307923200
6585,775,5.0,1398902400
6586,775,1.0,1376092800
6587,775,5.0,1403568000
6588,775,5.0,1259452800
6589,775,5.0,1387497600
6590,775,3.0,1383609600
6591,776,5.0,1313712000
6592,776,5.0,1335225600
6593,776,5.0,1319414400
6594,777,5.0,1359676800
6595,778,5.0,1301875200
6596,778,5.0,1256688000
6597,780,5.0,1258070400
6598,780,1.0,1229644800
6599,779,5.0,1357603200
6600,781,5.0,1239667200
6601,781,5.0,1242345600
6602,781,5.0,1250899200
6603,782,5.0,1376956800
6604,783,5.0,1207353600
6605,784,5.0,1330560000
6606,785,2.0,1388880000
6607,785,1.0,1235433600
6608,785,1.0,1180483200
6609,786,5.0,1318291200
6610,786,5.0,1199232000
6611,786,5.0,1379894400
6612,787,5.0,1271030400
6613,787,5.0,1188518400
6614,787,5.0,1264118400
6615,788,4.0,1334534400
6616,789,5.0,1220313600
6617,790,4.0,1404345600
1055,790,5.0,1403827200
6618,790,5.0,1360281600
6619,791,5.0,1358899200
6620,791,5.0,1342396800
6621,791,5.0,1337817600
6622,792,2.0,1237334400
6623,793,5.0,1206748800
6624,793,5.0,1290902400
6625,793,5.0,1254614400
6626,793,3.0,1341532800
6627,793,5.0,1243468800
6628,794,5.0,1396310400
6629,796,5.0,1334361600
6630,796,4.0,1202688000
6631,795,3.0,1167177600
6632,795,1.0,1232928000
6633,795,1.0,1196640000
6634,797,5.0,1194480000
6635,798,5.0,1314921600
6636,799,5.0,1307059200
6637,799,5.0,1367798400
6638,800,2.0,1246060800
6639,801,2.0,1227398400
6640,801,5.0,1225238400
6641,801,5.0,1190678400
6642,801,3.0,1199836800
6643,801,5.0,1207440000
6644,801,4.0,1206489600
6645,801,3.0,1219795200
6646,801,4.0,1189382400
6647,801,5.0,1204329600
6648,801,4.0,1213488000
6649,801,4.0,1184284800
6650,801,1.0,1185840000
6651,801,5.0,1238630400
6652,801,5.0,1234137600
6653,801,5.0,1226620800
6654,801,5.0,1257292800
6655,803,5.0,1309651200
6656,803,5.0,1337385600
6657,803,5.0,1311292800
6658,803,4.0,1355270400
6659,803,5.0,1181692800
6660,803,5.0,1243123200
6661,803,4.0,1186099200
6662,803,2.0,1333670400
6663,803,1.0,1183766400
6664,803,5.0,1374624000
6665,803,2.0,1312070400
6666,803,5.0,1184544000
6667,803,5.0,1375660800
6668,803,3.0,1281225600
6669,803,1.0,1314921600
6670,803,3.0,1191628800
6671,803,5.0,1309219200
6672,803,5.0,1357344000
6673,803,3.0,1341964800
6674,803,4.0,1336867200
6675,803,4.0,1274486400
6676,803,5.0,1200182400
6677,803,3.0,1356998400
6678,803,1.0,1304899200
6679,803,5.0,1308009600
6680,803,5.0,1344211200
6681,803,5.0,1343174400
6682,803,5.0,1353888000
6683,803,5.0,1206316800
6684,803,3.0,1310083200
6685,803,4.0,1281312000
6686,803,5.0,1368748800
6687,803,5.0,1331424000
6688,803,4.0,1277856000
6689,803,5.0,1386633600
6690,803,4.0,1311120000
6691,803,5.0,1215648000
6692,803,5.0,1172966400
6693,803,5.0,1332633600
6694,803,5.0,1243296000
6695,803,3.0,1353110400
6696,803,5.0,1211328000
6697,803,4.0,1325376000
6698,803,5.0,1403827200
6699,803,5.0,1396656000
6700,803,5.0,1341964800
6701,803,4.0,1338336000
6702,802,4.0,1262217600
6703,805,5.0,1174262400
6704,805,1.0,1204243200
6705,805,1.0,1207353600
6706,804,2.0,1326585600
6707,806,5.0,1242259200
6708,806,5.0,1208131200
6709,806,5.0,1203033600
6710,806,5.0,1387584000
6711,806,5.0,1285372800
6712,807,5.0,1325116800
6713,808,5.0,1335484800
6714,808,5.0,1362787200
6715,809,5.0,1356480000
6716,811,5.0,1377648000
6717,811,5.0,1370995200
6718,812,5.0,1220572800
6719,812,5.0,1224806400
6720,812,5.0,1202428800
6721,812,5.0,1238025600
6722,812,5.0,1243555200
6723,812,5.0,1224028800
6724,812,5.0,1313625600
6725,812,5.0,1209513600
6726,812,5.0,1194739200
6727,812,5.0,1213401600
6728,812,5.0,1189900800
6729,812,5.0,1381881600
6730,812,5.0,1267574400
6731,812,5.0,1194739200
6732,810,5.0,1229904000
6733,813,5.0,1188864000
6734,815,5.0,1402790400
6735,814,5.0,1282521600
6736,816,3.0,1279065600
6737,816,5.0,1388620800
6738,816,4.0,1403740800
6739,816,1.0,1405036800
6740,816,5.0,1242172800
6741,817,5.0,1328313600
6742,818,5.0,1219017600
6743,819,5.0,1205971200
6744,819,5.0,1184716800
6745,819,5.0,1210896000
6746,819,5.0,1234310400
6747,820,5.0,1232841600
6748,821,1.0,1231200000
6749,822,5.0,1222992000
6750,822,4.0,1215561600
6751,822,5.0,1238284800
6752,822,5.0,1215043200
2045,822,4.0,1244160000
6753,823,5.0,1393200000
6754,824,2.0,1354147200
6755,825,5.0,1303948800
6756,826,4.0,1355184000
6757,826,2.0,1313798400
6758,826,5.0,1231632000
6759,826,5.0,1264464000
6760,826,5.0,1328659200
6761,826,5.0,1327017600
6762,827,5.0,1180310400
6763,828,5.0,1220572800
6764,828,3.0,1184371200
6765,828,5.0,1262736000
6766,828,2.0,1242086400
6767,828,5.0,1232755200
6768,828,5.0,1219795200
6769,828,5.0,1211587200
6770,828,5.0,1189468800
6771,829,5.0,1383868800
6772,830,5.0,1278201600
6773,830,5.0,1404777600
6774,830,5.0,1384041600
6775,830,5.0,1389398400
6776,831,2.0,1214784000
6777,831,5.0,1349913600
6778,831,5.0,1369267200
6779,831,1.0,1245542400
6780,831,5.0,1362355200
6781,831,5.0,1272153600
6782,832,5.0,1307145600
6783,832,5.0,1197676800
6784,833,5.0,1296432000
6785,833,3.0,1358121600
6443,834,3.0,1225756800
6786,834,4.0,1273968000
6787,834,5.0,1197072000
6788,834,2.0,1198886400
6789,834,3.0,1220832000
6790,834,5.0,1307577600
6791,835,1.0,1181606400
6792,835,5.0,1287705600
6793,835,4.0,1302652800
6794,835,1.0,1206748800
6795,836,4.0,1194998400
6796,837,5.0,1298764800
6797,838,5.0,1332633600
6798,838,5.0,1354233600
6799,839,1.0,1360281600
6800,840,5.0,1368057600
6801,841,1.0,1281830400
6802,841,5.0,1262649600
6803,843,5.0,1351814400
6804,842,2.0,1373587200
6805,842,2.0,1378944000
6806,844,5.0,1372204800
6807,844,5.0,1348704000
6808,845,5.0,1195430400
6809,845,4.0,1374105600
6810,845,5.0,1388361600
6811,845,5.0,1392422400
6812,845,5.0,1369094400
6813,845,3.0,1388016000
6814,845,5.0,1362009600
6815,845,5.0,1381276800
6816,845,4.0,1284508800
6817,845,1.0,1403049600
6818,845,5.0,1404777600
6819,845,5.0,1167782400
6820,845,3.0,1372204800
4087,846,2.0,1221436800
6821,847,5.0,1359244800
6822,847,5.0,1376438400
6823,849,2.0,1266105600
6824,848,5.0,1353456000
6825,850,3.0,1295481600
6826,850,3.0,1360886400
6827,850,5.0,1357344000
6828,852,5.0,1366329600
6829,852,5.0,1398470400
6830,852,5.0,1359504000
6831,852,5.0,1398038400
6832,852,1.0,1380758400
6833,852,5.0,1370476800
6834,852,4.0,1378425600
6835,852,5.0,1397260800
6836,851,5.0,1334620800
6837,851,1.0,1384560000
6838,853,5.0,1186185600
6839,854,1.0,1234915200
6840,854,1.0,1338249600
6841,854,5.0,1207180800
6842,854,1.0,1325116800
6843,854,1.0,1359936000
6844,855,5.0,1322179200
6845,855,5.0,1350518400
6846,855,5.0,1319587200
6847,855,5.0,1392595200
6848,856,4.0,1321574400
6849,856,5.0,1258416000
6850,857,5.0,1319414400
6851,858,5.0,1306972800
6852,859,5.0,1198972800
6853,860,4.0,1400025600
6854,860,5.0,1345680000
6855,860,5.0,1348444800
6856,860,2.0,1404345600
6857,860,5.0,1404864000
6858,860,5.0,1355097600
6859,860,5.0,1376265600
6860,860,5.0,1379721600
6861,860,4.0,1359331200
6862,860,5.0,1398038400
6863,860,5.0,1399161600
6864,860,5.0,1379721600
6865,860,5.0,1404777600
6866,860,5.0,1377388800
6867,860,5.0,1368057600
6868,860,5.0,1399680000
6869,860,5.0,1272844800
6870,860,5.0,1361232000
6871,860,4.0,1338076800
6872,860,5.0,1378166400
6873,860,5.0,1382054400
6874,860,5.0,1345680000
6875,860,5.0,1346025600
6876,860,5.0,1364515200
6877,860,5.0,1343865600
6878,860,2.0,1373760000
6879,860,2.0,1361836800
6880,860,1.0,1372982400
6881,860,5.0,1359849600
6882,860,5.0,1375315200
6883,860,5.0,1324684800
6884,861,5.0,1367625600
6885,862,2.0,1299888000
6886,863,3.0,1287446400
6887,863,5.0,1224892800
6888,863,5.0,1255910400
6889,863,1.0,1201651200
6890,863,3.0,1294876800
6891,864,5.0,1354752000
6892,865,4.0,1360540800
6893,865,1.0,1234137600
6894,866,3.0,1179100800
6895,867,5.0,1228694400
6896,868,5.0,1199750400
6897,869,5.0,1262563200
6898,869,5.0,1268438400
6899,870,5.0,1345593600
6900,870,1.0,1393804800
6901,872,5.0,1350172800
6902,872,5.0,1185926400
6903,871,5.0,1289347200
6904,873,2.0,1334793600
6905,873,5.0,1239926400
6906,873,5.0,1299628800
6907,873,5.0,1320019200
6908,873,5.0,1254096000
6909,873,5.0,1339545600
6910,873,4.0,1180483200
6911,874,4.0,1405555200
6912,874,4.0,1361750400
6913,874,1.0,1356998400
6914,874,5.0,1359590400
6915,874,2.0,1374105600
6916,874,2.0,1389052800
6917,874,4.0,1363219200
6918,874,3.0,1296086400
6919,874,5.0,1376006400
6920,874,1.0,1367712000
6921,874,5.0,1311120000
6922,874,5.0,1359331200
6923,874,5.0,1376265600
6924,874,5.0,1375056000
6925,874,2.0,1362700800
6926,874,5.0,1321142400
6927,874,5.0,1370563200
6928,874,5.0,1388707200
6929,874,5.0,1358640000
6930,874,4.0,1254528000
6931,874,2.0,1304985600
6932,874,5.0,1264464000
6933,874,2.0,1299369600
6934,874,4.0,1280016000
6935,874,3.0,1389916800
6936,874,4.0,1295308800
6937,874,4.0,1291680000
6938,874,5.0,1345161600
6939,874,2.0,1301961600
6940,875,4.0,1229904000
6941,875,5.0,1257033600
6942,875,3.0,1380844800
6943,875,5.0,1368748800
6944,875,5.0,1363651200
6945,875,5.0,1389398400
6946,875,3.0,1292284800
6947,875,5.0,1245110400
6948,875,5.0,1369699200
6949,875,5.0,1312848000
6950,876,5.0,1279497600
6951,876,4.0,1387238400
6952,876,5.0,1374105600
6953,876,5.0,1395964800
6954,876,5.0,1362355200
6955,876,4.0,1390867200
6956,876,5.0,1405036800
6957,876,5.0,1367798400
6958,876,5.0,1275004800
6959,876,5.0,1388620800
6960,876,5.0,1391299200
6961,876,5.0,1404345600
6962,876,5.0,1390780800
6963,876,5.0,1244419200
6964,876,5.0,1401062400
6965,876,5.0,1401926400
6966,876,3.0,1387584000
6967,876,3.0,1374192000
6968,876,5.0,1398038400
6969,876,5.0,1378512000
6970,876,5.0,1385510400
6971,877,1.0,1386806400
6972,877,5.0,1242259200
6973,877,5.0,1282867200
6974,877,5.0,1397779200
6975,877,5.0,1357257600
6976,877,5.0,1349481600
6977,877,5.0,1400889600
6978,877,2.0,1367712000
6979,877,5.0,1388188800
6980,877,5.0,1274313600
6981,877,5.0,1394841600
6982,877,5.0,1381104000
6983,877,5.0,1358467200
6984,877,5.0,1381276800
6985,877,2.0,1267315200
6986,878,5.0,1384128000
6987,878,1.0,1355270400
6988,878,5.0,1348617600
6989,878,5.0,1398816000
6990,878,5.0,1381622400
6991,878,5.0,1311292800
6992,878,5.0,1348531200
4308,879,5.0,1255996800
6993,880,5.0,1206144000
6994,880,5.0,1237766400
6995,880,5.0,1195603200
6996,880,5.0,1249776000
6997,880,5.0,1193702400
6998,880,5.0,1253059200
6999,880,5.0,1206835200
7000,880,1.0,1234828800
7001,881,2.0,1319500800
7002,882,5.0,1327622400
7003,883,5.0,1350864000
1545,884,5.0,1209600000
2719,884,5.0,1211760000
7004,885,5.0,1371772800
7005,886,3.0,1405209600
7006,886,4.0,1342742400
7007,886,5.0,1382832000
7008,886,5.0,1330732800
7009,886,3.0,1370217600
7010,886,4.0,1330560000
7011,886,4.0,1376179200
7012,886,5.0,1333929600
7013,886,5.0,1393891200
7014,886,5.0,1383436800
7015,886,5.0,1368057600
7016,886,5.0,1342137600
7017,886,5.0,1276732800
7018,886,1.0,1392508800
7019,886,4.0,1363305600
7020,886,4.0,1248048000
7021,886,5.0,1402790400
7022,886,4.0,1357862400
7023,886,4.0,1374624000
7024,886,5.0,1379635200
7025,886,5.0,1344556800
7026,886,2.0,1376179200
7027,886,4.0,1388275200
7028,886,5.0,1376438400
7029,886,3.0,1364774400
7030,886,3.0,1398556800
7031,886,4.0,1382659200
7032,886,5.0,1245542400
7033,886,5.0,1389744000
7034,886,4.0,1395446400
7035,886,4.0,1373500800
7036,886,5.0,1381276800
7037,886,4.0,1218067200
7038,886,5.0,1377907200
7039,886,5.0,1376697600
7040,886,5.0,1364860800
7041,886,5.0,1401235200
7042,886,4.0,1342569600
7043,886,4.0,1328659200
7044,886,4.0,1373846400
7045,886,5.0,1376352000
7046,886,2.0,1388275200
7047,886,2.0,1379894400
7048,886,5.0,1218585600
7049,886,1.0,1359849600
7050,886,4.0,1319500800
7051,886,4.0,1360454400
7052,886,5.0,1289088000
7053,886,4.0,1388361600
7054,886,4.0,1360281600
7055,886,5.0,1309478400
7056,886,5.0,1345334400
7057,886,5.0,1392854400
7058,886,1.0,1393545600
7059,886,2.0,1218153600
7060,886,4.0,1336435200
7061,886,5.0,1325116800
7062,886,5.0,1399766400
7063,886,3.0,1321660800
7064,886,5.0,1372809600
7065,886,5.0,1396137600
7066,886,3.0,1367020800
7067,886,5.0,1393459200
7068,886,4.0,1311292800
7069,886,4.0,1330905600
7070,886,5.0,1348099200
7071,886,5.0,1321833600
7072,886,3.0,1334707200
7073,886,4.0,1393632000
7074,886,5.0,1391990400
7075,886,4.0,1327795200
7076,886,4.0,1380153600
7077,886,1.0,1361145600
7078,886,5.0,1398816000
7079,886,5.0,1347321600
7080,886,5.0,1388016000
7081,886,5.0,1386720000
7082,886,2.0,1355011200
7083,886,5.0,1392768000
7084,886,3.0,1400976000
7085,886,3.0,1372377600
7086,886,5.0,1378771200
7087,886,4.0,1363996800
7088,886,3.0,1317600000
7089,886,5.0,1370822400
7090,886,5.0,1377734400
7091,886,4.0,1316476800
7092,886,4.0,1333670400
7093,886,4.0,1358899200
7094,886,5.0,1390780800
7095,886,5.0,1387411200
7096,886,5.0,1301702400
7097,886,5.0,1372636800
7098,886,3.0,1304294400
7099,886,5.0,1347408000
7100,886,3.0,1385856000
7101,886,5.0,1339891200
7102,886,5.0,1394755200
7103,886,3.0,1349827200
7104,886,1.0,1366243200
7105,886,4.0,1372464000
7106,886,2.0,1380153600
7107,886,3.0,1346716800
7108,886,5.0,1235088000
7109,886,5.0,1315440000
7110,886,5.0,1343174400
7111,886,3.0,1396915200
7112,886,5.0,1339372800
7113,886,4.0,1381276800
7114,886,4.0,1367107200
7115,886,5.0,1370822400
7116,886,5.0,1336435200
7117,886,2.0,1383609600
7118,886,2.0,1379289600
7119,886,5.0,1378166400
7120,886,5.0,1301356800
7121,886,3.0,1346112000
7122,886,5.0,1357084800
7123,886,5.0,1388793600
7124,886,2.0,1345507200
7125,886,4.0,1323216000
7126,886,2.0,1385769600
7127,886,5.0,1314576000
7128,886,5.0,1398816000
7129,886,5.0,1344988800
7130,886,2.0,1352678400
7131,886,4.0,1398124800
7132,886,5.0,1336176000
7133,886,3.0,1397606400
7134,886,4.0,1398556800
7135,886,3.0,1318809600
7136,886,4.0,1352678400
7137,886,5.0,1378771200
7138,886,4.0,1366156800
7139,886,5.0,1356825600
7140,886,5.0,1355356800
7141,886,5.0,1374192000
7142,886,5.0,1375488000
7143,886,5.0,1348876800
7144,886,5.0,1342310400
7145,886,5.0,1388102400
7146,886,4.0,1376611200
7147,886,2.0,1387584000
7148,886,2.0,1359158400
7149,886,5.0,1314921600
7150,886,5.0,1359072000
7151,886,5.0,1395446400
7152,886,4.0,1364774400
7153,886,3.0,1371600000
7154,886,2.0,1370908800
7155,886,4.0,1392336000
7156,886,5.0,1333670400
7157,886,5.0,1384128000
7158,886,5.0,1332979200
7159,886,4.0,1357689600
7160,886,4.0,1372118400
7161,886,5.0,1361059200
7162,886,5.0,1372377600
7163,886,3.0,1365292800
7164,886,4.0,1350777600
7165,886,4.0,1388793600
7166,886,5.0,1374796800
7167,886,3.0,1376179200
7168,886,1.0,1376611200
7169,886,5.0,1317686400
7170,886,5.0,1368662400
7171,886,4.0,1368489600
7172,886,5.0,1334534400
7173,886,5.0,1276041600
7174,886,5.0,1327363200
7175,886,5.0,1396656000
7176,886,3.0,1367193600
7177,886,5.0,1380844800
7178,886,4.0,1283990400
7179,886,4.0,1358726400
7180,886,5.0,1389744000
7181,886,4.0,1376524800
7182,886,5.0,1364428800
7183,886,5.0,1371340800
7184,886,5.0,1366848000
7185,886,5.0,1357257600
7186,886,5.0,1392768000
7187,886,2.0,1361059200
1639,886,4.0,1341446400
7188,886,5.0,1371340800
7189,886,5.0,1387670400
7190,886,5.0,1285459200
7191,886,5.0,1369699200
7192,886,5.0,1403654400
7193,886,4.0,1383004800
7194,886,5.0,1393804800
7195,886,5.0,1362873600
7196,886,4.0,1346371200
7197,886,5.0,1290470400
7198,886,1.0,1297814400
7199,886,4.0,1387411200
7200,886,4.0,1284163200
7201,886,1.0,1383868800
7202,886,1.0,1382400000
7203,886,5.0,1373241600
7204,886,5.0,1329264000
7205,886,5.0,1395360000
7206,886,5.0,1352160000
7207,886,5.0,1333411200
7208,886,3.0,1315699200
7209,886,3.0,1395360000
7210,886,3.0,1329868800
7211,886,5.0,1344643200
7212,886,3.0,1402790400
7213,886,5.0,1373328000
7214,886,2.0,1361577600
7215,886,3.0,1360108800
7216,886,4.0,1404864000
7217,886,4.0,1364083200
7218,886,5.0,1314489600
7219,886,4.0,1341446400
7220,886,5.0,1402963200
7221,886,5.0,1368230400
7222,886,5.0,1369094400
7223,886,5.0,1396656000
7224,886,5.0,1404518400
7225,886,5.0,1374624000
7226,886,5.0,1372032000
7227,886,1.0,1376006400
7228,886,5.0,1384387200
7229,886,1.0,1367539200
7230,886,4.0,1307836800
7231,886,5.0,1344384000
7232,886,5.0,1366675200
7233,886,5.0,1376006400
7234,886,4.0,1365206400
7235,886,3.0,1354665600
7236,886,4.0,1361750400
7237,886,1.0,1384300800
7238,886,4.0,1389830400
7239,886,5.0,1374105600
7240,886,5.0,1391558400
7241,886,5.0,1371081600
7242,886,5.0,1320710400
7243,886,5.0,1350518400
7244,886,4.0,1321920000
7245,886,4.0,1300060800
7246,886,5.0,1338681600
7247,886,4.0,1370390400
7248,886,5.0,1336176000
7249,886,5.0,1310169600
7250,886,5.0,1404950400
7251,886,5.0,1319587200
7252,886,1.0,1377561600
7253,886,5.0,1317686400
7254,886,5.0,1339113600
7255,886,4.0,1381190400
7256,886,1.0,1370217600
7257,886,5.0,1369353600
7258,886,5.0,1362009600
7259,886,5.0,1392768000
7260,886,5.0,1358467200
7261,887,5.0,1194480000
7262,888,5.0,1271894400
7263,889,1.0,1328140800
7264,889,2.0,1323561600
7265,889,1.0,1337644800
7266,889,5.0,1264896000
7267,889,1.0,1324598400
7268,889,4.0,1316131200
7269,889,1.0,1324425600
7270,889,2.0,1391990400
7271,889,5.0,1268870400
7272,891,4.0,1362700800
7273,891,5.0,1369785600
7274,891,3.0,1400112000
7275,891,5.0,1370390400
7276,891,5.0,1371772800
7277,891,3.0,1384214400
7278,890,5.0,1377475200
7279,890,5.0,1370044800
7280,890,4.0,1347321600
7281,890,5.0,1372377600
7282,890,5.0,1362528000
7283,890,5.0,1401062400
7284,890,5.0,1197763200
7285,890,5.0,1189123200
7286,890,4.0,1393891200
7287,890,5.0,1380758400
7288,890,3.0,1403654400
7289,890,5.0,1369958400
7290,890,5.0,1345248000
7291,890,5.0,1364774400
7292,890,3.0,1388620800
7293,890,5.0,1354233600
7294,890,5.0,1253059200
7295,890,3.0,1378252800
7296,890,5.0,1386720000
7297,890,5.0,1355443200
7298,890,3.0,1380240000
7299,890,2.0,1385683200
7300,892,5.0,1188086400
7301,893,4.0,1381104000
7302,893,5.0,1337040000
7303,893,1.0,1383004800
7304,893,5.0,1316304000
7305,894,5.0,1400544000
3010,894,5.0,1355356800
7306,894,1.0,1387584000
7307,894,3.0,1298246400
7308,894,5.0,1374710400
3125,894,4.0,1358553600
5614,894,3.0,1291593600
7309,894,5.0,1371254400
7310,894,5.0,1274572800
7311,894,5.0,1390953600
7312,894,4.0,1388707200
7313,894,3.0,1387065600
7314,895,5.0,1372636800
7315,896,4.0,1185494400
7316,898,5.0,1269820800
7317,898,1.0,1302998400
7318,898,4.0,1286841600
7319,898,4.0,1236038400
7320,898,2.0,1334880000
7321,897,5.0,1280448000
7322,897,4.0,1257292800
7323,897,1.0,1288915200
7324,897,4.0,1190332800
7325,899,4.0,1243209600
7326,899,5.0,1225670400
7327,899,5.0,1236902400
7328,901,3.0,1229212800
7329,901,5.0,1259539200
7330,901,2.0,1230508800
7331,900,5.0,1347753600
7332,900,5.0,1331683200
7333,900,1.0,1251331200
7334,900,2.0,1311811200
7335,900,4.0,1276732800
7336,900,1.0,1274486400
7337,902,1.0,1376092800
7338,902,5.0,1354233600
7339,902,5.0,1344816000
7340,902,1.0,1377561600
7341,902,4.0,1319241600
7342,902,5.0,1351468800
7343,903,5.0,1319932800
7344,904,5.0,1302825600
7345,904,4.0,1356998400
7346,904,4.0,1362096000
7347,904,5.0,1359504000
7348,904,4.0,1353628800
7349,904,4.0,1271894400
7350,904,3.0,1268524800
7351,904,5.0,1362700800
7352,904,3.0,1323043200
7353,904,5.0,1375747200
7354,904,5.0,1361836800
7355,904,5.0,1331337600
7356,904,5.0,1311206400
7357,904,1.0,1340236800
7358,904,5.0,1359244800
7359,904,4.0,1300492800
7360,904,5.0,1334361600
7361,904,4.0,1365811200
7362,904,5.0,1302480000
7363,904,5.0,1402012800
7364,904,5.0,1357689600
7365,904,5.0,1358208000
7366,904,4.0,1356220800
7367,904,2.0,1327363200
7368,904,5.0,1335744000
7369,904,5.0,1376006400
7370,905,4.0,1202860800
7371,905,1.0,1194912000
7372,906,1.0,1340582400
7373,906,4.0,1359849600
7374,906,2.0,1328832000
7375,906,5.0,1358035200
7376,907,4.0,1403740800
2699,907,5.0,1343865600
7377,908,5.0,1400630400
7378,909,4.0,1394064000
7379,909,5.0,1400803200
7380,909,4.0,1376352000
7381,910,5.0,1375401600
7382,910,4.0,1366156800
7383,910,5.0,1376956800
7384,910,5.0,1326240000
7385,910,5.0,1382400000
7386,911,4.0,1324425600
7387,911,4.0,1366934400
7388,912,5.0,1330300800
7389,912,5.0,1401494400
7390,913,5.0,1277510400
7391,914,1.0,1384300800
7392,915,5.0,1391385600
7393,915,5.0,1363219200
7394,915,3.0,1339891200
7395,915,5.0,1366070400
7396,915,4.0,1360800000
7397,915,5.0,1263340800
7398,915,1.0,1311984000
7399,915,5.0,1355443200
7400,915,3.0,1216857600
7401,915,5.0,1321574400
7402,915,4.0,1353628800
7403,915,4.0,1315353600
7404,915,5.0,1254700800
7405,915,1.0,1330128000
7406,915,5.0,1343001600
7407,915,5.0,1354492800
7408,915,5.0,1365984000
7409,915,5.0,1308960000
7410,915,5.0,1355356800
7411,915,4.0,1342137600
7412,915,5.0,1357776000
7413,915,5.0,1286236800
7414,915,5.0,1360281600
7415,915,3.0,1334966400
7416,915,5.0,1339286400
7417,915,4.0,1344816000
7418,915,3.0,1354492800
7419,915,5.0,1361491200
7420,915,2.0,1334620800
7421,915,5.0,1381276800
7422,915,4.0,1341360000
7423,915,4.0,1285804800
7424,915,5.0,1326326400
7425,915,5.0,1358208000
7426,915,2.0,1372032000
7427,915,3.0,1347494400
7428,915,1.0,1350518400
7429,915,5.0,1356912000
7430,915,2.0,1357084800
7431,915,4.0,1322956800
7432,915,3.0,1308268800
7433,915,5.0,1316995200
7434,915,5.0,1401235200
7435,915,4.0,1363910400
7436,915,4.0,1376870400
7437,915,5.0,1360195200
7438,915,5.0,1339372800
7439,915,5.0,1341273600
7440,915,5.0,1354406400
7441,915,2.0,1323302400
7442,915,2.0,1370476800
7443,915,4.0,1356480000
7444,915,4.0,1327795200
7445,915,5.0,1365724800
7446,915,3.0,1327104000
7447,915,5.0,1335398400
7448,915,5.0,1356912000
7449,915,5.0,1358121600
7450,915,5.0,1319673600
7451,915,5.0,1371772800
7452,915,5.0,1374451200
7453,915,4.0,1311292800
7454,916,2.0,1359072000
7455,916,5.0,1288569600
7456,917,5.0,1232496000
7457,917,5.0,1336867200
7458,917,5.0,1279152000
7459,917,5.0,1223596800
7460,918,5.0,1331769600
7461,918,5.0,1346025600
7462,919,5.0,1374796800
7463,920,5.0,1296086400
7464,920,4.0,1391990400
7465,920,5.0,1389916800
7466,920,5.0,1388620800
7467,920,5.0,1401148800
7468,920,4.0,1404604800
7469,920,1.0,1388534400
7470,920,5.0,1300406400
7471,920,5.0,1390176000
7472,921,5.0,1238457600
7473,921,5.0,1255305600
7474,921,1.0,1195084800
7475,921,5.0,1269648000
7476,921,5.0,1233360000
7477,921,4.0,1214179200
7478,921,5.0,1222473600
7479,921,2.0,1223769600
7480,921,1.0,1212624000
7481,921,1.0,1232668800
7482,921,4.0,1252800000
7483,921,5.0,1203465600
7484,921,5.0,1188604800
7485,922,5.0,1296691200
7486,922,4.0,1318032000
7487,922,5.0,1313193600
7488,922,4.0,1249776000
7489,922,5.0,1252713600
857,922,5.0,1344988800
7490,922,5.0,1275004800
7491,922,5.0,1233187200
7492,922,5.0,1251331200
7493,922,5.0,1311897600
7494,922,5.0,1259971200
7495,922,5.0,1203033600
7496,923,2.0,1353888000
7497,924,5.0,1211328000
7498,925,5.0,1287360000
7499,926,5.0,1207872000
7500,927,3.0,1323993600
7501,928,5.0,1237334400
7502,928,5.0,1364342400
7503,928,5.0,1259712000
7504,928,4.0,1232496000
7505,928,5.0,1290211200
7506,928,5.0,1319241600
7507,928,5.0,1270425600
7508,928,2.0,1299628800
7509,928,5.0,1268092800
7510,928,5.0,1292716800
7511,929,5.0,1387411200
7512,930,5.0,1326240000
7513,931,5.0,1353024000
7514,931,5.0,1357344000
7515,931,5.0,1229385600
7516,931,5.0,1374537600
7517,931,5.0,1294531200
7518,931,4.0,1382832000
7519,931,5.0,1278028800
7520,931,4.0,1312588800
7521,931,5.0,1380672000
7522,931,5.0,1388534400
7523,931,5.0,1318550400
7524,931,5.0,1371168000
7525,931,5.0,1389052800
7526,931,5.0,1299024000
7527,931,5.0,1285977600
7528,931,1.0,1251504000
7529,931,4.0,1373760000
7530,931,5.0,1395014400
7531,931,5.0,1399593600
7532,931,5.0,1360540800
7533,932,5.0,1373068800
7534,932,5.0,1379289600
7535,932,5.0,1225497600
7536,932,5.0,1367107200
7537,932,4.0,1332028800
7538,932,5.0,1382486400
4457,932,5.0,1372377600
7539,932,1.0,1368748800
7540,932,5.0,1368057600
7541,932,3.0,1380758400
7542,932,5.0,1395619200
7543,932,2.0,1304640000
7544,932,5.0,1381190400
7545,932,5.0,1388275200
7546,932,5.0,1376352000
7547,932,3.0,1309219200
7548,932,5.0,1367625600
7549,932,5.0,1380585600
7550,932,5.0,1378598400
7551,932,5.0,1378252800
7552,932,5.0,1373500800
7553,932,1.0,1381708800
7554,932,5.0,1379808000
7555,933,5.0,1374796800
7556,934,5.0,1344470400
7557,934,4.0,1370476800
7558,934,4.0,1395964800
7559,934,5.0,1348272000
7560,934,5.0,1389139200
7561,934,4.0,1355097600
7562,935,5.0,1392681600
7563,936,2.0,1239753600
7564,937,5.0,1376870400
7565,937,5.0,1340323200
7566,937,4.0,1364515200
7567,937,4.0,1350604800
7568,937,4.0,1358294400
7569,937,5.0,1401148800
7570,937,5.0,1371254400
7571,938,2.0,1369958400
7572,938,1.0,1380672000
7573,938,5.0,1353888000
7574,938,5.0,1361664000
7575,938,5.0,1390262400
7576,938,5.0,1366848000
7577,939,5.0,1357689600
7578,939,1.0,1347062400
7579,940,5.0,1346112000
7580,940,5.0,1362528000
7581,940,5.0,1342569600
7582,940,5.0,1323216000
7583,940,5.0,1398902400
7584,940,5.0,1265155200
7585,940,4.0,1349568000
7586,940,5.0,1368662400
7587,940,5.0,1313625600
5724,940,2.0,1360627200
7588,940,5.0,1361836800
7589,940,5.0,1388361600
7590,940,5.0,1238544000
7591,940,5.0,1357344000
7592,940,5.0,1338940800
7593,941,3.0,1238544000
7594,942,5.0,1188950400
7595,942,5.0,1363305600
7596,942,5.0,1363478400
7597,942,4.0,1265932800
7598,942,5.0,1396137600
7599,943,5.0,1312156800
7600,944,4.0,1241049600
7601,944,5.0,1228694400
7602,945,4.0,1241308800
7603,946,5.0,1268611200
7604,946,2.0,1337904000
7605,946,5.0,1222214400
7606,946,5.0,1339027200
7607,946,5.0,1295049600
7608,946,4.0,1196553600
7609,946,5.0,1208995200
7610,946,3.0,1233532800
7611,946,4.0,1324339200
7612,946,1.0,1381276800
7613,948,4.0,1243728000
7614,948,5.0,1203811200
7615,947,1.0,1280793600
7616,947,1.0,1196380800
67,949,5.0,1180483200
7617,950,5.0,1362873600
7618,950,5.0,1355356800
7619,951,1.0,1304726400
7620,951,5.0,1281225600
7621,951,5.0,1329177600
7622,951,5.0,1234656000
7623,952,5.0,1226793600
7624,953,1.0,1241568000
7625,953,1.0,1234051200
7626,953,5.0,1219363200
7627,953,1.0,1248652800
7628,953,4.0,1235692800
7629,953,1.0,1245196800
7630,953,1.0,1226534400
7631,953,1.0,1199664000
7632,953,1.0,1225152000
7633,953,4.0,1242259200
7634,954,1.0,1356912000
7635,955,1.0,1216166400
7636,957,5.0,1387152000
7637,956,5.0,1321574400
7638,958,5.0,1216252800
7639,959,5.0,1226448000
6047,960,2.0,1217376000
7640,961,5.0,1367884800
7641,962,5.0,1364947200
7642,962,4.0,1376611200
7643,963,5.0,1291680000
7644,965,3.0,1201478400
7645,964,5.0,1181347200
7646,964,3.0,1200700800
7647,964,5.0,1194566400
7648,967,5.0,1378771200
7649,966,5.0,1259280000
7650,966,5.0,1264896000
7651,968,5.0,1358121600
7652,968,4.0,1388016000
7653,969,5.0,1214006400
7654,970,5.0,1358726400
7655,971,5.0,1246147200
7656,971,4.0,1253577600
7657,972,5.0,1254268800
7658,972,5.0,1306108800
7659,973,2.0,1391990400
7660,974,4.0,1232150400
7661,974,5.0,1395878400
7662,975,5.0,1360713600
7663,976,5.0,1213401600
7664,977,4.0,1219449600
7665,978,4.0,1220918400
7666,979,5.0,1265587200
7667,979,5.0,1295568000
7668,979,5.0,1264118400
7669,979,2.0,1329177600
7670,980,4.0,1264377600
7671,981,5.0,1221955200
7672,981,5.0,1227916800
7673,982,5.0,1301356800
7674,983,2.0,1310774400
7675,983,5.0,1392249600
7676,983,5.0,1325203200
7677,983,5.0,1235260800
7678,984,3.0,1185408000
7679,985,5.0,1310256000
7680,986,1.0,1297987200
7681,987,5.0,1337731200
7682,987,5.0,1155686400
7683,987,5.0,1396656000
7684,987,5.0,1229385600
7685,987,5.0,1364256000
7686,987,4.0,1342742400
7687,988,5.0,1244505600
7688,989,4.0,1276041600
7689,989,2.0,1351036800
7690,989,1.0,1265760000
7691,990,5.0,1212192000
7692,991,5.0,1287014400
7693,992,4.0,1386201600
7694,992,5.0,1376352000
7695,992,4.0,1405036800
7696,992,5.0,1402099200
7697,992,5.0,1377734400
7698,992,5.0,1336608000
7699,992,5.0,1376611200
7700,992,5.0,1396742400
7701,993,5.0,1353974400
7702,993,5.0,1238630400
7703,993,5.0,1223424000
7704,993,5.0,1239062400
7705,993,5.0,1220054400
7706,993,5.0,1189468800
7707,993,5.0,1245801600
7708,993,5.0,1220659200
7709,993,5.0,1247788800
7710,994,5.0,1356825600
7711,995,5.0,1307404800
7712,995,5.0,1246060800
7713,995,5.0,1185926400
7714,995,5.0,1303257600
7715,995,5.0,1271203200
7716,995,3.0,1308873600
7717,995,5.0,1387411200
7718,995,5.0,1362268800
7719,995,5.0,1208476800
7720,995,4.0,1272844800
7721,995,5.0,1204156800
7722,995,5.0,1210377600
7723,996,5.0,1342569600
7724,997,5.0,1294704000
7725,998,2.0,1361145600
7726,999,5.0,1313798400
7727,999,4.0,1326499200
7728,1000,3.0,1202860800
7729,1000,5.0,1222560000
7730,1001,5.0,1352764800
7731,1001,5.0,1386547200
7732,1001,5.0,1386892800
7733,1001,1.0,1374883200
7734,1001,5.0,1385164800
7735,1001,5.0,1279411200
7736,1001,5.0,1341878400
7737,1001,4.0,1363046400
5428,1001,1.0,1398297600
7738,1001,5.0,1367625600
7739,1001,5.0,1369440000
7740,1001,4.0,1367020800
7741,1001,4.0,1405036800
7742,1001,5.0,1346025600
7743,1001,1.0,1374537600
7744,1001,4.0,1370131200
7745,1001,5.0,1360713600
7746,1001,5.0,1370304000
7747,1002,5.0,1354492800
7748,1002,5.0,1390089600
7749,1003,5.0,1344297600
7750,1003,5.0,1278892800
7751,1004,1.0,1250899200
4270,1005,5.0,1247184000
7752,1005,3.0,1299628800
7753,1006,5.0,1381104000
7754,1006,5.0,1353110400
7755,1007,5.0,1229299200
7756,1007,4.0,1228521600
7757,1007,1.0,1350950400
7758,1008,5.0,1377216000
7759,1009,5.0,1331769600
7760,1009,5.0,1347580800
7761,1010,1.0,1378166400
7762,1010,2.0,1311897600
7763,1010,5.0,1292284800
7764,1010,4.0,1306454400
7765,1010,5.0,1385251200
7766,1010,5.0,1339977600
7767,1010,1.0,1308355200
7768,1010,5.0,1206662400
7769,1010,5.0,1381104000
7770,1011,5.0,1262822400
7771,1013,5.0,1227052800
7772,1012,5.0,1353715200
7773,1012,5.0,1370736000
7774,1012,5.0,1358640000
7775,1014,5.0,1320883200
7776,1014,1.0,1363737600
7771,1014,5.0,1227052800
7777,1014,5.0,1379808000
7778,1015,5.0,1218672000
7779,1016,1.0,1212105600
7780,1017,5.0,1367884800
7781,1017,3.0,1362096000
7782,1017,2.0,1336176000
7783,1017,4.0,1316736000
7784,1017,5.0,1357516800
7785,1017,5.0,1312761600
7786,1017,5.0,1325116800
7787,1017,3.0,1363737600
7788,1017,5.0,1389139200
7789,1017,3.0,1349913600
7790,1017,5.0,1341964800
7791,1017,5.0,1354579200
7792,1017,5.0,1366156800
7793,1017,5.0,1353628800
7794,1017,1.0,1312070400
7795,1018,5.0,1243382400
7796,1019,3.0,1268006400
7797,1019,3.0,1292889600
7798,1019,5.0,1265587200
7799,1019,2.0,1188864000
7800,1020,5.0,1190505600
7801,1021,5.0,1217203200
7802,1022,5.0,1235347200
7803,1022,1.0,1280102400
7804,1023,5.0,1244937600
7805,1023,4.0,1243123200
7806,1024,5.0,1239753600
7807,1024,5.0,1293840000
7808,1024,5.0,1237248000
7809,1025,5.0,1200096000
7810,1026,5.0,1316822400
7811,1027,5.0,1205107200
7812,1028,5.0,1394928000
7813,1029,5.0,1288569600
7814,1029,4.0,1260748800
7815,1029,2.0,1235088000
7816,1030,5.0,1400889600
7817,1030,3.0,1363219200
7818,1030,5.0,1381536000
7819,1030,4.0,1383696000
7820,1030,5.0,1313107200
7821,1030,2.0,1403740800
7822,1030,1.0,1313020800
7823,1030,1.0,1312934400
7824,1030,1.0,1362960000
7825,1030,4.0,1268524800
7826,1030,1.0,1390867200
7827,1030,1.0,1339113600
7828,1031,5.0,1401062400
7829,1032,5.0,1257206400
7830,1033,3.0,1327622400
7831,1033,3.0,1336521600
7832,1034,5.0,1264636800
6999,1034,5.0,1212278400
7833,1034,5.0,1392854400
7834,1035,4.0,1334188800
7835,1036,5.0,1356912000
7836,1036,5.0,1359590400
7837,1037,2.0,1275264000
7838,1037,5.0,1240272000
7839,1038,4.0,1263081600
7840,1039,5.0,1207612800
7841,1040,1.0,1359072000
7842,1040,3.0,1366156800
7843,1040,5.0,1349395200
7844,1040,4.0,1341273600
7845,1041,1.0,1379635200
7846,1042,5.0,1403654400
7847,1042,5.0,1351728000
7848,1042,5.0,1370217600
7849,1042,5.0,1378080000
7850,1042,5.0,1303084800
7851,1042,4.0,1397433600
7852,1042,5.0,1358899200
7853,1042,5.0,1377907200
7854,1042,5.0,1335312000
7855,1042,5.0,1387324800
7856,1042,5.0,1374796800
7857,1042,5.0,1272326400
7858,1042,5.0,1359936000
7859,1042,1.0,1382227200
7860,1042,5.0,1359244800
7861,1043,5.0,1297382400
7862,1044,5.0,1369180800
7863,1044,5.0,1302825600
7864,1044,2.0,1296432000
7865,1044,1.0,1300752000
7866,1044,5.0,1301270400
7867,1045,5.0,1199318400
7868,1045,4.0,1382659200
7869,1045,4.0,1338854400
7870,1045,5.0,1367539200
7871,1046,3.0,1268956800
7872,1046,2.0,1357689600
7873,1047,5.0,1214784000
7874,1048,2.0,1242086400
7875,1050,2.0,1259884800
7876,1050,1.0,1343347200
7877,1050,1.0,1388102400
7878,1050,5.0,1277251200
7879,1050,3.0,1360368000
7880,1050,3.0,1364515200
7881,1049,5.0,1353369600
7882,1049,5.0,1220054400
7883,1051,5.0,1308528000
7884,1051,5.0,1270684800
7885,1051,5.0,1267401600
7886,1051,2.0,1370476800
7887,1051,5.0,1357689600
7888,1051,5.0,1386547200
7889,1051,5.0,1295568000
7890,1051,5.0,1298419200
7891,1051,5.0,1378598400
7892,1051,1.0,1392249600
7893,1051,2.0,1373328000
7894,1051,5.0,1379116800
7895,1051,5.0,1374883200
7896,1051,5.0,1241049600
7897,1051,5.0,1379808000
7898,1052,5.0,1268956800
7899,1052,5.0,1233792000
7900,1052,5.0,1250899200
7901,1054,4.0,1282521600
7902,1058,5.0,1358640000
7903,1058,5.0,1393459200
7904,1058,5.0,1301356800
7905,1058,5.0,1355702400
7906,1058,3.0,1304553600
7907,1058,5.0,1364515200
7908,1058,5.0,1403568000
7909,1058,4.0,1361923200
7910,1058,5.0,1356393600
7911,1058,5.0,1368144000
7912,1058,3.0,1365897600
7913,1058,5.0,1401408000
7914,1058,5.0,1398038400
4595,1058,4.0,1368316800
7915,1058,5.0,1281830400
7916,1058,5.0,1362268800
7917,1058,5.0,1405036800
7918,1058,5.0,1397088000
7919,1058,5.0,1381104000
7920,1058,4.0,1365724800
7921,1058,5.0,1326499200
7922,1058,1.0,1363996800
7923,1058,5.0,1401840000
7924,1058,4.0,1375747200
7925,1058,5.0,1355616000
7926,1058,5.0,1321401600
7927,1056,5.0,1210809600
7928,1056,5.0,1297209600
7929,1056,5.0,1405036800
7930,1056,4.0,1368316800
7931,1056,5.0,1395619200
7932,1055,5.0,1301788800
7933,1055,5.0,1273449600
7934,1055,5.0,1221436800
7935,1057,5.0,1294444800
7936,1057,1.0,1385337600
7937,1053,5.0,1343347200
7938,1053,5.0,1343606400
7939,1053,5.0,1346371200
7940,1059,4.0,1200009600
7941,1061,5.0,1363219200
7942,1061,3.0,1338422400
7943,1061,5.0,1357603200
7944,1060,5.0,1265414400
4270,1062,1.0,1220313600
7945,1063,5.0,1360108800
7946,1064,5.0,1353715200
7947,1064,1.0,1245456000
7948,1065,5.0,1269129600
7949,1065,5.0,1324166400
7950,1065,5.0,1245196800
7951,1066,5.0,1293062400
67,1067,5.0,1210550400
7952,1068,4.0,1351468800
7953,1068,5.0,1398038400
7954,1068,5.0,1369526400
7955,1068,3.0,1360886400
7956,1068,1.0,1324252800
7957,1068,1.0,1344729600
7958,1068,4.0,1318636800
7959,1068,4.0,1251936000
7960,1068,5.0,1345161600
7961,1069,1.0,1272240000
7962,1069,5.0,1268438400
7963,1069,4.0,1262476800
7964,1069,2.0,1307750400
7965,1070,4.0,1261612800
7966,1071,5.0,1329868800
7967,1071,1.0,1352419200
7968,1073,3.0,1303862400
7969,1073,3.0,1300752000
7970,1072,4.0,1354838400
7971,1072,5.0,1345075200
7972,1072,4.0,1357603200
7973,1072,5.0,1369267200
7974,1072,5.0,1336003200
7975,1072,3.0,1351036800
7976,1072,5.0,1382486400
7977,1072,5.0,1364774400
7978,1072,5.0,1320969600
7979,1072,5.0,1278115200
7980,1072,3.0,1364947200
7981,1072,5.0,1319673600
7982,1072,5.0,1383696000
7983,1072,5.0,1359331200
7984,1072,4.0,1364947200
7985,1072,5.0,1403136000
7986,1072,5.0,1374019200
7987,1075,5.0,1265155200
7988,1075,5.0,1387065600
7989,1075,2.0,1396742400
7990,1075,5.0,1356480000
7991,1075,5.0,1372636800
7992,1075,1.0,1375920000
7993,1075,5.0,1285977600
7994,1075,5.0,1326153600
7995,1075,5.0,1372636800
7996,1075,4.0,1389398400
7997,1075,4.0,1400284800
7998,1075,5.0,1376179200
7999,1075,5.0,1223942400
8000,1075,5.0,1370649600
8001,1075,5.0,1378339200
8002,1075,5.0,1326844800
8003,1075,5.0,1387929600
8004,1075,4.0,1394409600
8005,1075,5.0,1371945600
8006,1075,5.0,1294963200
8007,1075,5.0,1398816000
8008,1075,4.0,1219449600
8009,1075,5.0,1376524800
8010,1075,5.0,1402963200
8011,1075,1.0,1211068800
8012,1075,3.0,1343520000
8013,1075,5.0,1378080000
8014,1075,5.0,1402012800
8015,1075,2.0,1399075200
8016,1075,5.0,1295136000
8017,1075,5.0,1386806400
8018,1075,1.0,1342396800
8019,1075,3.0,1379980800
8020,1075,5.0,1370736000
8021,1075,4.0,1227571200
8022,1075,5.0,1371081600
8023,1075,5.0,1391040000
8024,1075,5.0,1391212800
8025,1075,5.0,1399680000
8026,1075,5.0,1400025600
8027,1075,5.0,1219017600
8028,1075,5.0,1357948800
8029,1075,5.0,1376438400
8030,1075,1.0,1394668800
8031,1075,5.0,1385769600
8032,1075,5.0,1382140800
8033,1075,5.0,1381881600
8034,1075,4.0,1386547200
8035,1075,4.0,1388016000
8036,1075,5.0,1398816000
8037,1075,5.0,1394668800
8038,1075,5.0,1371340800
8039,1075,3.0,1245974400
8040,1075,3.0,1364774400
8041,1075,4.0,1377043200
8042,1075,5.0,1369008000
8043,1074,5.0,1240876800
8044,1076,5.0,1360713600
8045,1077,5.0,1367280000
8046,1077,5.0,1398038400
8047,1078,5.0,1289520000
8048,1079,5.0,1374019200
8049,1079,5.0,1336262400
8050,1079,5.0,1341014400
8051,1079,4.0,1343347200
8052,1079,5.0,1330819200
8053,1079,5.0,1379808000
8054,1080,5.0,1399766400
8055,1080,5.0,1391299200
8056,1082,3.0,1381968000
8057,1082,5.0,1403481600
8058,1081,3.0,1359936000
8059,1081,5.0,1393372800
8060,1081,5.0,1393200000
8061,1081,1.0,1330214400
8062,1083,3.0,1284595200
8063,1084,5.0,1244160000
8064,1085,4.0,1377820800
8065,1087,5.0,1355011200
8066,1087,5.0,1304899200
8067,1086,4.0,1271116800
6443,1086,4.0,1223510400
8068,1086,4.0,1333756800
8069,1086,5.0,1373846400
8070,1086,5.0,1358035200
8071,1086,3.0,1270166400
8072,1086,5.0,1383782400
8073,1086,5.0,1369958400
8074,1086,2.0,1398470400
8075,1086,5.0,1398902400
8076,1086,2.0,1356048000
8077,1086,5.0,1295654400
8078,1086,5.0,1392249600
8079,1086,5.0,1264896000
8080,1088,4.0,1352851200
8081,1088,5.0,1356652800
8082,1089,5.0,1353801600
8083,1091,2.0,1369612800
8084,1091,5.0,1398988800
8085,1091,5.0,1368662400
8086,1090,5.0,1363219200
8087,1090,5.0,1391040000
8088,1092,5.0,1313539200
8089,1092,2.0,1385596800
8090,1092,4.0,1319932800
8091,1092,5.0,1253577600
8092,1093,5.0,1280620800
8093,1093,5.0,1357516800
8094,1093,4.0,1349222400
8095,1093,5.0,1329264000
8096,1093,3.0,1297382400
8097,1093,5.0,1383436800
8098,1093,5.0,1384473600
8099,1093,5.0,1404086400
8100,1093,5.0,1333929600
8101,1093,5.0,1314057600
8102,1093,5.0,1361923200
8103,1093,5.0,1202860800
8104,1093,5.0,1359072000
8105,1093,4.0,1297382400
8106,1093,3.0,1346112000
8107,1094,5.0,1242000000
8108,1094,5.0,1264896000
8109,1094,3.0,1361404800
8110,1094,4.0,1317513600
8111,1094,5.0,1341100800
8112,1094,5.0,1258156800
8113,1094,3.0,1316044800
8114,1094,2.0,1290556800
8115,1094,5.0,1364947200
8116,1094,5.0,1347494400
8117,1094,5.0,1264204800
8118,1094,1.0,1369440000
8119,1094,1.0,1270857600
8120,1094,5.0,1344556800
8121,1094,5.0,1260489600
8122,1094,3.0,1335398400
8123,1094,4.0,1295395200
8124,1095,5.0,1194739200
8125,1096,5.0,1200268800
8126,1097,5.0,1256947200
8127,1098,5.0,1397692800
1681,1099,5.0,1200700800
8128,1100,4.0,1366675200
8129,1101,5.0,1386720000
8130,1101,5.0,1397692800
8131,1102,5.0,1397001600
8132,1103,5.0,1351728000
8133,1103,5.0,1365638400
8134,1103,5.0,1330387200
8135,1103,3.0,1344384000
8136,1104,5.0,1381104000
8137,1104,5.0,1276387200
8138,1105,5.0,1233792000
8139,1106,5.0,1229817600
8140,1106,5.0,1278979200
8141,1106,1.0,1280966400
8142,1106,4.0,1266364800
8143,1106,5.0,1236038400
5960,1106,4.0,1273449600
8144,1106,5.0,1242777600
8145,1106,4.0,1257984000
8146,1107,5.0,1288742400
8147,1107,5.0,1354233600
8148,1107,3.0,1362182400
8149,1107,3.0,1335052800
8150,1107,3.0,1302134400
8151,1107,5.0,1309305600
8152,1107,4.0,1307923200
8153,1108,5.0,1369958400
8154,1109,5.0,1212019200
8155,1109,5.0,1235779200
8156,1109,1.0,1233964800
8157,1109,5.0,1203120000
8158,1109,5.0,1206316800
8159,1109,1.0,1203292800
8160,1109,5.0,1218153600
8161,1109,1.0,1273449600
8162,1109,5.0,1195862400
8163,1110,1.0,1270166400
8164,1111,5.0,1196812800
8165,1112,5.0,1263859200
8166,1113,5.0,1384732800
8167,1113,5.0,1380672000
8168,1114,4.0,1294963200
8169,1115,4.0,1391472000
8170,1115,2.0,1388620800
8171,1115,3.0,1370044800
8172,1115,4.0,1369785600
8173,1115,3.0,1356566400
8174,1115,5.0,1347408000
8175,1115,4.0,1171843200
8176,1115,5.0,1343088000
8177,1115,5.0,1361664000
8178,1115,5.0,1383523200
8179,1115,5.0,1369094400
8180,1115,5.0,1404086400
8181,1115,3.0,1339632000
8182,1116,4.0,1382400000
8183,1118,3.0,1217030400
8184,1118,5.0,1361491200
8185,1118,4.0,1361404800
8186,1117,5.0,1360195200
8187,1117,5.0,1387152000
8188,1117,5.0,1394668800
8189,1117,2.0,1325203200
8190,1117,1.0,1384732800
8191,1117,5.0,1367107200
8192,1117,5.0,1364083200
8193,1117,5.0,1402963200
8194,1117,1.0,1399852800
8195,1119,5.0,1298505600
8196,1120,5.0,1294185600
8197,1120,5.0,1232582400
8198,1120,5.0,1234051200
8199,1123,5.0,1200009600
8200,1123,2.0,1199059200
8201,1123,5.0,1217289600
8202,1121,4.0,1230508800
8203,1121,1.0,1219536000
8204,1122,4.0,1283472000
8205,1122,5.0,1221436800
8206,1122,5.0,1298073600
8207,1122,5.0,1226534400
7845,1124,2.0,1307318400
8208,1124,3.0,1366329600
8209,1125,1.0,1314835200
8210,1126,5.0,1197763200
8211,1127,5.0,1239062400
8212,1128,1.0,1221264000
8213,1129,5.0,1283731200
8214,1129,5.0,1386288000
8215,1129,5.0,1393891200
8216,1129,5.0,1369094400
8217,1129,1.0,1328745600
8218,1130,5.0,1356220800
8219,1130,1.0,1293926400
8220,1131,3.0,1212105600
8221,1131,5.0,1282348800
8222,1132,2.0,1383177600
8223,1132,5.0,1382659200
8224,1132,5.0,1377302400
8225,1132,5.0,1388620800
8226,1132,5.0,1372723200
7583,1134,5.0,1377216000
8227,1133,5.0,1397692800
8228,1135,4.0,1378598400
8229,1136,3.0,1377388800
8230,1137,3.0,1326585600
8231,1138,5.0,1342742400
8232,1139,4.0,1383350400
8233,1140,5.0,1358208000
8234,1140,4.0,1356393600
8235,1141,5.0,1284076800
8236,1141,5.0,1314748800
8237,1141,5.0,1207785600
8238,1141,5.0,1359849600
8239,1141,5.0,1321056000
8240,1141,5.0,1362614400
8241,1141,4.0,1300838400
8242,1141,1.0,1365897600
8243,1141,3.0,1300924800
8244,1141,5.0,1266969600
8245,1141,5.0,1353456000
8246,1141,5.0,1314057600
8247,1141,1.0,1375056000
8248,1141,5.0,1300924800
8249,1141,5.0,1361404800
8250,1141,4.0,1253577600
8251,1141,5.0,1332115200
8252,1141,4.0,1377043200
8253,1141,5.0,1384905600
8254,1141,1.0,1376697600
1729,1141,5.0,1263859200
8255,1141,1.0,1370131200
8256,1141,4.0,1296345600
8257,1142,5.0,1252713600
8258,1143,5.0,1193529600
8259,1145,2.0,1343347200
8260,1145,5.0,1228953600
8261,1146,5.0,1266019200
8262,1144,3.0,1202428800
8263,1147,3.0,1208304000
8264,1147,2.0,1385337600
8265,1148,5.0,1198368000
8266,1149,5.0,1277251200
8267,1149,5.0,1352073600
8268,1150,3.0,1367712000
8269,1150,5.0,1387324800
8270,1150,5.0,1390176000
8271,1151,2.0,1206489600
8272,1151,1.0,1346198400
8273,1152,5.0,1381708800
8274,1153,5.0,1354665600
8275,1154,5.0,1241481600
8276,1155,5.0,1247702400
8277,1156,5.0,1292544000
8278,1157,5.0,1342310400
8279,1158,4.0,1232668800
8280,1159,5.0,1202688000
8281,1160,3.0,1374537600
8282,1160,5.0,1342915200
8283,1160,2.0,1382659200
8284,1160,5.0,1355702400
8285,1161,1.0,1402531200
8286,1161,3.0,1324080000
8287,1162,5.0,1213747200
8288,1163,2.0,1381795200
8289,1163,5.0,1365638400
8290,1163,4.0,1382918400
8291,1164,5.0,1359504000
8292,1165,2.0,1387584000
8293,1166,5.0,1298505600
8294,1167,5.0,1268611200
8295,1168,5.0,1306886400
8296,1170,4.0,1270166400
8297,1170,4.0,1329264000
8298,1170,3.0,1285372800
8299,1170,3.0,1370476800
8300,1170,5.0,1349827200
8301,1170,5.0,1361836800
8302,1170,5.0,1353024000
8303,1170,5.0,1243987200
8304,1170,5.0,1348704000
8305,1170,4.0,1305158400
8306,1170,5.0,1274918400
8307,1170,2.0,1305590400
8308,1170,4.0,1282867200
8309,1169,4.0,1339027200
8310,1169,5.0,1342656000
8311,1169,5.0,1202428800
8312,1169,5.0,1358035200
8313,1169,5.0,1399248000
8314,1169,4.0,1314835200
8315,1169,5.0,1390694400
8316,1169,5.0,1355875200
8317,1169,5.0,1373155200
8318,1169,5.0,1336348800
8319,1173,5.0,1353801600
8320,1173,5.0,1355875200
8321,1173,5.0,1402531200
8322,1173,5.0,1313020800
8323,1173,5.0,1367452800
8324,1172,5.0,1405209600
8325,1172,5.0,1355616000
8326,1172,5.0,1369180800
8327,1172,5.0,1353888000
8328,1172,5.0,1323820800
8329,1172,5.0,1404777600
8330,1172,5.0,1386633600
8331,1172,5.0,1311811200
8332,1172,5.0,1339372800
8333,1172,5.0,1297468800
8334,1172,5.0,1374105600
8335,1172,5.0,1302134400
8336,1172,2.0,1304121600
8337,1172,5.0,1363564800
8338,1172,5.0,1319068800
8339,1172,5.0,1324080000
8340,1172,5.0,1378598400
8341,1172,4.0,1359936000
8342,1172,2.0,1341446400
8343,1172,5.0,1309737600
8344,1172,4.0,1361836800
8345,1172,5.0,1400976000
8346,1172,5.0,1326672000
8347,1172,4.0,1385424000
8348,1172,5.0,1379548800
8349,1172,4.0,1398384000
8350,1172,5.0,1337126400
8351,1172,5.0,1390780800
8352,1172,5.0,1357084800
8353,1172,5.0,1373846400
8354,1172,5.0,1387843200
8355,1172,5.0,1215648000
8356,1172,4.0,1381622400
8357,1172,5.0,1376611200
8358,1172,4.0,1359504000
8359,1172,3.0,1389484800
8360,1172,1.0,1404000000
8361,1172,5.0,1307232000
8362,1172,5.0,1382054400
8363,1172,5.0,1301875200
8364,1172,5.0,1238112000
2826,1171,5.0,1213660800
8365,1176,5.0,1352851200
8366,1176,5.0,1206489600
8367,1176,4.0,1356652800
8368,1176,5.0,1365033600
8369,1176,5.0,1274659200
8370,1174,4.0,1253577600
8371,1175,3.0,1385769600
8372,1175,5.0,1396137600
8373,1175,5.0,1372809600
8374,1175,5.0,1268179200
8375,1175,5.0,1401408000
8376,1175,5.0,1221696000
8377,1175,5.0,1384819200
8378,1175,3.0,1384819200
8379,1175,4.0,1386460800
8380,1175,5.0,1392854400
8381,1175,5.0,1360713600
8382,1175,5.0,1348531200
8383,1175,5.0,1397174400
8384,1175,3.0,1295740800
8385,1175,5.0,1357862400
8386,1175,5.0,1249430400
8387,1175,5.0,1279324800
8388,1175,4.0,1371600000
8389,1175,5.0,1383609600
8390,1178,5.0,1274832000
8391,1178,5.0,1359072000
8392,1178,5.0,1324252800
8393,1178,5.0,1187913600
8394,1178,5.0,1279238400
8395,1178,5.0,1109462400
8396,1178,5.0,1333584000
8397,1178,5.0,1315440000
8398,1178,5.0,1325376000
8399,1177,5.0,1355356800
8400,1179,5.0,1320710400
8401,1180,1.0,1303776000
8402,1181,1.0,1372464000
8403,1182,5.0,1320883200
8404,1182,5.0,1363219200
8405,1182,5.0,1368921600
8406,1182,4.0,1365379200
8407,1182,5.0,1395273600
8408,1183,5.0,1211241600
8409,1185,3.0,1349827200
8410,1185,5.0,1300233600
8411,1185,5.0,1384819200
8412,1185,3.0,1371945600
8413,1185,3.0,1368835200
8414,1185,5.0,1369353600
8415,1185,4.0,1377216000
8416,1185,5.0,1371081600
8417,1185,5.0,1385337600
8418,1185,5.0,1369267200
7587,1185,5.0,1350000000
8419,1185,5.0,1363132800
8420,1185,5.0,1374364800
8421,1185,5.0,1356652800
8422,1185,5.0,1383177600
8423,1185,2.0,1356998400
8424,1185,4.0,1386806400
8425,1185,3.0,1371081600
8426,1185,5.0,1346457600
8427,1185,4.0,1358640000
8428,1185,5.0,1382227200
8429,1185,5.0,1331596800
8430,1184,5.0,1325376000
8431,1186,5.0,1364947200
8432,1186,5.0,1343865600
8433,1186,5.0,1267228800
8434,1186,5.0,1324771200
8435,1186,4.0,1357344000
8436,1186,5.0,1371427200
8437,1186,5.0,1337644800
8438,1186,5.0,1179619200
8439,1186,5.0,1296950400
8440,1186,5.0,1375228800
8441,1186,5.0,1300665600
8442,1186,5.0,1326672000
8443,1186,5.0,1382140800
8444,1186,5.0,1372464000
8445,1186,5.0,1323302400
8446,1186,5.0,1379721600
8447,1187,4.0,1287100800
8448,1187,5.0,1370131200
8449,1187,5.0,1372636800
8450,1187,5.0,1373414400
8451,1187,5.0,1376784000
8452,1187,5.0,1373155200
8453,1189,5.0,1381104000
8454,1188,1.0,1165708800
8455,1188,1.0,1390521600
8456,1188,2.0,1293408000
8457,1188,1.0,1244419200
8458,1188,5.0,1401840000
8459,1188,1.0,1380240000
8460,1188,1.0,1391644800
8461,1188,1.0,1187222400
8462,1188,1.0,1384300800
8463,1188,1.0,1376956800
8464,1188,1.0,1387152000
8465,1188,1.0,1388534400
8466,1188,4.0,1103155200
8467,1188,1.0,1362096000
8468,1188,4.0,1171238400
8469,1188,1.0,1388620800
8470,1188,4.0,1382486400
8471,1188,1.0,1369094400
8472,1188,1.0,1374537600
8473,1188,1.0,1208217600
8474,1188,4.0,1381276800
8475,1188,5.0,1221436800
8476,1188,1.0,1189123200
8477,1188,1.0,1362528000
8478,1188,5.0,1183334400
8479,1188,1.0,1388448000
8480,1188,1.0,1099440000
8481,1188,2.0,1380412800
8482,1188,1.0,1374105600
8483,1188,1.0,1384300800
8484,1188,1.0,1352419200
8485,1188,1.0,1302393600
8486,1188,3.0,1198713600
8487,1188,4.0,1295395200
8488,1188,5.0,1364342400
8489,1188,1.0,1393977600
8490,1188,1.0,1171411200
8491,1188,1.0,1327795200
8492,1188,1.0,1385424000
8493,1188,4.0,1293667200
8494,1188,1.0,1242259200
8495,1188,4.0,1214611200
8496,1188,3.0,1290384000
8497,1188,1.0,1306108800
8498,1188,1.0,1333497600
8499,1188,1.0,1395100800
8500,1188,1.0,1354752000
8501,1188,1.0,1202860800
8502,1188,4.0,1371513600
8503,1188,1.0,1326844800
8504,1188,2.0,1172966400
8505,1188,5.0,1216684800
8506,1188,1.0,1211846400
8507,1190,4.0,1299542400
8508,1190,4.0,1284163200
8509,1191,5.0,1216944000
8510,1192,5.0,1266624000
8511,1193,5.0,1354233600
8512,1193,5.0,1372118400
8513,1193,5.0,1359763200
8514,1193,5.0,1328745600
8515,1193,5.0,1340236800
8516,1193,5.0,1284681600
8517,1193,5.0,1293494400
8518,1193,5.0,1326931200
8519,1193,5.0,1381276800
8520,1193,4.0,1290556800
8521,1193,5.0,1301184000
8522,1193,4.0,1373241600
8523,1193,5.0,1318464000
8524,1193,5.0,1366243200
8525,1193,5.0,1362009600
8526,1193,5.0,1308614400
8527,1193,5.0,1375056000
8528,1193,5.0,1371168000
8529,1193,5.0,1380153600
8530,1193,4.0,1361145600
8531,1193,5.0,1360627200
8532,1193,5.0,1323302400
8533,1193,4.0,1281052800
8534,1194,3.0,1268697600
8535,1194,3.0,1203552000
8536,1195,5.0,1354665600
8537,1196,5.0,1203984000
8538,1197,3.0,1377475200
8539,1198,5.0,1384646400
8540,1198,5.0,1394928000
8541,1198,4.0,1343433600
8542,1198,5.0,1179619200
8543,1198,4.0,1328140800
8544,1198,5.0,1385251200
8545,1198,5.0,1376524800
8546,1198,5.0,1313280000
8547,1198,5.0,1390262400
8548,1198,5.0,1201392000
8549,1198,4.0,1326499200
8550,1198,3.0,1355875200
8551,1198,4.0,1202428800
8552,1198,4.0,1257120000
8553,1199,3.0,1289520000
8554,1199,5.0,1257120000
8555,1199,1.0,1258675200
8556,1199,5.0,1240876800
8557,1200,1.0,1201478400
8558,1200,5.0,1282089600
8559,1201,5.0,1281830400
8560,1202,5.0,1330905600
8561,1203,5.0,1267401600
8562,1203,4.0,1363046400
8563,1203,5.0,1392163200
8564,1203,5.0,1368748800
8565,1204,1.0,1291593600
8566,1204,5.0,1239148800
8567,1204,5.0,1389484800
8568,1204,5.0,1375747200
6673,1204,5.0,1377820800
8569,1204,5.0,1251072000
8570,1204,5.0,1356307200
8571,1204,5.0,1240358400
8572,1204,5.0,1283644800
8573,1204,5.0,1402358400
8574,1204,4.0,1357948800
8575,1204,5.0,1325030400
8576,1204,5.0,1358467200
8577,1204,5.0,1299715200
8578,1204,4.0,1354147200
8579,1205,5.0,1303862400
8580,1206,5.0,1218153600
8581,1206,5.0,1319500800
8582,1206,5.0,1295136000
8583,1207,5.0,1266105600
8584,1207,5.0,1167350400
8585,1207,5.0,1396051200
8586,1207,5.0,1234137600
8587,1207,5.0,1230940800
8588,1207,5.0,1168473600
8589,1208,4.0,1320192000
4167,1209,5.0,1345852800
8590,1209,3.0,1356912000
8591,1209,5.0,1388016000
8592,1209,1.0,1326067200
8593,1209,5.0,1300579200
8594,1210,5.0,1253404800
8595,1210,3.0,1367107200
8596,1211,5.0,1314576000
8597,1211,5.0,1369699200
8598,1211,1.0,1374710400
8599,1212,4.0,1314748800
8600,1212,1.0,1248825600
8601,1212,5.0,1345593600
8602,1212,5.0,1304553600
5907,1212,5.0,1241395200
8603,1212,5.0,1287705600
8604,1212,5.0,1370736000
8605,1212,5.0,1297468800
8606,1212,5.0,1343088000
8607,1213,5.0,1349827200
8608,1213,5.0,1298246400
8609,1213,5.0,1358294400
8610,1213,4.0,1384300800
8611,1214,1.0,1324425600
8612,1215,1.0,1389139200
8613,1216,5.0,1213056000
8614,1216,3.0,1290470400
8615,1217,5.0,1259366400
8616,1217,1.0,1224979200
8617,1217,5.0,1244332800
8618,1217,5.0,1204243200
8619,1217,5.0,1314662400
8620,1217,4.0,1201392000
8621,1217,5.0,1241740800
8622,1217,1.0,1216684800
8623,1217,1.0,1229731200
8624,1218,5.0,1265414400
8625,1219,5.0,1362873600
8626,1219,1.0,1395705600
8627,1219,1.0,1385942400
8628,1219,5.0,1342137600
8629,1219,3.0,1364860800
8630,1219,3.0,1359504000
8631,1219,4.0,1341014400
8632,1219,5.0,1373068800
8633,1219,2.0,1379808000
8634,1219,5.0,1352505600
8635,1219,5.0,1350777600
8636,1219,3.0,1356566400
8637,1220,5.0,1287964800
8638,1220,5.0,1377388800
8639,1220,4.0,1341619200
8640,1220,5.0,1344297600
8641,1220,5.0,1241481600
8642,1220,5.0,1383264000
8643,1220,5.0,1403049600
8644,1220,1.0,1332288000
8645,1221,1.0,1328572800
8646,1223,1.0,1392595200
8647,1223,5.0,1200787200
8648,1223,5.0,1337558400
8649,1223,1.0,1290384000
8650,1223,5.0,1359936000
8651,1223,3.0,1323734400
8652,1222,5.0,1400112000
8653,1222,5.0,1385251200
8654,1222,4.0,1245196800
8655,1222,5.0,1365724800
8656,1222,5.0,1371340800
8657,1224,5.0,1363910400
8658,1224,2.0,1211241600
8659,1224,5.0,1386892800
8660,1224,2.0,1369872000
8661,1224,1.0,1392940800
8662,1224,3.0,1382054400
8663,1224,5.0,1373068800
8664,1224,3.0,1357430400
8665,1225,2.0,1339977600
8666,1225,3.0,1388534400
8667,1225,5.0,1376438400
8668,1225,3.0,1399248000
8669,1225,3.0,1396310400
8670,1225,5.0,1369094400
8671,1225,1.0,1381968000
8672,1225,4.0,1400025600
8673,1225,1.0,1404259200
8674,1225,5.0,1369440000
8675,1225,5.0,1404172800
8676,1225,5.0,1370822400
8677,1225,3.0,1366243200
8678,1225,4.0,1317945600
8679,1225,5.0,1387065600
5849,1225,5.0,1381190400
8680,1225,2.0,1376611200
8681,1225,4.0,1399680000
8682,1225,5.0,1364169600
8683,1226,2.0,1341964800
8684,1227,5.0,1357084800
8685,1227,5.0,1383955200
8686,1227,5.0,1361664000
5054,1227,3.0,1354752000
8687,1227,3.0,1400025600
8688,1227,4.0,1365724800
8689,1227,5.0,1332806400
8690,1227,5.0,1370908800
8691,1227,5.0,1317427200
7282,1227,4.0,1362528000
8692,1227,4.0,1362700800
8693,1227,4.0,1390003200
8694,1227,5.0,1331596800
8695,1227,5.0,1395100800
8696,1227,2.0,1319241600
8697,1227,5.0,1247443200
8698,1227,5.0,1313193600
8699,1227,5.0,1318636800
8700,1227,5.0,1300320000
8701,1227,3.0,1332460800
8702,1227,2.0,1397779200
8703,1227,5.0,1370044800
8704,1227,5.0,1327190400
8705,1227,3.0,1364083200
8706,1227,5.0,1397692800
8707,1227,5.0,1340668800
8708,1227,5.0,1306195200
8709,1227,3.0,1323388800
8710,1227,4.0,1358985600
8711,1227,5.0,1312848000
8712,1228,3.0,1339113600
8713,1228,5.0,1270598400
8714,1228,5.0,1368576000
8715,1228,5.0,1372982400
8716,1228,4.0,1318204800
8717,1228,1.0,1268006400
8718,1229,5.0,1374969600
8719,1230,5.0,1397606400
8720,1231,5.0,1386460800
8721,1232,3.0,1266364800
8722,1233,5.0,1270944000
8723,1234,1.0,1370390400
8724,1235,5.0,1247011200
8725,1236,5.0,1199059200
8726,1237,5.0,1195603200
8727,1237,5.0,1196035200
8728,1237,5.0,1196208000
8729,1238,5.0,1335052800
8730,1238,3.0,1297296000
8731,1238,5.0,1326931200
8732,1238,5.0,1327622400
8733,1238,5.0,1335052800
8734,1238,5.0,1344902400
8735,1238,5.0,1264809600
8736,1238,5.0,1338163200
8737,1238,5.0,1312848000
8738,1238,5.0,1282867200
8739,1238,5.0,1340755200
8740,1238,5.0,1333843200
8741,1238,3.0,1329091200
8742,1238,5.0,1355443200
8743,1238,5.0,1403222400
8744,1238,5.0,1372204800
8745,1238,5.0,1245196800
8746,1238,5.0,1377561600
8747,1238,5.0,1358467200
8748,1238,5.0,1370476800
8749,1238,5.0,1379894400
8750,1238,5.0,1359936000
8751,1238,5.0,1377388800
8752,1238,5.0,1382400000
8753,1238,5.0,1395964800
8754,1238,5.0,1398556800
8755,1238,4.0,1384819200
8756,1238,5.0,1369180800
8757,1238,5.0,1400025600
8758,1238,5.0,1366243200
8759,1238,5.0,1390953600
8760,1238,5.0,1371168000
8761,1238,5.0,1404691200
8762,1238,5.0,1373673600
8763,1238,2.0,1369008000
8764,1238,5.0,1360886400
8765,1238,5.0,1367452800
8766,1238,5.0,1389657600
8767,1238,4.0,1360281600
8768,1238,5.0,1358553600
8769,1238,5.0,1354406400
8770,1238,5.0,1352160000
8771,1238,5.0,1355529600
8772,1242,5.0,1339372800
8773,1242,5.0,1344816000
8774,1240,5.0,1363132800
8775,1240,4.0,1353715200
8776,1240,5.0,1286928000
8777,1240,4.0,1364601600
8778,1240,5.0,1244851200
8779,1240,5.0,1377734400
8780,1240,5.0,1399680000
8781,1239,5.0,1179619200
8782,1239,5.0,1213920000
8783,1239,3.0,1167782400
8784,1239,3.0,1175472000
8785,1239,5.0,1167868800
8786,1239,1.0,1189468800
8787,1241,4.0,1242000000
8788,1243,5.0,1267833600
8789,1243,5.0,1373155200
8790,1243,5.0,1252195200
8791,1243,5.0,1367884800
8792,1243,5.0,1366156800
8793,1243,5.0,1384646400
7614,1244,5.0,1197504000
8794,1244,5.0,1169424000
8795,1245,3.0,1236556800
8796,1247,5.0,1332115200
8797,1247,5.0,1400803200
8798,1247,4.0,1354147200
8799,1247,3.0,1243209600
8538,1246,3.0,1377475200
8800,1248,5.0,1385769600
8801,1248,5.0,1367020800
8802,1248,4.0,1358726400
8803,1248,5.0,1196640000
8804,1248,4.0,1359849600
8805,1248,3.0,1353110400
8806,1248,5.0,1362009600
8807,1248,2.0,1383523200
8808,1248,4.0,1359676800
8809,1248,3.0,1326412800
8810,1248,5.0,1391126400
8811,1248,5.0,1380412800
8812,1248,5.0,1348099200
8813,1248,5.0,1363046400
8814,1248,5.0,1192060800
8815,1248,5.0,1341619200
8816,1248,4.0,1351382400
8817,1248,3.0,1373673600
8818,1248,4.0,1339200000
8819,1248,2.0,1333238400
8820,1248,4.0,1401408000
8821,1248,5.0,1276992000
8822,1248,4.0,1273190400
8823,1248,4.0,1337644800
8824,1248,2.0,1342742400
8825,1248,2.0,1325203200
8826,1248,5.0,1358553600
8827,1248,5.0,1331596800
8828,1248,5.0,1362787200
8829,1248,5.0,1298332800
8830,1248,2.0,1298851200
8831,1248,5.0,1378425600
8832,1248,5.0,1376524800
8833,1248,5.0,1381190400
8834,1248,5.0,1398988800
8835,1248,4.0,1125964800
8836,1248,2.0,1369526400
8837,1248,5.0,1386979200
8838,1248,4.0,1194048000
8839,1248,5.0,1372809600
8840,1248,5.0,1313971200
8841,1248,5.0,1383091200
8842,1248,5.0,1370390400
8843,1248,5.0,1339113600
8844,1248,5.0,1388966400
8845,1248,5.0,1370304000
8846,1248,5.0,1380672000
8847,1248,5.0,1335744000
8848,1248,2.0,1333152000
8849,1248,5.0,1400371200
8850,1248,5.0,1365465600
7876,1248,5.0,1344124800
8851,1248,2.0,1275350400
8225,1248,5.0,1384041600
8852,1248,5.0,1370736000
8853,1248,5.0,1386633600
8854,1248,5.0,1379548800
8855,1248,3.0,1354579200
8856,1248,5.0,1370044800
8857,1248,5.0,1370649600
8858,1248,4.0,1371340800
8859,1248,5.0,1317772800
8860,1248,5.0,1359763200
8861,1248,5.0,1375228800
8862,1248,5.0,1361491200
8863,1248,3.0,1357430400
8864,1248,5.0,1365984000
8865,1248,5.0,1376524800
8866,1248,5.0,1343347200
8867,1248,5.0,1397606400
8868,1248,5.0,1358294400
8869,1248,5.0,1322870400
8870,1248,4.0,1360540800
8871,1248,5.0,1368316800
8872,1248,5.0,1348185600
8873,1248,1.0,1279497600
8874,1248,1.0,1363392000
8875,1248,3.0,1297900800
8876,1248,5.0,1370476800
8877,1248,5.0,1361750400
8878,1248,4.0,1369872000
8879,1248,5.0,1375747200
8880,1248,5.0,1397692800
8881,1248,4.0,1340236800
8882,1248,5.0,1338336000
8883,1248,4.0,1370217600
8884,1248,3.0,1404604800
8885,1248,5.0,1375315200
8886,1248,3.0,1390176000
8887,1248,4.0,1397433600
8888,1248,5.0,1269302400
8889,1248,3.0,1398211200
8890,1248,2.0,1372291200
8891,1248,5.0,1353888000
8892,1248,4.0,1366588800
8893,1248,5.0,1370563200
8894,1248,5.0,1361577600
8895,1248,5.0,1359676800
8896,1249,4.0,1376092800
8897,1250,5.0,1401235200
8898,1252,3.0,1365120000
8899,1252,5.0,1199491200
8900,1255,5.0,1200182400
8901,1255,5.0,1374105600
8902,1255,5.0,1379808000
8903,1253,5.0,1357862400
8904,1253,5.0,1363996800
8905,1253,5.0,1337472000
8906,1253,4.0,1363478400
6467,1253,2.0,1194220800
8907,1253,5.0,1351900800
8908,1251,3.0,1247616000
8909,1251,3.0,1316563200
8910,1254,5.0,1368403200
8911,1256,5.0,1378339200
8912,1257,5.0,1401408000
8913,1257,5.0,1370649600
8914,1261,1.0,1250553600
8915,1261,5.0,1225238400
8916,1261,2.0,1231459200
8917,1258,3.0,1235347200
8918,1260,5.0,1271289600
8919,1259,4.0,1224720000
8920,1259,5.0,1297728000
8921,1259,5.0,1269993600
8922,1259,5.0,1320883200
8923,1262,5.0,1265068800
8924,1263,5.0,1387929600
8925,1264,5.0,1362268800
8926,1265,5.0,1390521600
8927,1265,5.0,1377993600
8928,1266,5.0,1291852800
7939,1266,5.0,1346371200
8929,1267,5.0,1252972800
8930,1268,5.0,1285200000
8931,1269,5.0,1282435200
8932,1269,1.0,1280016000
8933,1269,5.0,1262995200
8934,1269,5.0,1265068800
8935,1271,5.0,1297123200
8936,1270,4.0,1269475200
3238,1273,5.0,1295049600
1681,1272,5.0,1211932800
8937,1274,5.0,1340841600
8938,1275,5.0,1230940800
8939,1276,5.0,1253750400
8940,1277,5.0,1405296000
8941,1277,5.0,1364947200
8942,1277,3.0,1375747200
8943,1277,4.0,1384128000
8944,1277,4.0,1316131200
8945,1277,1.0,1363046400
8946,1277,1.0,1377129600
8947,1277,5.0,1320019200
8948,1277,5.0,1360022400
8949,1277,5.0,1354147200
8950,1277,1.0,1314662400
8951,1277,1.0,1307577600
8952,1277,1.0,1337385600
8953,1277,4.0,1359417600
8954,1277,2.0,1332374400
8955,1277,5.0,1394668800
8956,1277,1.0,1347408000
8957,1277,5.0,1260662400
8958,1277,5.0,1382918400
8959,1277,5.0,1325980800
8960,1277,5.0,1313971200
8961,1277,1.0,1363046400
8962,1277,5.0,1395446400
8963,1277,1.0,1386547200
8964,1277,1.0,1353110400
8965,1277,3.0,1355875200
8966,1277,1.0,1350345600
8967,1277,1.0,1391990400
8968,1277,4.0,1378425600
8969,1277,1.0,1358121600
8970,1277,5.0,1273968000
8971,1277,1.0,1384905600
8972,1277,1.0,1362614400
8973,1277,2.0,1391558400
8974,1277,5.0,1253577600
8975,1277,5.0,1390348800
8976,1277,1.0,1345248000
8977,1277,3.0,1377129600
8978,1277,2.0,1400025600
8979,1277,1.0,1396224000
8980,1277,5.0,1383609600
8981,1277,5.0,1364428800
8982,1277,1.0,1379721600
8983,1277,5.0,1377129600
8984,1277,4.0,1341619200
8985,1277,1.0,1344816000
8986,1277,1.0,1250035200
8987,1277,4.0,1329782400
8988,1277,5.0,1321660800
8989,1277,5.0,1275004800
8990,1277,5.0,1394409600
8991,1277,1.0,1353628800
8992,1277,3.0,1380240000
8993,1277,1.0,1366848000
8994,1277,1.0,1397606400
8995,1277,2.0,1376092800
8996,1277,5.0,1353283200
8997,1277,1.0,1366502400
8998,1277,1.0,1357862400
8999,1277,5.0,1295049600
9000,1277,1.0,1378166400
9001,1277,4.0,1391817600
9002,1277,5.0,1341619200
9003,1277,5.0,1394409600
9004,1277,4.0,1390953600
9005,1277,4.0,1365638400
9006,1277,3.0,1348185600
9007,1277,3.0,1315094400
9008,1277,5.0,1392940800
9009,1277,5.0,1394323200
9010,1277,4.0,1342569600
9011,1277,1.0,1270944000
9012,1277,1.0,1396828800
9013,1277,1.0,1392163200
9014,1277,4.0,1247184000
9015,1277,1.0,1398729600
9016,1277,5.0,1386547200
9017,1277,1.0,1364947200
9018,1277,5.0,1230940800
9019,1277,5.0,1378684800
9020,1277,2.0,1386547200
9021,1277,1.0,1376870400
9022,1277,2.0,1365465600
9023,1277,1.0,1346198400
9024,1277,1.0,1405123200
9025,1277,2.0,1350345600
9026,1277,1.0,1339718400
9027,1277,5.0,1392422400
9028,1277,1.0,1396051200
9029,1277,5.0,1343347200
9030,1277,1.0,1353283200
9031,1277,2.0,1387843200
9032,1277,1.0,1318291200
9033,1277,5.0,1394236800
9034,1277,1.0,1370476800
9035,1277,1.0,1350604800
9036,1277,5.0,1385251200
9037,1277,1.0,1208131200
9038,1277,5.0,1386460800
9039,1277,1.0,1384732800
9040,1277,3.0,1394496000
9041,1277,5.0,1381622400
9042,1277,1.0,1288483200
9043,1277,1.0,1370476800
9044,1277,2.0,1347840000
9045,1277,5.0,1376092800
9046,1277,5.0,1398988800
9047,1277,4.0,1361059200
9048,1277,1.0,1345939200
9049,1277,1.0,1402444800
9050,1277,1.0,1391472000
9051,1277,1.0,1362700800
9052,1277,1.0,1323216000
9053,1277,2.0,1385942400
9054,1277,5.0,1277683200
9055,1277,1.0,1399766400
9056,1277,5.0,1382659200
9057,1277,1.0,1366588800
9058,1277,5.0,1328227200
9059,1277,1.0,1394150400
9060,1277,5.0,1340064000
9061,1277,2.0,1361145600
9062,1277,5.0,1378166400
9063,1277,5.0,1389312000
9064,1277,5.0,1397433600
9065,1277,5.0,1375747200
9066,1277,5.0,1367366400
9067,1277,4.0,1397174400
9068,1277,4.0,1379980800
9069,1277,1.0,1371686400
9070,1277,5.0,1372636800
9071,1277,1.0,1387843200
9072,1277,1.0,1373500800
9073,1277,5.0,1251936000
9074,1277,5.0,1357171200
9075,1277,4.0,1331942400
9076,1277,5.0,1383696000
9077,1277,1.0,1402012800
9078,1277,5.0,1344470400
9079,1277,2.0,1401408000
9080,1277,5.0,1359936000
9081,1277,1.0,1402704000
9082,1277,2.0,1347840000
9083,1277,5.0,1350432000
9084,1277,1.0,1383523200
9085,1277,2.0,1366588800
9086,1277,5.0,1385942400
9087,1277,3.0,1345334400
9088,1277,5.0,1296086400
9089,1277,5.0,1398988800
9090,1277,4.0,1400803200
9091,1277,4.0,1337299200
9092,1277,5.0,1295913600
9093,1277,3.0,1304035200
9094,1277,4.0,1348185600
9095,1277,5.0,1378080000
9096,1277,4.0,1334188800
9097,1277,1.0,1395100800
9098,1277,5.0,1377734400
9099,1277,2.0,1404259200
9100,1277,5.0,1303257600
7781,1277,5.0,1350000000
9101,1277,4.0,1222905600
9102,1277,3.0,1276992000
9103,1277,5.0,1363737600
9104,1277,5.0,1380585600
9105,1277,3.0,1355616000
9106,1277,4.0,1378857600
9107,1277,5.0,1386633600
9108,1277,5.0,1301875200
9109,1277,1.0,1363219200
9110,1277,1.0,1328400000
9111,1277,1.0,1345334400
9112,1277,3.0,1401235200
9113,1277,4.0,1382227200
9114,1277,5.0,1338422400
9115,1277,5.0,1243641600
9116,1277,1.0,1366329600
9117,1277,1.0,1367539200
9118,1277,5.0,1333065600
9119,1277,5.0,1315440000
9120,1277,1.0,1249171200
9121,1277,5.0,1400457600
9122,1277,1.0,1348790400
9123,1277,1.0,1349740800
9124,1277,1.0,1327276800
9125,1277,1.0,1403568000
9126,1277,5.0,1384732800
9127,1277,1.0,1365465600
9128,1277,5.0,1354492800
9129,1277,5.0,1363910400
9130,1277,2.0,1365292800
9131,1277,2.0,1366934400
9132,1277,5.0,1380326400
9133,1277,1.0,1385942400
9134,1277,4.0,1325548800
9135,1277,5.0,1386633600
9136,1277,4.0,1398470400
9137,1277,5.0,1317340800
9138,1277,5.0,1346976000
9139,1277,4.0,1296086400
9140,1277,5.0,1360454400
9141,1277,5.0,1311724800
9142,1277,4.0,1364342400
9143,1277,5.0,1354665600
9144,1277,4.0,1403049600
9145,1277,3.0,1347408000
9146,1277,1.0,1313020800
9147,1277,4.0,1380672000
9148,1277,1.0,1381881600
9149,1277,1.0,1392940800
9150,1277,1.0,1254355200
9151,1277,4.0,1392076800
9152,1277,1.0,1360713600
9153,1277,2.0,1297123200
9154,1277,4.0,1373414400
9155,1277,1.0,1395273600
9156,1277,5.0,1397001600
9157,1277,2.0,1377734400
9158,1277,5.0,1343952000
9159,1277,5.0,1283472000
9160,1277,1.0,1356652800
9161,1277,1.0,1354665600
9162,1277,2.0,1353715200
9163,1277,4.0,1373587200
9164,1277,1.0,1368489600
9165,1277,1.0,1388102400
9166,1277,1.0,1386633600
9167,1277,5.0,1234915200
9168,1277,5.0,1323820800
9169,1277,5.0,1375488000
9170,1277,2.0,1356739200
9171,1277,3.0,1362873600
9172,1277,1.0,1382659200
9173,1277,1.0,1387065600
9174,1277,4.0,1231718400
9175,1277,4.0,1275350400
9176,1277,1.0,1392681600
9177,1277,4.0,1371686400
9178,1277,3.0,1371859200
9179,1277,1.0,1375574400
9180,1277,1.0,1392076800
9181,1277,5.0,1357257600
9182,1277,5.0,1361318400
9183,1277,3.0,1384128000
9184,1277,5.0,1329350400
9185,1277,5.0,1397952000
9186,1277,4.0,1353801600
9187,1277,5.0,1388361600
9188,1277,1.0,1393027200
9189,1277,4.0,1399420800
9190,1277,1.0,1366675200
9191,1277,1.0,1401840000
9192,1277,2.0,1349827200
9193,1277,1.0,1308096000
9194,1277,4.0,1377043200
9195,1277,5.0,1392163200
9196,1277,5.0,1400544000
9197,1277,3.0,1343001600
9198,1277,1.0,1369353600
9199,1277,1.0,1372636800
9200,1277,2.0,1346716800
9201,1277,1.0,1391644800
9202,1277,3.0,1359849600
9203,1277,3.0,1283126400
9204,1277,1.0,1360022400
9205,1277,4.0,1277683200
9206,1277,1.0,1362182400
9207,1277,4.0,1325980800
9208,1277,1.0,1356998400
9209,1277,1.0,1380672000
9210,1277,5.0,1354147200
9211,1277,5.0,1381795200
9212,1277,5.0,1353369600
9213,1277,1.0,1346544000
9214,1277,1.0,1376524800
9215,1277,2.0,1403568000
9216,1277,1.0,1404691200
9217,1277,1.0,1335052800
9218,1277,1.0,1346889600
9219,1277,4.0,1395100800
9220,1277,5.0,1254700800
9221,1277,2.0,1365638400
9222,1277,1.0,1383091200
9223,1277,5.0,1379030400
9224,1277,1.0,1353542400
9225,1277,1.0,1215129600
9226,1277,1.0,1355616000
9227,1277,1.0,1334707200
9228,1277,1.0,1403136000
9229,1277,1.0,1376784000
9230,1277,1.0,1367539200
9231,1277,1.0,1326240000
9232,1277,1.0,1396224000
9233,1277,1.0,1366243200
9234,1277,5.0,1307923200
9235,1277,1.0,1386547200
9236,1277,4.0,1397174400
9237,1277,1.0,1360454400
9238,1277,5.0,1316217600
9239,1277,1.0,1388534400
9240,1277,5.0,1385337600
9241,1277,2.0,1358640000
9242,1277,5.0,1388016000
9243,1277,5.0,1379635200
9244,1277,2.0,1366156800
9245,1277,5.0,1329782400
9246,1277,5.0,1400630400
9247,1277,1.0,1377043200
9248,1277,1.0,1395532800
9249,1277,2.0,1382486400
9250,1277,1.0,1351123200
9251,1277,5.0,1334793600
2488,1277,5.0,1385596800
9252,1277,4.0,1357257600
9253,1277,5.0,1353196800
9254,1277,1.0,1377734400
9255,1277,2.0,1363996800
9256,1277,5.0,1251763200
9257,1277,5.0,1311897600
9258,1277,5.0,1386547200
9259,1277,5.0,1383004800
9260,1277,1.0,1376438400
9261,1277,1.0,1378080000
9262,1277,5.0,1374278400
9263,1277,1.0,1349308800
9264,1277,5.0,1255910400
9265,1277,5.0,1374710400
9266,1277,5.0,1291161600
9267,1277,5.0,1367625600
9268,1277,3.0,1257379200
9269,1277,5.0,1391990400
9270,1277,4.0,1402358400
9271,1277,5.0,1355270400
9272,1277,4.0,1379462400
9273,1277,2.0,1330041600
9274,1277,1.0,1310774400
9275,1277,2.0,1376784000
9276,1277,1.0,1315008000
9277,1277,3.0,1376524800
9278,1277,1.0,1360022400
9279,1277,1.0,1393200000
9280,1277,1.0,1379289600
9281,1277,2.0,1344211200
9282,1277,3.0,1368230400
9283,1277,4.0,1381363200
9284,1277,1.0,1386806400
9285,1277,1.0,1349568000
9286,1277,5.0,1363046400
9287,1277,1.0,1385337600
9288,1277,5.0,1359763200
9289,1277,4.0,1366848000
9290,1277,1.0,1357171200
9291,1277,1.0,1378339200
9292,1277,3.0,1383177600
3764,1277,1.0,1355702400
9293,1277,1.0,1372118400
9294,1277,1.0,1350259200
9295,1277,1.0,1366934400
9296,1277,5.0,1388880000
9297,1277,5.0,1202601600
9298,1277,1.0,1401494400
9299,1277,1.0,1383436800
9300,1277,5.0,1386806400
9301,1277,4.0,1358553600
9302,1277,4.0,1381190400
9303,1277,3.0,1337731200
9304,1277,3.0,1372291200
9305,1277,3.0,1367452800
9306,1277,4.0,1375660800
9307,1277,1.0,1369267200
9308,1277,1.0,1309132800
9309,1277,4.0,1374796800
9310,1277,5.0,1366848000
9311,1277,2.0,1387843200
9312,1277,5.0,1390953600
9313,1277,1.0,1310774400
9314,1277,5.0,1404000000
9315,1277,1.0,1384214400
9316,1277,1.0,1298073600
9317,1277,5.0,1404000000
9318,1277,5.0,1308355200
9319,1277,5.0,1377734400
9320,1277,1.0,1391990400
9321,1277,1.0,1364256000
9322,1277,2.0,1387497600
9323,1277,4.0,1390694400
9324,1277,2.0,1402963200
9325,1277,5.0,1373068800
9326,1277,5.0,1346803200
9327,1277,1.0,1317772800
9328,1277,5.0,1404518400
9329,1277,5.0,1388966400
9330,1277,4.0,1404259200
9331,1277,4.0,1359158400
9332,1277,5.0,1380844800
9333,1277,4.0,1377734400
9334,1277,1.0,1387152000
9335,1277,3.0,1308268800
9336,1277,5.0,1328486400
9337,1277,5.0,1399420800
9338,1277,1.0,1353283200
9339,1277,5.0,1371168000
9340,1277,1.0,1277510400
9341,1277,1.0,1384473600
9342,1277,4.0,1379635200
9343,1277,5.0,1391212800
9344,1277,1.0,1358812800
9345,1277,1.0,1400630400
9346,1277,5.0,1273104000
9347,1277,5.0,1314144000
9348,1277,5.0,1367280000
9349,1277,4.0,1353024000
9350,1277,2.0,1317340800
9351,1277,5.0,1402272000
9352,1277,5.0,1375228800
9353,1277,5.0,1329955200
9354,1277,4.0,1292976000
9355,1277,1.0,1319328000
9356,1277,1.0,1353196800
9357,1277,5.0,1303862400
9358,1277,5.0,1401408000
9359,1277,4.0,1391126400
9360,1277,1.0,1360022400
9361,1277,4.0,1348185600
9362,1277,1.0,1370995200
9363,1277,1.0,1388448000
9364,1277,5.0,1351900800
9365,1277,4.0,1400371200
9366,1277,5.0,1356912000
9367,1277,5.0,1304380800
9368,1277,5.0,1353801600
9369,1277,5.0,1360540800
9370,1277,1.0,1353628800
9371,1277,5.0,1339027200
9372,1277,5.0,1378512000
9373,1277,1.0,1389916800
9374,1277,1.0,1353542400
9375,1277,1.0,1392508800
9376,1277,1.0,1357344000
9377,1277,1.0,1400025600
9378,1277,5.0,1318896000
9379,1277,4.0,1330819200
9380,1277,3.0,1394582400
9381,1277,5.0,1259452800
9382,1277,1.0,1393545600
9383,1277,4.0,1379894400
9384,1277,3.0,1384560000
9385,1277,2.0,1395100800
9386,1277,5.0,1352678400
9387,1277,4.0,1399680000
9388,1277,4.0,1355097600
9389,1277,1.0,1347235200
9390,1277,5.0,1271894400
9391,1277,1.0,1386028800
9392,1277,5.0,1339027200
9393,1277,4.0,1386720000
9394,1277,4.0,1283990400
9395,1277,1.0,1346716800
9396,1277,5.0,1363824000
9397,1277,5.0,1351036800
9398,1277,5.0,1337558400
9399,1277,2.0,1397260800
9400,1277,1.0,1392595200
9401,1277,1.0,1361491200
9402,1277,3.0,1348444800
9403,1277,5.0,1343001600
9404,1277,5.0,1388102400
9405,1277,5.0,1393372800
9406,1277,2.0,1350777600
9407,1277,4.0,1402963200
9408,1277,1.0,1344211200
9409,1277,1.0,1354060800
9410,1277,1.0,1389657600
9411,1277,1.0,1310083200
9412,1277,5.0,1351296000
9413,1277,5.0,1360800000
9414,1277,3.0,1381795200
9415,1277,5.0,1378080000
9416,1277,5.0,1369353600
9417,1277,1.0,1394841600
9418,1277,2.0,1338163200
9419,1277,2.0,1377388800
9420,1277,4.0,1379289600
9421,1277,5.0,1346198400
9422,1277,2.0,1363910400
9423,1277,5.0,1352764800
9424,1277,1.0,1374796800
9425,1277,3.0,1288051200
9426,1277,5.0,1266192000
9427,1277,1.0,1365033600
9428,1277,4.0,1386979200
9429,1277,1.0,1387152000
9430,1277,5.0,1396828800
9431,1277,5.0,1357084800
9432,1277,1.0,1386806400
9433,1277,1.0,1375833600
9434,1277,4.0,1298678400
9435,1277,1.0,1361232000
9436,1277,5.0,1375574400
9437,1277,1.0,1393286400
9438,1277,5.0,1387065600
9439,1277,5.0,1314921600
9440,1277,1.0,1369872000
9441,1277,1.0,1344297600
9442,1277,4.0,1332892800
9443,1277,5.0,1397347200
9444,1277,1.0,1345420800
9445,1277,1.0,1331164800
9446,1277,5.0,1320019200
9447,1277,1.0,1208476800
9448,1277,2.0,1344816000
9449,1277,5.0,1361232000
9450,1277,2.0,1405036800
9451,1277,5.0,1388966400
9452,1277,1.0,1369267200
9453,1277,2.0,1400889600
9454,1277,1.0,1352419200
9455,1277,4.0,1389225600
9456,1277,1.0,1351209600
9457,1277,1.0,1385942400
9458,1277,5.0,1340668800
9459,1277,5.0,1345852800
9460,1277,3.0,1363478400
9461,1277,5.0,1252108800
9462,1277,3.0,1385337600
9463,1277,3.0,1380585600
9464,1277,5.0,1264723200
9465,1277,4.0,1358640000
9466,1277,2.0,1354838400
9467,1277,5.0,1354147200
9468,1277,1.0,1400889600
9469,1277,1.0,1346976000
9470,1277,5.0,1375142400
9471,1277,4.0,1248566400
9472,1277,5.0,1341360000
9473,1277,1.0,1377475200
9474,1277,5.0,1327104000
9475,1277,2.0,1382832000
9476,1277,4.0,1405036800
9477,1277,2.0,1374624000
9478,1277,5.0,1400112000
9479,1277,4.0,1343606400
9480,1277,5.0,1400976000
9481,1277,5.0,1396137600
9482,1277,5.0,1356652800
9483,1277,2.0,1339891200
9484,1277,1.0,1215907200
9485,1277,5.0,1348876800
9486,1277,4.0,1393200000
9487,1277,1.0,1389744000
9488,1277,2.0,1296604800
9489,1277,5.0,1323475200
9490,1277,2.0,1380240000
9491,1277,1.0,1390780800
9492,1277,5.0,1203811200
9493,1277,5.0,1311811200
9494,1277,1.0,1373760000
9495,1277,1.0,1298678400
9496,1277,1.0,1356480000
9497,1277,4.0,1349222400
9498,1277,3.0,1328745600
9499,1277,5.0,1323561600
9500,1277,1.0,1397347200
9501,1277,5.0,1339027200
9502,1277,2.0,1388188800
9503,1277,2.0,1359504000
9504,1277,2.0,1403827200
9505,1277,1.0,1349308800
9506,1277,5.0,1393286400
9507,1277,3.0,1386028800
9508,1277,1.0,1385942400
9509,1277,1.0,1347580800
9510,1277,5.0,1361232000
9511,1277,1.0,1379894400
9512,1277,5.0,1393718400
9513,1277,4.0,1358553600
9514,1277,5.0,1349568000
9515,1277,4.0,1370304000
9516,1277,1.0,1362960000
9517,1277,2.0,1386547200
9518,1277,1.0,1357516800
9519,1277,4.0,1311984000
9520,1277,2.0,1361318400
9521,1277,5.0,1319500800
9522,1277,1.0,1307836800
9523,1277,4.0,1371254400
9524,1277,3.0,1379289600
9525,1277,1.0,1301529600
9526,1277,1.0,1404086400
9527,1277,1.0,1356912000
9528,1277,5.0,1397433600
9529,1277,1.0,1395014400
9530,1277,3.0,1361059200
9531,1277,5.0,1397174400
9532,1277,3.0,1392595200
9533,1277,2.0,1389312000
9534,1277,1.0,1358208000
9535,1277,1.0,1207440000
9536,1277,4.0,1371945600
9537,1277,1.0,1389139200
9538,1277,5.0,1306972800
9539,1277,5.0,1302220800
9540,1277,1.0,1382572800
9541,1277,5.0,1245369600
9542,1277,1.0,1376265600
9543,1277,5.0,1402099200
9544,1277,4.0,1381622400
9545,1277,5.0,1365206400
9546,1277,2.0,1386806400
9547,1277,1.0,1394841600
9548,1277,1.0,1340928000
9549,1277,1.0,1346025600
9550,1277,1.0,1379116800
9551,1277,1.0,1385769600
9552,1277,5.0,1302912000
9553,1277,5.0,1386547200
9554,1277,4.0,1354924800
9555,1277,1.0,1353456000
9556,1277,1.0,1349308800
9557,1277,1.0,1350604800
9558,1277,2.0,1363046400
9559,1277,1.0,1358035200
9560,1277,5.0,1344643200
9561,1277,5.0,1296259200
9562,1277,4.0,1365984000
9563,1277,1.0,1396915200
9564,1277,3.0,1356912000
9565,1277,5.0,1223769600
9566,1277,2.0,1369612800
9567,1277,4.0,1395273600
9568,1277,1.0,1376006400
9569,1277,1.0,1380844800
9570,1277,3.0,1395532800
9571,1277,5.0,1353110400
9572,1277,4.0,1361318400
9573,1277,2.0,1287705600
9574,1277,5.0,1378252800
9575,1277,2.0,1369612800
9576,1277,5.0,1330387200
9577,1277,3.0,1376611200
9578,1277,4.0,1385337600
9579,1277,3.0,1327708800
9580,1277,1.0,1404259200
9581,1277,3.0,1277337600
9582,1277,2.0,1367798400
9583,1277,4.0,1357257600
9584,1277,1.0,1367798400
9585,1277,2.0,1393372800
9586,1277,5.0,1385769600
9587,1277,3.0,1359331200
9588,1277,1.0,1350000000
9589,1277,1.0,1381017600
9590,1277,5.0,1350518400
9591,1277,1.0,1347235200
9592,1277,5.0,1362182400
9593,1277,4.0,1384300800
9594,1277,1.0,1349827200
9595,1277,1.0,1372291200
9596,1277,5.0,1333670400
9597,1277,5.0,1339200000
9598,1277,1.0,1360972800
9599,1277,5.0,1366675200
9600,1277,1.0,1405123200
9601,1277,5.0,1375833600
9602,1277,4.0,1383955200
9603,1277,1.0,1403568000
9604,1277,1.0,1399420800
9605,1277,5.0,1350691200
9606,1277,3.0,1329696000
9607,1277,1.0,1367193600
9608,1277,3.0,1348012800
9609,1277,1.0,1376092800
9610,1277,2.0,1326153600
9611,1277,5.0,1384992000
9612,1277,1.0,1358553600
9613,1277,1.0,1356220800
9614,1277,5.0,1365465600
9615,1277,4.0,1357171200
9616,1277,1.0,1377475200
9617,1277,5.0,1308614400
9618,1277,1.0,1370995200
9619,1277,4.0,1300233600
9620,1277,2.0,1392854400
9621,1277,2.0,1355356800
9622,1277,4.0,1345334400
9623,1277,2.0,1339804800
9624,1277,2.0,1346976000
9625,1277,1.0,1382313600
9626,1277,3.0,1402531200
9627,1277,5.0,1395532800
9628,1277,3.0,1356220800
9629,1277,2.0,1313280000
9630,1277,5.0,1355097600
9631,1277,5.0,1328745600
9632,1277,1.0,1380844800
9633,1277,3.0,1394323200
9634,1277,1.0,1336953600
9635,1277,5.0,1328054400
9636,1277,3.0,1296604800
9637,1277,1.0,1346716800
9638,1277,5.0,1356048000
9639,1277,1.0,1338163200
9640,1277,5.0,1382918400
9641,1277,1.0,1404259200
9642,1277,5.0,1391385600
9643,1277,5.0,1383782400
9644,1277,4.0,1371168000
9645,1277,3.0,1355961600
9646,1277,1.0,1343692800
9647,1277,3.0,1387065600
9648,1277,1.0,1385683200
9649,1277,5.0,1358899200
9650,1277,2.0,1369008000
9651,1277,5.0,1237766400
9652,1277,1.0,1374883200
9653,1277,5.0,1327536000
9654,1277,1.0,1397606400
9655,1277,5.0,1396051200
9656,1277,3.0,1356998400
9657,1277,5.0,1360713600
9658,1277,5.0,1339545600
9659,1277,2.0,1348790400
9660,1277,5.0,1319414400
9661,1277,4.0,1369526400
9662,1277,3.0,1356825600
9663,1277,5.0,1400112000
9664,1277,5.0,1329264000
9665,1277,5.0,1379289600
9666,1277,1.0,1392076800
9667,1277,1.0,1391126400
9668,1277,2.0,1388188800
9669,1277,1.0,1351728000
9670,1277,2.0,1404518400
9671,1277,1.0,1395878400
9672,1277,4.0,1383350400
9673,1277,5.0,1379289600
9674,1277,4.0,1310342400
9675,1277,3.0,1386201600
9676,1277,1.0,1378857600
9677,1277,5.0,1310515200
9678,1277,1.0,1346716800
9679,1277,5.0,1384473600
9680,1277,2.0,1379203200
9681,1277,3.0,1378512000
9682,1277,5.0,1347408000
9683,1277,3.0,1274745600
9684,1277,5.0,1390262400
9685,1277,1.0,1336435200
9686,1277,2.0,1323907200
9687,1277,4.0,1341619200
9688,1277,5.0,1379808000
9689,1277,5.0,1403481600
9690,1277,4.0,1401753600
9691,1277,1.0,1344816000
9692,1277,1.0,1347926400
9693,1277,4.0,1378684800
9694,1277,4.0,1221004800
9695,1277,2.0,1387065600
9696,1277,5.0,1343260800
9697,1277,2.0,1378339200
9698,1277,5.0,1397692800
9699,1277,3.0,1394496000
9700,1277,4.0,1388361600
9701,1277,2.0,1355097600
9702,1277,1.0,1377734400
9703,1277,4.0,1344470400
9704,1277,5.0,1383955200
9705,1277,5.0,1398816000
9706,1277,5.0,1348272000
9707,1277,1.0,1374451200
9708,1277,1.0,1353283200
9709,1277,1.0,1363737600
9710,1277,1.0,1312416000
9711,1277,2.0,1396224000
9712,1277,4.0,1399507200
9713,1277,1.0,1358121600
9714,1277,1.0,1347926400
9715,1277,4.0,1385769600
9716,1277,1.0,1353283200
9717,1277,1.0,1382745600
9718,1277,5.0,1333065600
9719,1277,4.0,1244764800
9720,1277,1.0,1373068800
9721,1277,5.0,1397347200
9722,1277,5.0,1316304000
9723,1277,5.0,1335744000
9724,1277,1.0,1379203200
9725,1277,1.0,1354147200
9726,1277,1.0,1379808000
9727,1277,5.0,1358985600
9728,1277,5.0,1311984000
9729,1278,5.0,1395273600
9730,1278,5.0,1368662400
9731,1279,3.0,1393804800
9732,1280,4.0,1202860800
9733,1281,4.0,1360540800
9734,1282,1.0,1367280000
9735,1282,5.0,1369785600
9736,1283,5.0,1280361600
9737,1283,3.0,1324771200
9738,1283,4.0,1359936000
9739,1284,5.0,1378598400
9740,1284,4.0,1375833600
9741,1284,5.0,1352160000
9742,1284,5.0,1398988800
9743,1285,5.0,1206403200
9744,1287,5.0,1281744000
9745,1287,3.0,1282262400
9746,1288,2.0,1381795200
9747,1288,3.0,1324598400
9748,1288,5.0,1309046400
9749,1288,5.0,1310169600
9750,1288,5.0,1360886400
9751,1288,5.0,1382745600
9752,1286,4.0,1343865600
9753,1286,5.0,1302307200
9754,1286,5.0,1358899200
9755,1289,5.0,1320019200
9756,1291,5.0,1387670400
9757,1291,5.0,1340928000
9758,1291,5.0,1379030400
9759,1291,5.0,1366156800
9760,1291,5.0,1397088000
9761,1291,5.0,1388188800
9762,1291,4.0,1394496000
9763,1291,5.0,1310428800
9764,1291,4.0,1392163200
9765,1291,2.0,1334620800
9766,1291,5.0,1355702400
9767,1291,1.0,1321401600
9768,1291,5.0,1404432000
9769,1291,5.0,1404950400
9770,1291,5.0,1360713600
9771,1291,5.0,1362355200
9772,1291,5.0,1341273600
9773,1291,3.0,1329264000
9774,1291,5.0,1394064000
9775,1291,5.0,1358985600
9776,1291,4.0,1331856000
9777,1291,5.0,1358640000
9778,1291,4.0,1294444800
9779,1291,1.0,1393459200
9780,1291,5.0,1326326400
9781,1291,1.0,1395187200
9782,1291,5.0,1388448000
9783,1291,5.0,1373932800
9784,1291,5.0,1370995200
9785,1291,5.0,1336348800
9786,1291,5.0,1308614400
9787,1291,4.0,1396828800
9788,1290,5.0,1382486400
9789,1290,5.0,1332806400
9790,1292,1.0,1378771200
9791,1292,4.0,1357084800
9792,1294,5.0,1369958400
9793,1294,1.0,1357948800
9794,1294,4.0,1356566400
9795,1294,5.0,1367366400
9796,1294,5.0,1356220800
9797,1294,3.0,1385078400
9798,1294,5.0,1363996800
9799,1294,5.0,1353888000
9800,1294,5.0,1398902400
9801,1294,4.0,1365724800
9802,1294,5.0,1393977600
9803,1294,5.0,1357171200
9804,1294,5.0,1386979200
9805,1294,2.0,1363478400
9806,1294,1.0,1364601600
9807,1294,5.0,1346976000
9808,1294,5.0,1340755200
9809,1294,5.0,1364256000
9810,1294,2.0,1366934400
9811,1294,5.0,1375574400
9812,1293,3.0,1385424000
9813,1293,1.0,1359244800
9814,1295,5.0,1373760000
9815,1295,5.0,1395532800
9816,1295,5.0,1357603200
9817,1296,3.0,1401840000
9818,1296,1.0,1354147200
9819,1297,5.0,1349481600
9820,1298,1.0,1405296000
9821,1298,4.0,1405900800
9822,1298,5.0,1344470400
9823,1298,4.0,1204502400
9824,1298,5.0,1290124800
9825,1298,1.0,1384560000
9826,1298,5.0,1293494400
9827,1298,5.0,1238803200
9828,1298,5.0,1309305600
9829,1298,5.0,1259107200
9830,1298,1.0,1219795200
9831,1298,5.0,1208476800
9832,1298,1.0,1252368000
9833,1298,1.0,1332633600
9834,1298,5.0,1208563200
9835,1298,1.0,1343692800
9836,1298,4.0,1211846400
9837,1298,2.0,1306540800
9838,1298,5.0,1237593600
9839,1298,5.0,1233878400
9840,1298,2.0,1300233600
9841,1298,5.0,1310256000
9842,1298,2.0,1392076800
9843,1298,5.0,1262995200
9844,1298,5.0,1202428800
9845,1298,2.0,1353628800
9846,1298,1.0,1369008000
9847,1298,5.0,1354579200
9848,1298,5.0,1343347200
9849,1298,5.0,1211587200
9850,1298,5.0,1294876800
9851,1298,4.0,1313452800
9852,1298,1.0,1272844800
9853,1298,2.0,1230940800
9854,1298,2.0,1204070400
9855,1298,5.0,1200960000
9856,1298,5.0,1215216000
9857,1298,1.0,1353110400
9858,1298,5.0,1388620800
9859,1298,5.0,1318723200
9860,1298,3.0,1209254400
9861,1298,4.0,1302393600
9862,1298,4.0,1205020800
9863,1298,5.0,1367280000
9864,1298,1.0,1210636800
9865,1298,5.0,1206662400
9866,1298,4.0,1295222400
9867,1298,5.0,1216857600
9868,1298,1.0,1325980800
2125,1298,3.0,1363824000
9869,1298,2.0,1404172800
9870,1298,1.0,1386115200
9871,1298,3.0,1278288000
9872,1298,1.0,1309824000
9873,1298,5.0,1306886400
9874,1298,5.0,1295395200
9875,1298,3.0,1267660800
9876,1298,4.0,1206403200
9877,1298,5.0,1244505600
9878,1298,3.0,1337385600
9879,1298,2.0,1379030400
9880,1298,4.0,1201564800
9881,1298,5.0,1357776000
9882,1298,1.0,1291852800
9883,1298,5.0,1198886400
9884,1298,5.0,1203811200
9885,1298,3.0,1238630400
9886,1298,5.0,1262563200
9887,1298,5.0,1322956800
9888,1298,5.0,1283817600
9889,1298,5.0,1232236800
9890,1298,4.0,1201996800
9891,1298,1.0,1249603200
9892,1298,4.0,1395532800
9893,1298,5.0,1375920000
9894,1298,5.0,1249862400
9895,1298,5.0,1201132800
9896,1298,3.0,1282089600
9897,1298,1.0,1394928000
9898,1298,3.0,1316304000
9899,1298,1.0,1403136000
9900,1298,1.0,1302220800
9901,1298,5.0,1238976000
9902,1298,3.0,1239062400
9903,1298,5.0,1283817600
9904,1298,4.0,1244764800
9905,1298,5.0,1298592000
9906,1298,5.0,1284508800
9907,1298,4.0,1214956800
9908,1298,5.0,1200614400
9909,1298,5.0,1298937600
9910,1298,4.0,1313539200
9911,1298,5.0,1302652800
9912,1298,4.0,1217894400
9913,1298,1.0,1373500800
9914,1298,3.0,1210636800
9915,1298,5.0,1277856000
9916,1298,5.0,1401926400
9917,1298,4.0,1207180800
9918,1298,4.0,1344816000
9919,1298,1.0,1306713600
9920,1298,3.0,1202860800
9921,1298,5.0,1334793600
9922,1298,4.0,1211846400
9923,1298,5.0,1202342400
9924,1298,5.0,1221955200
9925,1298,5.0,1199750400
9926,1298,5.0,1280620800
9927,1298,2.0,1325980800
9928,1298,5.0,1210118400
9929,1298,1.0,1262822400
2651,1298,5.0,1247702400
9930,1298,4.0,1235001600
9931,1298,4.0,1313798400
9932,1298,5.0,1305849600
9933,1298,1.0,1300320000
9934,1298,5.0,1363824000
9935,1298,5.0,1203724800
9936,1298,1.0,1324598400
9937,1298,5.0,1294531200
9938,1298,1.0,1403395200
9939,1298,1.0,1356480000
9940,1298,4.0,1261699200
9941,1298,1.0,1355184000
9942,1298,5.0,1233878400
9943,1298,5.0,1382572800
9944,1298,5.0,1393632000
9945,1298,4.0,1215820800
9946,1298,2.0,1283299200
9947,1298,3.0,1318550400
9948,1298,1.0,1327363200
9949,1298,3.0,1240185600
9950,1298,4.0,1202688000
9951,1298,1.0,1325203200
9952,1298,5.0,1321660800
9953,1298,2.0,1199664000
9954,1298,4.0,1201564800
3383,1298,5.0,1209600000
9955,1298,1.0,1391990400
9956,1298,5.0,1212537600
9957,1298,5.0,1209340800
9958,1298,4.0,1373500800
9959,1298,1.0,1386028800
9960,1298,2.0,1353801600
9961,1298,5.0,1230076800
9962,1298,5.0,1204934400
9963,1298,5.0,1361145600
9964,1298,5.0,1339632000
9965,1298,1.0,1286928000
9966,1298,5.0,1214265600
9967,1298,1.0,1242518400
9968,1298,5.0,1398556800
9969,1298,1.0,1293408000
9970,1298,5.0,1240876800
9971,1298,5.0,1209772800
9972,1298,1.0,1201219200
9973,1298,5.0,1281484800
9974,1298,5.0,1230681600
9975,1298,3.0,1209427200
9976,1298,1.0,1374192000
9977,1298,1.0,1313625600
9978,1298,5.0,1209254400
9979,1298,1.0,1379721600
9980,1298,4.0,1202601600
9981,1298,1.0,1216944000
9982,1298,1.0,1314057600
9983,1298,1.0,1239408000
9984,1298,5.0,1231545600
9985,1298,4.0,1397347200
9986,1298,1.0,1273881600
9987,1298,3.0,1298678400
9988,1298,5.0,1240099200
9989,1298,5.0,1214265600
9990,1298,5.0,1238976000
9991,1298,5.0,1381536000
9992,1298,1.0,1371859200
9993,1298,5.0,1329782400
9994,1298,5.0,1203379200
9995,1298,1.0,1391040000
9996,1298,1.0,1328745600
9997,1298,1.0,1322265600
9998,1298,3.0,1350086400
9999,1298,5.0,1222646400
10000,1298,2.0,1219276800
10001,1298,5.0,1212019200
10002,1298,1.0,1339200000
10003,1298,1.0,1374364800
10004,1298,2.0,1362960000
10005,1298,5.0,1328486400
10006,1298,3.0,1370304000
10007,1298,1.0,1277251200
10008,1298,5.0,1204329600
10009,1298,1.0,1327622400
10010,1298,5.0,1271894400
10011,1298,5.0,1234224000
10012,1298,5.0,1303603200
10013,1298,5.0,1361318400
10014,1298,5.0,1200614400
10015,1298,1.0,1255305600
10016,1298,1.0,1254528000
10017,1298,1.0,1300320000
10018,1298,5.0,1234137600
10019,1298,5.0,1324598400
10020,1298,5.0,1212192000
10021,1298,5.0,1209427200
10022,1298,4.0,1294704000
10023,1298,5.0,1264809600
10024,1298,5.0,1264291200
10025,1298,4.0,1352332800
10026,1298,4.0,1327968000
10027,1298,1.0,1312156800
10028,1298,2.0,1311292800
10029,1298,1.0,1299110400
10030,1298,5.0,1211932800
10031,1298,5.0,1210550400
10032,1298,5.0,1237593600
10033,1298,5.0,1209081600
10034,1298,4.0,1367366400
10035,1298,1.0,1295222400
10036,1298,3.0,1380153600
10037,1298,1.0,1309651200
10038,1298,2.0,1215043200
10039,1298,2.0,1322870400
10040,1298,5.0,1248652800
10041,1298,4.0,1233619200
10042,1298,4.0,1274140800
10043,1298,5.0,1357862400
10044,1298,5.0,1225497600
10045,1298,5.0,1219968000
10046,1298,5.0,1316217600
10047,1298,5.0,1207440000
10048,1298,1.0,1343433600
10049,1298,1.0,1283644800
10050,1298,1.0,1366934400
10051,1298,4.0,1249948800
7584,1298,4.0,1205107200
10052,1298,3.0,1242518400
10053,1298,5.0,1278115200
10054,1298,5.0,1214611200
10055,1298,5.0,1312416000
10056,1298,5.0,1247961600
10057,1298,4.0,1292976000
10058,1298,5.0,1214006400
10059,1298,5.0,1200787200
10060,1298,1.0,1208563200
10061,1298,5.0,1261785600
10062,1298,5.0,1283040000
10063,1298,2.0,1197417600
10064,1298,5.0,1341532800
10065,1298,1.0,1314662400
10066,1298,4.0,1206230400
10067,1298,5.0,1245283200
10068,1298,5.0,1229472000
10069,1298,4.0,1336348800
10070,1298,5.0,1263859200
10071,1298,5.0,1229212800
10072,1298,1.0,1380672000
10073,1298,2.0,1229126400
10074,1298,3.0,1203984000
10075,1298,5.0,1199664000
10076,1298,5.0,1246579200
10077,1298,1.0,1324425600
10078,1298,5.0,1289606400
10079,1298,4.0,1360368000
3500,1298,5.0,1228867200
10080,1298,5.0,1214006400
10081,1298,1.0,1305504000
10082,1298,1.0,1223251200
10083,1298,5.0,1201910400
10084,1298,5.0,1331942400
10085,1298,5.0,1197417600
10086,1298,1.0,1346112000
10087,1298,5.0,1202947200
10088,1298,4.0,1402358400
10089,1298,5.0,1201132800
10090,1298,5.0,1205798400
10091,1298,5.0,1402963200
10092,1298,5.0,1209340800
10093,1298,4.0,1357171200
10094,1298,3.0,1402617600
10095,1298,4.0,1213401600
10096,1298,5.0,1204329600
10097,1298,1.0,1381968000
10098,1298,5.0,1368144000
10099,1298,1.0,1353888000
10100,1298,5.0,1207872000
10101,1298,3.0,1241740800
10102,1298,5.0,1220918400
10103,1298,4.0,1229040000
10104,1298,5.0,1400284800
10105,1298,4.0,1230940800
10106,1298,1.0,1292025600
10107,1298,5.0,1399248000
10108,1298,5.0,1293667200
10109,1298,5.0,1201219200
10110,1298,5.0,1202342400
10111,1298,1.0,1205884800
10112,1298,5.0,1215993600
10113,1298,5.0,1200096000
10114,1298,1.0,1213574400
10115,1298,4.0,1369785600
10116,1298,1.0,1214611200
10117,1298,5.0,1312848000
10118,1298,5.0,1202428800
10119,1298,5.0,1361664000
10120,1298,2.0,1396224000
10121,1298,5.0,1267660800
10122,1298,1.0,1395273600
10123,1298,5.0,1380240000
10124,1298,2.0,1235865600
10125,1298,5.0,1214265600
4956,1298,1.0,1319328000
10126,1298,4.0,1266451200
10127,1298,4.0,1397174400
10128,1298,3.0,1378771200
10129,1298,5.0,1205798400
10130,1298,2.0,1340064000
10131,1298,4.0,1354406400
10132,1298,5.0,1202169600
10133,1298,1.0,1301529600
10134,1298,1.0,1383868800
10135,1298,5.0,1272240000
10136,1298,1.0,1336003200
10137,1298,5.0,1204329600
10138,1298,5.0,1252713600
10139,1298,5.0,1388707200
10140,1298,4.0,1204329600
10141,1298,2.0,1358985600
10142,1298,5.0,1206835200
10143,1298,4.0,1312502400
10144,1298,2.0,1349222400
10145,1298,5.0,1203033600
10146,1298,5.0,1213142400
10147,1298,5.0,1207872000
10148,1298,5.0,1203897600
10149,1298,3.0,1206921600
10150,1298,5.0,1244160000
10151,1298,1.0,1289692800
10152,1298,1.0,1326067200
10153,1298,2.0,1350259200
10154,1298,1.0,1227830400
10155,1298,5.0,1247702400
10156,1298,1.0,1377475200
10157,1298,2.0,1290556800
10158,1298,5.0,1206662400
10159,1298,1.0,1345852800
10160,1298,5.0,1213660800
10161,1298,3.0,1229040000
10162,1298,5.0,1265760000
10163,1298,4.0,1318464000
10164,1298,5.0,1200096000
10165,1298,4.0,1212537600
10166,1298,4.0,1211068800
10167,1298,1.0,1317254400
10168,1298,1.0,1392508800
10169,1298,4.0,1248134400
10170,1298,4.0,1325894400
10171,1298,4.0,1373760000
10172,1298,5.0,1261872000
10173,1298,5.0,1208995200
10174,1298,4.0,1387756800
10175,1298,5.0,1265673600
10176,1298,5.0,1205625600
10177,1298,5.0,1259280000
10178,1298,5.0,1202688000
10179,1298,5.0,1360713600
10180,1298,1.0,1297382400
10181,1298,3.0,1258934400
10182,1298,5.0,1201564800
9379,1298,1.0,1245974400
10183,1298,5.0,1202342400
10184,1298,2.0,1328572800
10185,1298,3.0,1207785600
10186,1298,5.0,1207872000
10187,1298,5.0,1262736000
10188,1298,5.0,1277251200
10189,1298,5.0,1355270400
10190,1298,5.0,1272672000
10191,1298,1.0,1319241600
10192,1298,5.0,1210809600
10193,1298,5.0,1332028800
10194,1298,5.0,1271289600
10195,1298,5.0,1392336000
10196,1298,5.0,1342396800
10197,1298,1.0,1383696000
10198,1298,3.0,1301011200
10199,1298,1.0,1268265600
10200,1298,4.0,1214611200
10201,1298,5.0,1202083200
10202,1298,1.0,1363046400
10203,1298,1.0,1390608000
10204,1298,5.0,1213833600
10205,1298,1.0,1291766400
10206,1298,5.0,1208563200
10207,1298,1.0,1359331200
10208,1298,5.0,1314576000
10209,1298,1.0,1238803200
10210,1298,1.0,1307318400
10211,1298,2.0,1362528000
10212,1298,1.0,1266624000
10213,1298,4.0,1303689600
10214,1298,3.0,1214438400
10215,1298,5.0,1264982400
10216,1298,1.0,1211068800
10217,1298,5.0,1207353600
10218,1298,1.0,1209168000
10219,1298,5.0,1354060800
10220,1298,1.0,1310947200
10221,1298,2.0,1213747200
10222,1298,5.0,1336521600
10223,1298,1.0,1210809600
10224,1298,5.0,1228953600
10225,1298,5.0,1207526400
10226,1298,1.0,1297987200
10227,1298,5.0,1240185600
10228,1298,3.0,1355097600
10229,1298,5.0,1280188800
10230,1298,5.0,1246060800
10231,1298,3.0,1314057600
10232,1298,3.0,1314230400
10233,1298,5.0,1200268800
10234,1298,5.0,1209340800
10235,1298,4.0,1310601600
10236,1298,1.0,1298073600
10237,1298,4.0,1235952000
10238,1298,1.0,1312934400
10239,1298,4.0,1285545600
10240,1298,1.0,1405036800
10241,1298,1.0,1212192000
10242,1298,4.0,1211068800
10243,1298,1.0,1332115200
10244,1298,4.0,1206835200
10245,1298,1.0,1393718400
10246,1298,3.0,1206316800
10247,1298,5.0,1268092800
10248,1298,4.0,1237248000
10249,1298,1.0,1200355200
10250,1298,5.0,1295654400
10251,1298,5.0,1207526400
10252,1298,1.0,1291766400
10253,1298,5.0,1212796800
10254,1298,4.0,1204848000
10255,1298,2.0,1348963200
10256,1298,5.0,1205107200
10257,1298,5.0,1203552000
10258,1298,5.0,1205798400
10259,1298,1.0,1280534400
10260,1298,4.0,1205625600
10261,1298,5.0,1212278400
10262,1298,4.0,1217462400
10263,1298,5.0,1381276800
10264,1298,5.0,1280016000
10265,1298,5.0,1384992000
10266,1298,3.0,1297987200
10267,1298,5.0,1201737600
10268,1298,5.0,1313884800
10269,1298,1.0,1389225600
10270,1298,5.0,1286496000
10271,1298,5.0,1343347200
10272,1298,5.0,1200787200
10273,1298,2.0,1385769600
10274,1298,3.0,1207785600
10275,1298,1.0,1328832000
10276,1298,5.0,1343692800
10277,1298,5.0,1232236800
10278,1298,1.0,1367884800
10279,1298,5.0,1210550400
10280,1298,5.0,1216166400
10281,1298,4.0,1202083200
10282,1298,5.0,1205539200
10283,1298,5.0,1281052800
10284,1298,1.0,1280188800
10285,1298,5.0,1295481600
10286,1298,1.0,1315699200
10287,1298,1.0,1390867200
9493,1298,5.0,1311552000
10288,1298,5.0,1204675200
10289,1298,1.0,1395360000
10290,1298,5.0,1212019200
10291,1298,2.0,1378771200
10292,1298,3.0,1208131200
10293,1298,5.0,1205712000
10294,1298,5.0,1203033600
10295,1298,1.0,1289520000
10296,1298,4.0,1229558400
10297,1298,5.0,1244160000
10298,1298,5.0,1203120000
10299,1298,5.0,1204416000
10300,1298,5.0,1210204800
10301,1298,2.0,1340668800
10302,1298,5.0,1220140800
10303,1298,1.0,1277596800
10304,1298,5.0,1236643200
10305,1298,5.0,1207094400
10306,1298,5.0,1201651200
10307,1298,2.0,1375142400
10308,1298,2.0,1309305600
10309,1298,3.0,1353283200
10310,1298,5.0,1380672000
10311,1298,5.0,1293667200
10312,1298,1.0,1311811200
10313,1298,4.0,1200614400
10314,1298,2.0,1312761600
10315,1298,4.0,1232236800
10316,1298,5.0,1325980800
10317,1298,5.0,1210204800
10318,1298,3.0,1246147200
10319,1298,1.0,1326240000
10320,1298,5.0,1388966400
10321,1298,5.0,1201564800
10322,1298,3.0,1315353600
10323,1298,5.0,1202688000
10324,1298,5.0,1207958400
10325,1298,2.0,1389139200
10326,1298,5.0,1368144000
10327,1298,1.0,1290556800
10328,1298,1.0,1306972800
10329,1298,5.0,1386806400
10330,1298,1.0,1244073600
10331,1298,1.0,1207526400
10332,1298,2.0,1296259200
10333,1298,5.0,1263513600
10334,1298,5.0,1373414400
10335,1298,4.0,1353801600
10336,1298,1.0,1345939200
10337,1298,5.0,1206576000
10338,1298,5.0,1230854400
10339,1298,4.0,1255564800
10340,1298,5.0,1287446400
10341,1298,5.0,1200096000
4389,1298,3.0,1329004800
10342,1298,1.0,1379030400
10343,1298,5.0,1356220800
10344,1298,5.0,1199491200
10345,1298,5.0,1353628800
10346,1298,1.0,1232668800
10347,1298,1.0,1211241600
10348,1298,1.0,1215129600
10349,1298,2.0,1379289600
10350,1298,3.0,1334102400
10351,1298,2.0,1332201600
10352,1298,1.0,1319414400
10353,1298,5.0,1397088000
10354,1298,5.0,1383696000
10355,1298,5.0,1360886400
10356,1298,4.0,1308873600
10357,1298,5.0,1204761600
10358,1298,1.0,1212969600
10359,1298,5.0,1202342400
10360,1298,4.0,1238284800
10361,1298,2.0,1385251200
10362,1298,5.0,1355443200
10363,1298,1.0,1381708800
10364,1298,1.0,1204675200
10365,1298,4.0,1365120000
10366,1298,3.0,1343088000
10367,1298,5.0,1353974400
10368,1298,5.0,1309046400
10369,1298,4.0,1271548800
10370,1298,5.0,1202428800
10371,1298,5.0,1211932800
10372,1298,4.0,1204502400
10373,1298,5.0,1246838400
10374,1298,1.0,1221350400
10375,1298,5.0,1261872000
10376,1298,5.0,1232150400
10377,1298,5.0,1206921600
10378,1298,5.0,1316217600
10379,1298,5.0,1273622400
10380,1298,1.0,1220745600
10381,1298,2.0,1359244800
10382,1298,5.0,1339804800
10383,1298,5.0,1271203200
10384,1298,4.0,1294444800
10385,1298,5.0,1354838400
10386,1298,5.0,1228867200
10387,1298,5.0,1342310400
10388,1298,5.0,1234137600
10389,1298,1.0,1213660800
10390,1298,2.0,1201132800
10391,1298,5.0,1297209600
10392,1298,4.0,1404000000
10393,1298,5.0,1204761600
10394,1298,5.0,1350604800
10395,1298,1.0,1200787200
10396,1298,5.0,1393113600
10397,1298,1.0,1291766400
10398,1298,4.0,1371254400
10399,1298,5.0,1211932800
10400,1298,1.0,1382486400
10401,1298,3.0,1293667200
10402,1298,1.0,1383523200
10403,1298,5.0,1310860800
10404,1298,3.0,1391644800
10405,1298,1.0,1379289600
10406,1298,5.0,1349827200
10407,1298,3.0,1211673600
10408,1298,5.0,1282521600
10409,1298,1.0,1396828800
10410,1298,5.0,1198800000
10411,1298,5.0,1196553600
10412,1298,2.0,1219622400
10413,1298,2.0,1394668800
10414,1298,5.0,1245110400
10415,1298,1.0,1394841600
10416,1298,5.0,1380326400
10417,1298,2.0,1302220800
10418,1298,2.0,1284163200
10419,1298,1.0,1349913600
10420,1298,3.0,1360540800
10421,1298,1.0,1239148800
10422,1298,4.0,1211760000
10423,1298,5.0,1214179200
10424,1298,4.0,1222905600
10425,1298,5.0,1309046400
10426,1298,5.0,1240185600
10427,1298,3.0,1354579200
10428,1298,4.0,1360022400
10429,1298,3.0,1329091200
10430,1298,2.0,1230163200
10431,1298,5.0,1323302400
10432,1298,3.0,1383264000
10433,1298,1.0,1376956800
10434,1298,5.0,1213228800
10435,1298,1.0,1323043200
4838,1298,4.0,1235952000
10436,1298,4.0,1316649600
10437,1298,2.0,1271462400
10438,1298,5.0,1211587200
10439,1298,1.0,1308268800
10440,1298,5.0,1264377600
10441,1298,4.0,1363651200
10442,1298,5.0,1382832000
10443,1298,4.0,1344038400
10444,1298,3.0,1234915200
10445,1298,1.0,1352160000
10446,1298,1.0,1355184000
10447,1298,5.0,1201651200
10448,1298,5.0,1200441600
10449,1298,1.0,1343692800
10450,1298,1.0,1364860800
10451,1298,1.0,1389139200
10452,1299,5.0,1211068800
10453,1299,5.0,1221868800
10454,1299,5.0,1199318400
10455,1299,5.0,1221436800
10456,1300,5.0,1270425600
10457,1301,1.0,1376006400
10458,1301,5.0,1383609600
10459,1301,5.0,1370822400
10460,1301,4.0,1312416000
10461,1301,3.0,1402531200
10462,1301,5.0,1389312000
10463,1301,5.0,1356652800
10464,1301,5.0,1397001600
10465,1301,5.0,1359849600
10466,1301,5.0,1378166400
10467,1301,5.0,1264204800
10468,1301,5.0,1374883200
10469,1301,5.0,1395100800
10470,1301,4.0,1340236800
10471,1301,5.0,1384387200
10472,1301,4.0,1380240000
10473,1301,3.0,1220918400
10474,1301,5.0,1388793600
10475,1301,5.0,1388707200
10476,1301,4.0,1203120000
10477,1301,5.0,1396137600
10478,1301,5.0,1366243200
10479,1301,5.0,1378425600
10480,1301,5.0,1389139200
10481,1302,2.0,1266451200
10482,1302,4.0,1251676800
10483,1303,5.0,1311897600
10484,1303,4.0,1327881600
10485,1304,5.0,1365638400
10486,1305,4.0,1319932800
10487,1305,4.0,1330387200
6016,1306,5.0,1233360000
10488,1307,1.0,1375747200
10489,1308,5.0,1216512000
10490,1309,4.0,1252972800
10491,1310,5.0,1208908800
10492,1311,1.0,1326758400
10493,1313,5.0,1403827200
10494,1313,5.0,1358726400
10495,1312,5.0,1311465600
10496,1312,4.0,1290988800
10497,1312,5.0,1401753600
10498,1314,5.0,1224028800
10499,1314,5.0,1374364800
10500,1314,4.0,1369526400
10501,1315,5.0,1332547200
10502,1315,5.0,1297987200
6047,1316,3.0,1324512000
10503,1316,5.0,1190505600
10504,1316,5.0,1360800000
10505,1316,1.0,1320796800
10506,1316,1.0,1319068800
10507,1316,4.0,1360108800
10508,1316,5.0,1390521600
10509,1316,5.0,1124668800
10510,1316,5.0,1383264000
10511,1316,5.0,1340064000
10512,1316,5.0,1352419200
10513,1316,5.0,1180051200
10514,1316,4.0,1386547200
10515,1316,4.0,1366675200
10516,1316,3.0,1356220800
10517,1316,2.0,1214697600
10518,1316,5.0,1364083200
10519,1316,5.0,1329436800
10520,1316,3.0,1346284800
10521,1316,5.0,1368230400
10522,1316,1.0,1347580800
10523,1316,5.0,1354752000
10524,1316,4.0,1223942400
10525,1316,5.0,1376438400
10526,1316,5.0,1336003200
10527,1316,4.0,1348444800
10528,1316,5.0,1359676800
10529,1316,5.0,1357689600
10530,1316,5.0,1365638400
10531,1316,5.0,1183075200
10532,1316,5.0,1171152000
10533,1316,1.0,1334880000
10534,1316,5.0,1234828800
10535,1316,1.0,1395878400
10536,1316,5.0,1404000000
10537,1316,5.0,1354665600
10538,1316,5.0,1153785600
10539,1316,3.0,1187308800
10540,1316,5.0,1295481600
10541,1316,5.0,1154476800
10542,1316,2.0,1375315200
10543,1316,3.0,1305331200
10544,1316,5.0,1347321600
10545,1316,1.0,1324684800
10546,1316,1.0,1344038400
10547,1316,5.0,1084838400
10548,1316,5.0,1344211200
10549,1317,4.0,1378512000
10550,1317,5.0,1320192000
10551,1317,5.0,1402617600
10552,1317,5.0,1338854400
10553,1317,1.0,1398643200
10554,1317,5.0,1340323200
10555,1317,1.0,1385942400
10556,1317,5.0,1386115200
10557,1318,4.0,1371254400
10558,1318,5.0,1219968000
10559,1318,5.0,1323388800
10560,1318,5.0,1389830400
10561,1319,5.0,1203292800
10562,1320,5.0,1357171200
10563,1321,5.0,1362528000
10564,1322,5.0,1356480000
10565,1323,5.0,1360454400
10566,1323,5.0,1376092800
10567,1323,5.0,1393286400
10568,1323,5.0,1401840000
10569,1323,5.0,1259539200
10570,1323,5.0,1379030400
10571,1323,5.0,1382400000
10572,1323,5.0,1364169600
10573,1323,5.0,1386979200
10574,1323,4.0,1271203200
10575,1323,5.0,1260576000
10576,1323,5.0,1401580800
10577,1323,4.0,1392940800
10578,1323,1.0,1378425600
10579,1323,5.0,1329177600
10580,1323,1.0,1379203200
10581,1323,3.0,1339200000
10582,1323,5.0,1269388800
10583,1323,5.0,1370649600
10584,1323,5.0,1362355200
10585,1323,1.0,1363305600
10586,1323,1.0,1383609600
10587,1323,5.0,1331251200
10588,1323,3.0,1389571200
10589,1323,5.0,1382572800
10590,1323,5.0,1390780800
10591,1323,5.0,1392163200
3555,1323,2.0,1285372800
5594,1323,3.0,1363564800
10592,1323,4.0,1161993600
10593,1323,5.0,1390608000
10594,1323,5.0,1354406400
10595,1323,4.0,1341619200
10596,1323,5.0,1381017600
10597,1323,4.0,1379808000
10598,1323,4.0,1385942400
10599,1323,5.0,1390608000
10600,1323,5.0,1397779200
10601,1323,4.0,1397347200
10602,1323,5.0,1378252800
10603,1323,5.0,1378598400
10604,1323,5.0,1395619200
10605,1323,5.0,1377043200
10606,1323,3.0,1330560000
10607,1323,3.0,1391558400
10608,1323,5.0,1262563200
10609,1323,4.0,1391385600
10610,1323,5.0,1396483200
10611,1323,5.0,1255478400
10612,1323,5.0,1367366400
10613,1323,4.0,1390348800
10614,1323,5.0,1358726400
10615,1323,5.0,1402876800
10616,1323,3.0,1379462400
10617,1323,5.0,1386892800
10618,1323,5.0,1318377600
10619,1323,5.0,1319846400
10620,1323,5.0,1361923200
10621,1323,1.0,1337126400
10622,1323,5.0,1304294400
10623,1323,5.0,1331251200
5273,1323,5.0,1322438400
10624,1323,5.0,1359244800
10625,1323,5.0,1197158400
10626,1323,5.0,1370908800
10627,1323,5.0,1318464000
10628,1323,5.0,1377475200
10629,1323,5.0,1378771200
1306,1323,5.0,1359504000
4827,1323,5.0,1382486400
10630,1323,5.0,1395100800
10631,1323,5.0,1385769600
10632,1323,5.0,1223510400
10633,1323,5.0,1389830400
10634,1323,5.0,1299456000
10635,1323,5.0,1370131200
10636,1323,5.0,1366675200
10637,1323,5.0,1378857600
10638,1323,4.0,1289347200
10639,1323,5.0,1342569600
10640,1323,5.0,1361836800
10641,1323,5.0,1400889600
10642,1323,3.0,1309219200
10643,1324,5.0,1210291200
10644,1325,5.0,1325116800
10645,1325,5.0,1327363200
10646,1326,5.0,1168300800
10647,1326,5.0,1204761600
10648,1326,5.0,1216425600
10649,1326,5.0,1346025600
10650,1326,4.0,1325462400
10651,1326,5.0,1250121600
10652,1326,1.0,1282608000
10653,1326,5.0,1325289600
10654,1326,1.0,1293926400
10655,1326,5.0,1320364800
10656,1327,5.0,1398211200
10657,1327,3.0,1402444800
10658,1327,5.0,1386288000
10659,1329,5.0,1402617600
10660,1328,4.0,1395014400
10661,1328,5.0,1372377600
10662,1328,5.0,1234051200
10663,1328,3.0,1399334400
10664,1328,4.0,1332892800
10665,1328,4.0,1284681600
10666,1330,4.0,1403049600
10667,1330,4.0,1376352000
10668,1330,5.0,1395273600
10669,1330,4.0,1297468800
10670,1332,1.0,1287619200
10671,1331,2.0,1303689600
10672,1333,5.0,1317859200
10673,1334,5.0,1400284800
10674,1334,5.0,1373500800
10675,1334,3.0,1319500800
7617,1334,4.0,1382918400
10676,1334,4.0,1350172800
10677,1334,5.0,1296259200
10678,1334,5.0,1358294400
10679,1334,5.0,1386720000
10680,1334,5.0,1357084800
10681,1334,5.0,1368662400
10682,1334,5.0,1377561600
10683,1334,5.0,1404345600
10684,1334,5.0,1364428800
10685,1334,3.0,1297123200
10686,1334,5.0,1389312000
10687,1334,4.0,1331683200
10688,1334,5.0,1354233600
10689,1334,5.0,1315353600
10690,1334,5.0,1358899200
10691,1334,2.0,1330473600
5441,1334,3.0,1355961600
10692,1335,5.0,1373846400
10693,1335,5.0,1239753600
10694,1335,5.0,1266451200
10695,1335,5.0,1264809600
10696,1335,5.0,1348790400
10697,1337,4.0,1357084800
10698,1336,5.0,1314489600
10699,1336,3.0,1314748800
10700,1336,1.0,1315958400
10701,1336,5.0,1314748800
10702,1336,1.0,1314576000
10703,1338,4.0,1361664000
10704,1338,5.0,1331596800
10705,1338,5.0,1390953600
10706,1338,4.0,1398470400
10707,1338,4.0,1399248000
10708,1339,2.0,1303084800
10709,1340,3.0,1282608000
10710,1341,5.0,1397174400
10711,1341,3.0,1217462400
10712,1342,5.0,1357344000
10713,1343,5.0,1347494400
10714,1344,5.0,1206576000
10715,1345,5.0,1254268800
10716,1345,5.0,1258070400
10534,1345,1.0,1232064000
10717,1346,2.0,1299974400
10718,1348,5.0,1387411200
10719,1347,1.0,1299542400
10720,1347,4.0,1298851200
10721,1349,5.0,1206576000
10722,1349,5.0,1354924800
10723,1350,5.0,1229040000
10724,1351,5.0,1371168000
10725,1351,4.0,1377475200
10726,1351,1.0,1389571200
10727,1351,5.0,1361923200
10728,1351,4.0,1379462400
10729,1351,5.0,1333929600
10730,1351,5.0,1337385600
10731,1352,5.0,1361923200
10732,1352,2.0,1375228800
10733,1352,5.0,1351382400
10734,1352,3.0,1354406400
10735,1353,3.0,1355443200
10736,1353,1.0,1389657600
10737,1353,5.0,1367712000
10738,1353,4.0,1355702400
3895,1353,1.0,1356307200
10739,1353,4.0,1355529600
10740,1353,5.0,1356480000
10741,1353,5.0,1335571200
10742,1353,5.0,1399420800
10743,1354,5.0,1271808000
10744,1354,4.0,1358726400
10745,1355,5.0,1220745600
10746,1357,5.0,1210204800
10747,1357,4.0,1295568000
10748,1356,5.0,1345334400
10749,1356,5.0,1334707200
10750,1356,5.0,1351296000
10751,1356,4.0,1319846400
10752,1358,5.0,1346198400
10753,1359,5.0,1394409600
10754,1359,1.0,1393027200
10755,1359,5.0,1291766400
10756,1360,5.0,1369958400
10757,1361,4.0,1359072000
10758,1362,5.0,1284681600
10759,1363,5.0,1355529600
7990,1364,5.0,1331596800
10760,1365,3.0,1292889600
10761,1365,4.0,1280188800
10762,1366,3.0,1393027200
10763,1366,5.0,1285372800
10764,1366,5.0,1299801600
10765,1366,5.0,1339977600
10766,1366,5.0,1231200000
10767,1366,5.0,1167350400
10768,1366,4.0,1235433600
10769,1366,5.0,1396310400
10770,1366,5.0,1328572800
10771,1366,5.0,1197331200
10772,1367,2.0,1339200000
10773,1367,5.0,1271203200
10774,1367,5.0,1392163200
10775,1367,5.0,1215043200
10776,1367,5.0,1360540800
10777,1367,5.0,1387065600
10778,1367,3.0,1290297600
10779,1368,5.0,1373241600
10780,1369,5.0,1302393600
10781,1369,5.0,1351123200
10782,1370,2.0,1324771200
10783,1370,5.0,1258070400
10784,1370,4.0,1297814400
10785,1370,2.0,1284940800
10786,1370,5.0,1291507200
10787,1371,3.0,1218931200
10788,1371,3.0,1228003200
10789,1371,1.0,1265068800
10790,1372,5.0,1360713600
10791,1374,5.0,1348272000
10792,1374,5.0,1356652800
10793,1374,5.0,1334361600
10794,1374,4.0,1387152000
10795,1373,1.0,1368403200
10796,1373,1.0,1383436800
10797,1373,5.0,1381968000
10798,1375,5.0,1355961600
10799,1375,5.0,1327104000
10800,1375,3.0,1320537600
10801,1375,4.0,1327536000
10802,1375,5.0,1266278400
10803,1376,5.0,1252195200
10804,1376,4.0,1255305600
10805,1376,1.0,1233446400
10806,1376,5.0,1234742400
10807,1376,5.0,1232409600
10808,1376,2.0,1234828800
4506,1376,5.0,1221523200
10809,1376,1.0,1243209600
10810,1377,5.0,1307491200
10811,1377,5.0,1303948800
10812,1377,5.0,1393200000
10813,1377,5.0,1215043200
10814,1378,5.0,1302739200
10815,1378,3.0,1220140800
10816,1378,1.0,1306800000
10817,1379,4.0,1266019200
10818,1380,5.0,1387929600
10819,1380,4.0,1394236800
10820,1380,5.0,1396828800
10821,1380,3.0,1404432000
10822,1380,5.0,1347840000
10823,1380,3.0,1396742400
10789,1380,5.0,1353888000
10824,1381,4.0,1311897600
10825,1382,5.0,1210464000
10826,1382,5.0,1232323200
10827,1382,5.0,1210982400
10828,1382,5.0,1211846400
10829,1382,5.0,1240617600
10830,1382,5.0,1207699200
10831,1383,4.0,1301875200
10832,1384,4.0,1389225600
10833,1384,5.0,1389052800
10834,1384,5.0,1326844800
10835,1384,5.0,1369612800
10836,1384,5.0,1388966400
10837,1384,4.0,1309392000
10838,1384,5.0,1359763200
10839,1385,4.0,1345852800
10840,1385,5.0,1352246400
10841,1387,5.0,1350000000
10842,1387,5.0,1300233600
10843,1386,5.0,1383955200
6782,1388,5.0,1315008000
10844,1388,5.0,1276646400
10845,1388,5.0,1327708800
10846,1388,5.0,1330300800
10847,1388,5.0,1375833600
10848,1388,5.0,1210723200
10849,1388,1.0,1313539200
10850,1389,2.0,1229040000
10851,1390,5.0,1295222400
1392,1390,4.0,1200096000
7882,1390,3.0,1220054400
10852,1390,4.0,1214006400
10853,1390,2.0,1306540800
10854,1390,5.0,1225238400
10855,1390,5.0,1313798400
10856,1391,1.0,1372118400
10857,1391,5.0,1405209600
10858,1391,4.0,1333497600
10859,1392,5.0,1303430400
10860,1393,5.0,1380758400
10861,1394,3.0,1271376000
10862,1395,2.0,1376784000
10863,1395,4.0,1343174400
10864,1395,5.0,1319068800
10865,1395,3.0,1297036800
10866,1395,1.0,1352246400
10867,1395,5.0,1354665600
10868,1395,4.0,1383523200
10869,1395,2.0,1364774400
10870,1396,5.0,1386547200
10871,1396,5.0,1307750400
5034,1396,3.0,1381276800
10872,1396,5.0,1384214400
10578,1396,1.0,1378598400
10873,1396,4.0,1362268800
10874,1396,5.0,1309046400
10875,1396,2.0,1383264000
10876,1396,1.0,1393459200
10877,1396,5.0,1402876800
10878,1396,5.0,1379116800
10879,1396,5.0,1387497600
10880,1396,4.0,1357862400
10881,1396,5.0,1364947200
10882,1396,5.0,1394668800
10883,1396,2.0,1362873600
10884,1396,3.0,1394409600
10885,1396,5.0,1358726400
10886,1396,5.0,1392249600
10887,1396,3.0,1394928000
10888,1396,5.0,1318291200
10889,1396,5.0,1380067200
10890,1396,5.0,1402704000
10891,1396,5.0,1388793600
10892,1396,5.0,1393891200
10893,1396,4.0,1330387200
6016,1396,3.0,1322956800
10894,1396,4.0,1398038400
10895,1396,1.0,1386115200
10896,1396,2.0,1396224000
10897,1396,4.0,1383696000
10492,1396,5.0,1371168000
10898,1396,2.0,1379808000
10899,1396,5.0,1381104000
10900,1397,3.0,1368403200
10901,1398,5.0,1405209600
10902,1398,5.0,1261526400
10903,1398,5.0,1334707200
10904,1398,4.0,1331856000
10905,1398,5.0,1395619200
10906,1398,1.0,1333324800
10907,1398,5.0,1326240000
10908,1398,5.0,1388275200
10909,1398,5.0,1355011200
10910,1398,5.0,1342742400
10911,1398,5.0,1369008000
4445,1398,3.0,1376870400
10912,1398,5.0,1395619200
10913,1398,5.0,1346976000
10914,1398,5.0,1295654400
10915,1398,4.0,1343433600
10916,1398,4.0,1336262400
10917,1398,5.0,1284249600
10918,1398,5.0,1338336000
10919,1398,5.0,1384300800
10920,1398,4.0,1216598400
10921,1398,5.0,1352764800
10922,1398,5.0,1365379200
10923,1398,5.0,1330646400
10924,1398,5.0,1339027200
10925,1398,5.0,1386201600
10926,1398,5.0,1341532800
10927,1398,3.0,1375401600
10928,1398,4.0,1370908800
10929,1398,5.0,1377302400
10930,1398,5.0,1338163200
10931,1398,5.0,1289952000
10932,1398,4.0,1337126400
10933,1398,5.0,1360800000
10934,1398,5.0,1377129600
10935,1398,3.0,1403222400
10936,1398,1.0,1342656000
10937,1398,5.0,1360627200
10938,1398,5.0,1361318400
10939,1398,5.0,1402617600
10940,1398,5.0,1320364800
10941,1398,5.0,1354406400
10942,1398,3.0,1367884800
10943,1398,1.0,1359590400
10944,1398,2.0,1296864000
10945,1398,4.0,1398988800
10946,1398,5.0,1367798400
10947,1398,3.0,1362960000
10948,1398,5.0,1195344000
10949,1398,4.0,1318377600
10950,1398,5.0,1359158400
10951,1398,5.0,1361232000
10952,1398,5.0,1390694400
10953,1398,5.0,1378080000
10954,1398,5.0,1341792000
10955,1398,2.0,1378598400
10956,1398,5.0,1303862400
10957,1398,4.0,1352160000
10958,1398,5.0,1385251200
10959,1398,5.0,1322870400
10960,1398,3.0,1404691200
10961,1398,5.0,1380412800
10962,1398,5.0,1394755200
10963,1398,4.0,1331510400
10964,1398,5.0,1398816000
10965,1398,5.0,1274227200
10966,1398,5.0,1380672000
10967,1398,4.0,1383177600
10968,1398,5.0,1377734400
10969,1398,5.0,1253145600
10970,1398,5.0,1388361600
10971,1398,5.0,1332806400
10972,1398,5.0,1395187200
10973,1398,5.0,1332374400
10974,1398,5.0,1364947200
10975,1398,5.0,1335398400
10976,1398,1.0,1392768000
10977,1398,5.0,1324080000
10978,1398,4.0,1394236800
10979,1398,5.0,1387670400
10980,1398,3.0,1339977600
10981,1399,3.0,1405641600
10982,1399,3.0,1404086400
10983,1399,5.0,1400716800
10984,1399,5.0,1396396800
10985,1399,1.0,1358726400
10986,1399,4.0,1358812800
10987,1399,4.0,1365379200
10988,1399,5.0,1405123200
10989,1399,2.0,1370304000
10990,1399,5.0,1371513600
10991,1399,5.0,1386374400
10992,1399,2.0,1358208000
10993,1399,4.0,1398038400
10994,1399,1.0,1302912000
10995,1399,5.0,1340323200
10996,1399,2.0,1393632000
10997,1399,4.0,1318636800
10998,1399,1.0,1372723200
10999,1399,4.0,1390780800
11000,1399,2.0,1397433600
11001,1399,1.0,1376352000
11002,1399,4.0,1356480000
11003,1399,2.0,1380499200
11004,1399,4.0,1398643200
11005,1399,1.0,1344816000
11006,1399,2.0,1397260800
11007,1399,5.0,1390867200
11008,1399,2.0,1399334400
11009,1399,5.0,1395964800
11010,1399,2.0,1404259200
11011,1399,1.0,1400803200
11012,1399,4.0,1319846400
11013,1399,2.0,1373587200
11014,1399,4.0,1393372800
11015,1399,4.0,1404086400
11016,1399,3.0,1390003200
11017,1399,3.0,1295654400
11018,1399,5.0,1341878400
11019,1399,1.0,1355961600
11020,1400,5.0,1242259200
11021,1400,5.0,1231545600
11022,1401,1.0,1317513600
11023,1402,4.0,1305504000
11024,1402,2.0,1282089600
11025,1402,5.0,1257897600
11026,1402,4.0,1238112000
11027,1402,1.0,1277337600
11028,1402,5.0,1257897600
11029,1402,5.0,1292544000
11030,1403,5.0,1341100800
11031,1403,5.0,1358726400
11032,1403,4.0,1369094400
11033,1403,5.0,1389484800
11034,1403,5.0,1359417600
11035,1404,5.0,1329177600
11036,1405,4.0,1269475200
11037,1405,5.0,1394150400
11038,1405,5.0,1354233600
11039,1405,5.0,1395532800
11040,1405,5.0,1320624000
11041,1405,5.0,1313539200
11042,1405,4.0,1351468800
11043,1405,1.0,1310774400
11044,1405,5.0,1318723200
11045,1405,4.0,1198800000
11046,1405,5.0,1219622400
11047,1405,5.0,1371081600
11048,1405,5.0,1366156800
11049,1405,5.0,1391472000
11050,1405,4.0,1202428800
11051,1405,5.0,1366070400
11052,1405,1.0,1192752000
11053,1405,5.0,1289088000
11054,1405,4.0,1310256000
11055,1405,5.0,1358121600
11056,1405,5.0,1290124800
11057,1405,5.0,1299715200
11058,1405,5.0,1399420800
11059,1405,5.0,1285632000
11060,1405,3.0,1292544000
11061,1405,5.0,1387584000
11062,1405,5.0,1347408000
10332,1405,5.0,1213660800
11063,1405,2.0,1230508800
11064,1407,5.0,1318809600
11065,1407,5.0,1380672000
11066,1406,5.0,1270512000
11067,1408,5.0,1372896000
11068,1408,5.0,1353801600
11069,1408,5.0,1355788800
11070,1408,5.0,1381795200
10916,1408,3.0,1366848000
11071,1408,5.0,1379030400
11072,1408,4.0,1378425600
11073,1408,5.0,1393200000
11074,1408,2.0,1387152000
11075,1408,2.0,1372723200
6225,1408,2.0,1352851200
11076,1408,4.0,1327536000
11077,1408,4.0,1380672000
11078,1408,5.0,1376006400
11079,1408,5.0,1370131200
11080,1408,4.0,1384992000
11081,1408,1.0,1339545600
11082,1408,4.0,1374451200
11083,1408,5.0,1387152000
11084,1409,5.0,1235260800
11085,1409,5.0,1207180800
11086,1409,1.0,1250208000
11087,1409,5.0,1227398400
11088,1409,1.0,1212969600
11089,1409,3.0,1228176000
11090,1410,5.0,1263340800
11091,1411,1.0,1238889600
11092,1411,1.0,1252454400
11093,1412,3.0,1398297600
11094,1412,5.0,1369440000
11095,1412,2.0,1289952000
11096,1412,4.0,1334448000
11097,1412,4.0,1226275200
11098,1412,5.0,1377648000
11099,1412,1.0,1290470400
11100,1412,5.0,1386979200
11101,1412,5.0,1390694400
11102,1412,5.0,1394668800
11103,1412,3.0,1384819200
11104,1412,5.0,1279929600
11105,1412,4.0,1353456000
11106,1412,5.0,1398470400
11107,1412,2.0,1403827200
11108,1412,5.0,1363478400
11109,1412,5.0,1336089600
11110,1412,5.0,1310083200
11111,1412,2.0,1243728000
11112,1412,5.0,1302048000
11113,1412,5.0,1322697600
11114,1412,1.0,1363478400
11115,1412,5.0,1358121600
11116,1412,5.0,1392681600
11117,1412,5.0,1321660800
11118,1412,5.0,1395878400
11119,1412,5.0,1362787200
11120,1412,5.0,1367107200
11121,1412,5.0,1307923200
11122,1412,4.0,1353196800
11123,1412,5.0,1330300800
11124,1412,5.0,1346457600
11125,1412,5.0,1370217600
11126,1412,5.0,1391990400
11127,1412,2.0,1386806400
11128,1412,5.0,1381622400
11129,1413,5.0,1238284800
11130,1413,5.0,1290124800
11131,1413,5.0,1357689600
11132,1413,5.0,1252886400
11133,1414,3.0,1352764800
11134,1415,1.0,1218499200
11135,1416,2.0,1405036800
8957,1417,1.0,1260662400
11136,1417,1.0,1271635200
11137,1417,1.0,1258416000
11138,1417,1.0,1216684800
11139,1417,4.0,1245628800
11140,1417,1.0,1301702400
11141,1417,5.0,1232755200
11142,1417,1.0,1266710400
11143,1419,3.0,1365811200
11144,1419,5.0,1378339200
10924,1419,5.0,1335139200
11145,1419,5.0,1381276800
11146,1419,2.0,1358294400
5276,1419,5.0,1374019200
11147,1419,4.0,1320105600
11148,1418,5.0,1349049600
11144,1418,5.0,1378339200
11149,1418,5.0,1376697600
11150,1420,5.0,1333670400
11151,1421,4.0,1357689600
11152,1422,5.0,1236902400
11153,1422,5.0,1238803200
11154,1422,4.0,1233273600
11155,1422,5.0,1227398400
11156,1422,5.0,1232582400
11157,1422,5.0,1252368000
11158,1422,5.0,1224806400
11159,1423,3.0,1215561600
11160,1423,5.0,1223769600
11161,1424,5.0,1266019200
11162,1425,1.0,1361491200
11163,1425,3.0,1309478400
11164,1425,2.0,1295049600
11165,1425,5.0,1216684800
11166,1425,5.0,1278115200
11167,1425,5.0,1319068800
11168,1425,3.0,1296777600
11169,1425,5.0,1267660800
11170,1425,5.0,1328745600
11171,1425,4.0,1365724800
11172,1425,5.0,1377302400
11173,1425,1.0,1332806400
11174,1425,5.0,1359849600
11175,1425,5.0,1339632000
11176,1425,5.0,1332892800
11177,1425,5.0,1284249600
11178,1425,5.0,1300147200
11179,1425,5.0,1316304000
11180,1425,5.0,1278806400
11181,1425,5.0,1274659200
11182,1425,5.0,1373846400
11183,1425,5.0,1355011200
11184,1425,5.0,1281139200
11185,1425,4.0,1335657600
11186,1425,1.0,1310083200
11187,1425,2.0,1341187200
11188,1425,5.0,1233619200
11189,1425,5.0,1361664000
11190,1425,5.0,1376006400
11191,1425,5.0,1333843200
11192,1426,5.0,1258588800
11193,1426,5.0,1320364800
11194,1426,5.0,1319846400
11195,1426,5.0,1336694400
11196,1426,5.0,1264550400
11197,1426,5.0,1218672000
11198,1426,5.0,1360972800
11199,1426,4.0,1271289600
4979,1426,5.0,1294358400
11200,1426,5.0,1241395200
11201,1426,5.0,1242086400
11202,1426,2.0,1275782400
11203,1426,2.0,1313107200
11204,1426,5.0,1296777600
11205,1426,5.0,1362268800
11206,1426,5.0,1363564800
11207,1426,4.0,1371340800
11208,1426,5.0,1356739200
11209,1426,5.0,1369785600
2781,1426,5.0,1332633600
11210,1426,1.0,1388707200
11211,1427,3.0,1222128000
11212,1427,1.0,1231804800
11213,1427,1.0,1243036800
11214,1428,5.0,1402099200
11215,1428,5.0,1356566400
11216,1429,5.0,1350864000
11217,1429,1.0,1357344000
11218,1429,5.0,1385856000
11219,1430,5.0,1285459200
11220,1431,5.0,1370736000
11221,1433,4.0,1355875200
11222,1434,5.0,1246492800
11223,1434,5.0,1371859200
11224,1434,1.0,1334793600
11225,1434,5.0,1234915200
4087,1434,5.0,1243814400
11226,1434,5.0,1314057600
11227,1434,5.0,1382832000
11228,1432,1.0,1261526400
11229,1432,5.0,1336089600
11230,1432,5.0,1274832000
11231,1432,5.0,1239494400
11232,1432,5.0,1341705600
11233,1432,1.0,1370822400
11234,1432,5.0,1211673600
11235,1432,5.0,1217548800
11236,1432,4.0,1253059200
11237,1435,4.0,1365206400
11238,1435,4.0,1344988800
11239,1435,5.0,1241308800
11240,1435,4.0,1373328000
11241,1436,5.0,1216598400
11242,1437,3.0,1206403200
11243,1437,5.0,1179360000
11244,1437,5.0,1207353600
11245,1437,5.0,1168905600
11246,1437,5.0,1272412800
11247,1437,2.0,1223164800
11248,1437,5.0,1160611200
11249,1437,5.0,1198540800
11250,1437,1.0,1199577600
11251,1437,1.0,1260576000
11252,1437,5.0,1211932800
11253,1437,1.0,1187136000
11254,1437,4.0,1231891200
11255,1437,5.0,1278720000
11256,1437,5.0,1364947200
11257,1437,3.0,1188864000
11258,1437,4.0,1237161600
11259,1437,4.0,1250553600
11260,1437,4.0,1246924800
11261,1437,5.0,1270252800
11262,1437,5.0,1354924800
11263,1437,5.0,1184803200
11264,1437,4.0,1168473600
11265,1437,4.0,1242086400
11025,1437,5.0,1229904000
11266,1437,5.0,1182902400
11267,1437,4.0,1257120000
11268,1437,4.0,1209772800
11269,1437,4.0,1264809600
11270,1437,5.0,1197417600
11271,1437,5.0,1241395200
11272,1437,5.0,1175385600
11273,1437,2.0,1197331200
11274,1437,5.0,1261526400
11275,1437,1.0,1284076800
11276,1437,3.0,1181347200
11277,1437,5.0,1173657600
11278,1437,5.0,1169078400
11279,1437,5.0,1282003200
11280,1437,3.0,1210896000
11281,1437,2.0,1244764800
11282,1437,5.0,1213488000
11283,1437,5.0,1224892800
11284,1437,5.0,1210723200
11285,1437,4.0,1200096000
11286,1437,5.0,1252886400
11287,1437,3.0,1285459200
11288,1437,1.0,1195084800
11289,1437,2.0,1157932800
11290,1437,4.0,1243468800
11291,1438,5.0,1388707200
11292,1439,2.0,1385769600
11293,1439,5.0,1386028800
11294,1439,5.0,1379462400
11295,1439,5.0,1357084800
11296,1439,5.0,1392940800
11297,1439,1.0,1379548800
11298,1439,3.0,1317945600
11299,1439,5.0,1384646400
11300,1439,5.0,1358208000
11301,1439,4.0,1355443200
11302,1439,5.0,1369008000
11303,1439,5.0,1385683200
11304,1439,5.0,1401580800
11305,1439,5.0,1336521600
11306,1439,5.0,1336867200
11307,1439,5.0,1380672000
11308,1439,3.0,1359590400
11309,1439,5.0,1399766400
11310,1439,4.0,1360540800
11311,1439,5.0,1303257600
11312,1439,5.0,1392854400
11313,1439,4.0,1389225600
11314,1439,5.0,1285545600
11315,1439,4.0,1344816000
11316,1439,5.0,1353456000
11317,1439,4.0,1403308800
11318,1439,5.0,1355184000
11319,1439,5.0,1379462400
11320,1439,5.0,1392422400
11321,1439,5.0,1393200000
11322,1439,5.0,1393632000
11323,1439,2.0,1326585600
11324,1439,3.0,1320969600
11325,1439,5.0,1363478400
11326,1439,5.0,1389916800
11327,1439,5.0,1363478400
11328,1439,5.0,1381708800
11329,1439,5.0,1295049600
11330,1439,5.0,1378944000
11331,1439,4.0,1371254400
11332,1439,5.0,1335139200
11333,1439,5.0,1342310400
11334,1439,4.0,1404518400
11335,1439,5.0,1385769600
11336,1439,5.0,1385596800
11337,1439,5.0,1353628800
11338,1439,5.0,1388102400
11339,1439,5.0,1335916800
11340,1439,5.0,1318550400
11341,1439,3.0,1330128000
11342,1439,4.0,1360627200
11343,1439,4.0,1355097600
11344,1439,5.0,1294617600
11345,1439,5.0,1374105600
11346,1439,5.0,1359936000
11347,1439,5.0,1354752000
11348,1439,5.0,1392163200
11349,1439,5.0,1382054400
11350,1439,3.0,1383868800
11351,1439,5.0,1386633600
11352,1439,2.0,1325289600
11353,1439,5.0,1294876800
11354,1439,5.0,1386288000
11355,1439,5.0,1374969600
11356,1439,5.0,1343952000
11357,1439,5.0,1329868800
11358,1439,5.0,1383955200
11359,1439,4.0,1320537600
11360,1439,1.0,1358467200
11361,1439,5.0,1398902400
11362,1439,3.0,1362960000
11363,1439,3.0,1384387200
11364,1439,4.0,1397088000
11365,1439,5.0,1379721600
11366,1439,5.0,1379030400
11367,1439,5.0,1398384000
11368,1439,5.0,1390262400
11369,1439,4.0,1379894400
11370,1439,5.0,1327449600
11371,1440,5.0,1275523200
11372,1441,5.0,1282089600
11373,1442,5.0,1376006400
11374,1443,4.0,1393545600
11375,1444,3.0,1375747200
11376,1445,4.0,1217894400
11377,1445,5.0,1377475200
11378,1446,4.0,1346198400
11379,1446,1.0,1355529600
11380,1446,4.0,1346976000
11381,1446,3.0,1367798400
11382,1446,5.0,1350172800
11383,1446,5.0,1374192000
11384,1447,4.0,1350432000
11385,1447,5.0,1375747200
11386,1447,5.0,1321660800
11387,1447,1.0,1284163200
11388,1447,4.0,1286841600
11389,1447,5.0,1332374400
11390,1447,1.0,1313020800
11391,1448,5.0,1323388800
11392,1449,5.0,1293062400
11393,1450,5.0,1255392000
11394,1451,5.0,1282867200
11395,1452,4.0,1219968000
11396,1453,5.0,1212364800
11397,1454,5.0,1359936000
11398,1455,4.0,1394064000
11399,1456,5.0,1240617600
11400,1456,1.0,1359417600
11401,1456,5.0,1401753600
11402,1456,5.0,1376092800
11403,1457,4.0,1316476800
11404,1457,5.0,1308700800
11405,1457,4.0,1372896000
11406,1457,5.0,1390176000
11407,1457,5.0,1323216000
11408,1458,1.0,1405641600
11409,1458,1.0,1255046400
11410,1458,1.0,1337558400
11411,1458,2.0,1301184000
11412,1458,1.0,1403136000
11413,1458,1.0,1200700800
11414,1458,1.0,1319500800
11415,1458,5.0,1324857600
11416,1458,1.0,1245110400
11417,1458,1.0,1309737600
11418,1458,1.0,1248220800
11419,1458,1.0,1308355200
11420,1458,1.0,1402531200
11421,1458,1.0,1253836800
11422,1458,2.0,1236556800
11423,1458,1.0,1393200000
11424,1458,2.0,1321142400
11425,1458,1.0,1348876800
11426,1458,1.0,1272585600
11427,1458,1.0,1339286400
11428,1458,1.0,1286064000
11429,1458,1.0,1397865600
11430,1458,1.0,1382140800
11431,1458,1.0,1379462400
11432,1458,2.0,1320451200
11433,1458,1.0,1300924800
11434,1458,4.0,1342656000
11435,1458,1.0,1211500800
11436,1458,1.0,1194134400
11437,1458,1.0,1397520000
11438,1458,1.0,1296432000
11439,1458,2.0,1391040000
11440,1458,2.0,1353801600
11441,1458,5.0,1280880000
11442,1458,1.0,1210032000
11443,1458,1.0,1369440000
11444,1458,1.0,1379376000
11445,1458,5.0,1354320000
11446,1458,1.0,1297382400
11447,1458,1.0,1292457600
11448,1458,1.0,1214697600
11449,1458,1.0,1340064000
11450,1458,1.0,1214870400
11451,1458,1.0,1367539200
11452,1458,1.0,1221523200
11453,1458,5.0,1381449600
11454,1458,1.0,1344038400
11455,1458,1.0,1168905600
11456,1458,1.0,1236211200
11457,1458,1.0,1308614400
11458,1458,5.0,1372377600
11459,1458,1.0,1343692800
11460,1458,1.0,1359331200
11461,1458,1.0,1367539200
11462,1458,1.0,1268784000
11463,1458,2.0,1357257600
11464,1458,4.0,1223596800
11465,1458,5.0,1196467200
11466,1458,1.0,1380326400
11467,1458,4.0,1300233600
11468,1458,1.0,1386547200
11469,1458,1.0,1394496000
11470,1458,2.0,1219017600
11471,1458,1.0,1305072000
11472,1458,1.0,1229040000
11473,1458,1.0,1185062400
11474,1458,1.0,1266019200
11475,1458,5.0,1301529600
11476,1458,1.0,1219276800
11477,1458,5.0,1357689600
11478,1458,1.0,1281398400
11479,1458,1.0,1330214400
11480,1458,1.0,1276646400
11481,1458,1.0,1381795200
11482,1458,1.0,1392595200
11483,1458,1.0,1317340800
11484,1458,1.0,1358726400
11485,1458,3.0,1206403200
11486,1458,1.0,1326585600
2253,1458,1.0,1209340800
11487,1458,1.0,1247702400
11488,1458,1.0,1371600000
11489,1458,2.0,1366588800
11490,1458,1.0,1392336000
11491,1458,1.0,1245974400
11492,1458,1.0,1392681600
11493,1458,1.0,1344643200
11494,1458,1.0,1243468800
11495,1458,5.0,1383177600
11496,1458,1.0,1298851200
11497,1458,4.0,1326758400
11498,1458,1.0,1247356800
11499,1458,1.0,1313625600
11500,1458,1.0,1393459200
11501,1458,1.0,1187136000
11502,1458,1.0,1202169600
11503,1458,3.0,1308182400
11504,1458,5.0,1203638400
11505,1458,1.0,1317081600
11506,1458,1.0,1384387200
11507,1458,1.0,1260316800
10303,1458,1.0,1262390400
11508,1458,5.0,1241654400
11509,1458,1.0,1369785600
11510,1458,1.0,1394582400
11511,1458,1.0,1393632000
11512,1458,2.0,1404950400
11513,1458,1.0,1220054400
11514,1458,1.0,1376092800
11515,1458,1.0,1386979200
11516,1458,1.0,1327622400
11517,1458,1.0,1190851200
11518,1458,2.0,1193097600
11519,1458,1.0,1292803200
11520,1458,1.0,1347408000
11521,1458,1.0,1393545600
11522,1458,2.0,1375056000
11523,1458,5.0,1319241600
11524,1458,1.0,1298678400
11525,1458,4.0,1242259200
11526,1458,3.0,1322179200
11527,1458,1.0,1375488000
11528,1458,1.0,1337126400
11529,1458,1.0,1392508800
11530,1458,3.0,1389225600
11531,1458,1.0,1289692800
11532,1458,1.0,1320364800
11533,1458,5.0,1209945600
11534,1458,1.0,1214438400
11535,1458,1.0,1248998400
11536,1458,1.0,1329177600
11537,1459,5.0,1395705600
11538,1459,5.0,1365465600
11539,1459,5.0,1346976000
11540,1459,1.0,1365120000
11541,1460,5.0,1361404800
11542,1461,3.0,1253577600
11543,1462,5.0,1333584000
11544,1463,5.0,1391212800
11545,1463,5.0,1378166400
11546,1465,5.0,1370390400
11547,1467,5.0,1235952000
11548,1467,5.0,1285891200
11549,1467,3.0,1263513600
11550,1464,2.0,1405296000
11551,1464,5.0,1393113600
11552,1464,5.0,1380758400
11553,1464,5.0,1303776000
11554,1464,4.0,1362268800
11555,1464,5.0,1401408000
11556,1464,5.0,1400284800
11557,1464,5.0,1262563200
11558,1464,5.0,1193961600
11559,1464,5.0,1376352000
11560,1464,3.0,1359331200
11561,1464,5.0,1404086400
11562,1464,2.0,1363564800
11563,1464,4.0,1394064000
11564,1464,5.0,1356480000
11565,1464,5.0,1298937600
11566,1464,1.0,1397520000
11567,1464,5.0,1208649600
11568,1464,5.0,1366848000
11569,1464,5.0,1394668800
11570,1464,4.0,1396742400
11571,1464,5.0,1400025600
11572,1464,5.0,1403222400
11573,1464,1.0,1404518400
11574,1464,5.0,1351036800
11546,1464,4.0,1379721600
11575,1464,1.0,1369267200
11576,1464,5.0,1401494400
11577,1464,5.0,1377993600
11578,1464,5.0,1383091200
11579,1464,5.0,1367625600
6812,1464,5.0,1369094400
11580,1464,5.0,1401753600
6814,1464,5.0,1362009600
10475,1464,1.0,1382659200
11581,1464,4.0,1354579200
6815,1464,5.0,1368748800
11582,1464,5.0,1358121600
11583,1464,5.0,1368748800
11584,1464,5.0,1378339200
6817,1464,1.0,1403049600
11585,1464,5.0,1370822400
11586,1464,4.0,1380672000
11587,1464,5.0,1354147200
11588,1464,5.0,1388016000
11589,1464,5.0,1344384000
11590,1464,5.0,1380672000
11591,1464,5.0,1392076800
11592,1466,5.0,1385251200
11593,1466,4.0,1312156800
11594,1466,5.0,1203638400
11595,1466,5.0,1299024000
11596,1466,5.0,1387324800
11597,1466,5.0,1355443200
11598,1468,3.0,1334188800
11599,1468,5.0,1306972800
11600,1469,5.0,1405814400
11601,1469,5.0,1405728000
11602,1469,5.0,1297296000
11603,1469,5.0,1376438400
11604,1469,5.0,1382054400
11605,1469,5.0,1361750400
11606,1469,5.0,1399852800
11607,1469,5.0,1367798400
11608,1469,5.0,1369267200
11609,1469,5.0,1330646400
11610,1469,5.0,1376697600
11611,1469,5.0,1348358400
11612,1469,5.0,1340582400
11613,1469,5.0,1354406400
11614,1469,5.0,1379894400
11615,1469,5.0,1391126400
11616,1469,5.0,1398038400
11617,1469,5.0,1348876800
11618,1469,5.0,1382140800
11619,1469,5.0,1385337600
11620,1469,5.0,1340928000
11621,1469,5.0,1397347200
11622,1469,5.0,1385251200
11623,1469,5.0,1375833600
11624,1469,5.0,1362528000
11625,1469,4.0,1335571200
11626,1469,4.0,1384387200
11627,1469,5.0,1326326400
11628,1469,5.0,1307404800
11629,1469,5.0,1354924800
11630,1469,5.0,1392681600
11631,1469,5.0,1361318400
11632,1469,5.0,1361318400
11633,1469,5.0,1390867200
11634,1469,5.0,1373068800
11635,1469,5.0,1327881600
11636,1469,5.0,1387670400
11637,1469,5.0,1394323200
11638,1469,5.0,1326499200
11639,1469,5.0,1374624000
11640,1469,5.0,1399939200
11641,1469,3.0,1388102400
11642,1469,5.0,1357862400
9140,1469,5.0,1393632000
11643,1469,5.0,1354924800
11644,1469,5.0,1399161600
11645,1469,5.0,1364083200
11646,1469,5.0,1357516800
11647,1469,4.0,1379030400
11648,1469,4.0,1395014400
11649,1469,5.0,1401148800
11650,1469,5.0,1352764800
11651,1469,5.0,1358208000
11652,1469,5.0,1400371200
11653,1469,5.0,1361404800
11654,1469,5.0,1341964800
11655,1469,5.0,1391990400
11656,1469,5.0,1399939200
11657,1469,5.0,1392249600
11658,1469,5.0,1389052800
11659,1469,5.0,1403481600
11660,1469,5.0,1387843200
11661,1469,5.0,1383696000
11662,1469,5.0,1402185600
11663,1469,5.0,1378252800
11664,1469,5.0,1397347200
11665,1469,5.0,1376265600
11666,1469,5.0,1395532800
11667,1469,5.0,1356652800
11668,1469,5.0,1399766400
11669,1469,5.0,1377475200
11670,1469,3.0,1404777600
11671,1469,5.0,1328140800
11672,1469,5.0,1354838400
11673,1469,5.0,1395532800
11674,1469,5.0,1381363200
11675,1469,5.0,1386028800
11676,1469,5.0,1387152000
11677,1469,5.0,1356048000
11678,1469,5.0,1389312000
11679,1469,5.0,1335398400
11680,1469,4.0,1381622400
11681,1469,5.0,1396915200
11682,1469,4.0,1400371200
11683,1469,5.0,1396483200
11684,1469,5.0,1342396800
11685,1469,4.0,1399507200
11686,1469,5.0,1377216000
11687,1469,5.0,1326585600
11688,1469,5.0,1353628800
11689,1469,5.0,1397606400
11690,1469,5.0,1392508800
11691,1469,5.0,1400630400
11692,1469,5.0,1391904000
11693,1469,4.0,1388880000
11694,1469,4.0,1400112000
11695,1469,5.0,1351900800
11696,1469,5.0,1324944000
11697,1469,3.0,1381363200
11698,1469,4.0,1379203200
11699,1469,5.0,1401667200
11700,1469,5.0,1326758400
11701,1469,5.0,1391040000
11702,1469,5.0,1324339200
11703,1469,5.0,1356480000
11704,1469,5.0,1374537600
11705,1469,3.0,1397260800
11706,1469,5.0,1302480000
11707,1469,5.0,1355875200
11708,1469,5.0,1350432000
11709,1469,5.0,1399507200
11710,1469,5.0,1397952000
11711,1469,3.0,1327449600
11712,1469,5.0,1380499200
11713,1469,5.0,1326067200
11714,1469,5.0,1386115200
11715,1469,5.0,1404864000
11716,1469,5.0,1396742400
11717,1469,5.0,1341014400
11718,1469,5.0,1385337600
11719,1469,5.0,1388707200
11720,1469,5.0,1379635200
11721,1469,5.0,1326672000
11722,1469,5.0,1359244800
11723,1469,5.0,1352419200
11724,1469,3.0,1378166400
11725,1469,4.0,1260057600
11726,1469,5.0,1327276800
11727,1469,5.0,1379462400
11728,1469,5.0,1396137600
11729,1469,4.0,1358812800
11730,1469,5.0,1330992000
11731,1469,4.0,1379635200
11732,1469,2.0,1404259200
11733,1470,5.0,1356307200
11734,1470,1.0,1325980800
11735,1470,3.0,1289520000
11736,1470,1.0,1332806400
11737,1470,2.0,1284076800
11738,1470,5.0,1341532800
11739,1471,5.0,1268179200
11740,1471,5.0,1355184000
11741,1471,4.0,1222646400
11742,1473,2.0,1384905600
11743,1472,3.0,1404777600
11744,1472,1.0,1284508800
3338,1472,5.0,1362009600
11745,1472,4.0,1341273600
11746,1472,4.0,1342569600
11747,1472,3.0,1338768000
11748,1472,5.0,1370822400
11749,1472,4.0,1354492800
11750,1472,5.0,1288396800
11751,1474,4.0,1264896000
11752,1475,5.0,1259798400
11753,1476,5.0,1289865600
11754,1477,1.0,1236470400
11755,1478,5.0,1372896000
11756,1478,5.0,1333584000
11757,1479,5.0,1400284800
11758,1479,5.0,1374883200
11759,1479,5.0,1391817600
11760,1479,5.0,1300492800
11761,1479,5.0,1385942400
11762,1479,5.0,1394582400
11763,1479,5.0,1302048000
11764,1480,5.0,1249689600
11765,1481,4.0,1221436800
11766,1482,1.0,1302048000
11767,1483,2.0,1268611200
11768,1484,5.0,1257984000
11769,1484,1.0,1216684800
11770,1485,3.0,1331596800
11771,1485,5.0,1354406400
4571,1485,3.0,1309651200
11772,1485,5.0,1229040000
11773,1485,3.0,1298937600
11774,1485,1.0,1333152000
11775,1485,3.0,1184025600
11776,1485,5.0,1193961600
11777,1485,5.0,1369612800
11778,1486,5.0,1323820800
11779,1487,4.0,1317772800
11780,1488,2.0,1343520000
11781,1488,4.0,1309737600
11782,1489,5.0,1390521600
11783,1490,1.0,1275868800
11784,1490,4.0,1200787200
7990,1490,5.0,1318204800
11785,1490,5.0,1364947200
11786,1490,5.0,1400716800
11787,1490,2.0,1207785600
11788,1490,5.0,1358640000
11789,1490,3.0,1202342400
11790,1490,4.0,1187913600
11791,1490,1.0,1174608000
11792,1490,2.0,1392508800
11793,1490,5.0,1369958400
11794,1490,5.0,1231113600
11795,1490,4.0,1229385600
11796,1490,5.0,1200268800
11797,1490,5.0,1191369600
11798,1490,3.0,1193702400
11799,1490,5.0,1213228800
11800,1491,5.0,1232928000
11801,1492,5.0,1263859200
11802,1492,5.0,1235433600
11803,1492,5.0,1242950400
11804,1492,5.0,1264982400
11805,1492,5.0,1252108800
11806,1493,4.0,1263600000
11807,1493,4.0,1236643200
11808,1493,1.0,1232323200
11809,1494,5.0,1261872000
11810,1495,1.0,1388016000
11811,1496,4.0,1249689600
11812,1499,5.0,1136851200
11813,1499,5.0,1179964800
1786,1499,5.0,1193961600
11814,1499,5.0,1129680000
1812,1499,5.0,1211932800
11815,1499,5.0,1225324800
11816,1499,4.0,1105228800
11817,1498,5.0,1206748800
11818,1498,1.0,1308960000
11819,1498,5.0,1215043200
67,1498,5.0,1209254400
11820,1498,1.0,1262822400
11821,1498,2.0,1234483200
11822,1498,5.0,1250899200
11823,1497,3.0,1219881600
899,1497,2.0,1229904000
67,1497,5.0,1209254400
11824,1500,2.0,1272153600
11825,1500,5.0,1294704000
1843,1500,5.0,1195948800
1792,1500,3.0,1139961600
11826,1500,2.0,1126310400
11827,1500,5.0,1129420800
11828,1500,5.0,1244073600
899,1500,4.0,1229904000
11829,1500,5.0,1165622400
1815,1500,5.0,1105747200
11830,1500,5.0,1087603200
1841,1500,4.0,1150848000
11831,1501,5.0,1293753600
11832,1502,5.0,1222387200
11833,1502,1.0,1228953600
11834,1503,1.0,1211760000
11835,1504,5.0,1343865600
11836,1505,5.0,1239494400
11837,1506,5.0,1372291200
11838,1506,5.0,1334275200
11839,1507,5.0,1235260800
11840,1507,5.0,1290211200
11841,1508,5.0,1398643200
11842,1508,5.0,1347580800
11843,1508,5.0,1377388800
11844,1508,5.0,1369872000
11845,1508,5.0,1396742400
11846,1508,4.0,1364688000
11847,1508,5.0,1389657600
11848,1508,5.0,1393286400
11849,1508,5.0,1397433600
11850,1508,5.0,1370649600
11851,1508,5.0,1395273600
11852,1508,5.0,1341446400
11853,1508,5.0,1401494400
11854,1508,4.0,1382918400
11855,1508,5.0,1385078400
11856,1508,5.0,1368057600
11857,1508,4.0,1395100800
11858,1508,5.0,1389744000
11859,1508,1.0,1374969600
11860,1508,5.0,1402272000
11861,1508,3.0,1361491200
11862,1508,5.0,1384214400
11863,1508,5.0,1376179200
11864,1508,5.0,1274918400
11865,1508,5.0,1402185600
11866,1508,5.0,1361750400
11867,1508,5.0,1266710400
11868,1508,5.0,1393372800
11869,1508,3.0,1393027200
11870,1508,5.0,1273017600
11871,1508,5.0,1373068800
11872,1508,3.0,1393718400
11873,1508,2.0,1403654400
11874,1508,5.0,1389484800
11875,1508,5.0,1364774400
11876,1508,5.0,1358035200
11877,1508,3.0,1387843200
11878,1514,5.0,1381190400
11879,1513,5.0,1370390400
11880,1513,5.0,1362268800
11881,1513,5.0,1403136000
11882,1513,5.0,1392595200
11883,1513,3.0,1393977600
11557,1513,5.0,1314230400
11563,1513,5.0,1394064000
11884,1513,5.0,1385164800
11885,1513,5.0,1396915200
11886,1513,5.0,1381968000
11887,1513,5.0,1399939200
11888,1513,3.0,1391904000
11889,1513,5.0,1383091200
11890,1513,2.0,1404259200
11891,1513,3.0,1399939200
11892,1513,5.0,1374796800
11893,1513,5.0,1360022400
11894,1513,5.0,1402358400
11895,1513,5.0,1398902400
11896,1513,4.0,1359244800
11897,1513,5.0,1370563200
11898,1513,5.0,1386374400
11899,1513,5.0,1386633600
11900,1513,5.0,1399420800
11901,1513,4.0,1400198400
11902,1513,5.0,1330560000
11903,1513,5.0,1382832000
11904,1513,5.0,1404259200
11905,1513,5.0,1347840000
11906,1513,4.0,1309046400
6814,1513,5.0,1363392000
11907,1513,4.0,1321833600
11908,1513,4.0,1384300800
6815,1513,5.0,1370131200
11909,1513,5.0,1398297600
11910,1513,3.0,1395964800
11911,1513,5.0,1368921600
11912,1513,5.0,1353715200
11913,1513,4.0,1259366400
11914,1513,4.0,1391644800
11915,1513,4.0,1395100800
11916,1513,5.0,1404172800
11917,1512,4.0,1355356800
11918,1512,5.0,1374883200
11919,1512,5.0,1384646400
11920,1512,5.0,1361750400
11921,1512,5.0,1384214400
11922,1512,1.0,1367107200
11923,1509,2.0,1362787200
11924,1509,2.0,1349568000
11925,1509,2.0,1321747200
11926,1509,5.0,1360281600
11927,1509,5.0,1356307200
11928,1509,4.0,1326153600
11929,1509,5.0,1354665600
11930,1509,5.0,1285545600
11931,1509,1.0,1363046400
11932,1511,5.0,1357171200
11933,1510,5.0,1310688000
11934,1516,5.0,1307232000
11935,1516,5.0,1304985600
11589,1516,5.0,1314489600
11936,1515,5.0,1365379200
11937,1517,4.0,1325289600
11938,1517,2.0,1374537600
11939,1518,5.0,1340150400
11940,1519,2.0,1305244800
11941,1520,5.0,1346803200
11942,1521,1.0,1398124800
11943,1521,4.0,1399852800
11944,1521,4.0,1396137600
11945,1521,4.0,1386201600
11946,1521,2.0,1396742400
11947,1521,5.0,1378425600
11948,1521,5.0,1394150400
11949,1521,4.0,1395360000
11950,1521,5.0,1399248000
11951,1521,2.0,1386201600
11952,1521,3.0,1400976000
11953,1521,2.0,1386460800
11954,1521,4.0,1379808000
11955,1521,3.0,1376092800
11956,1521,4.0,1381276800
11957,1522,5.0,1256860800
11958,1522,1.0,1332806400
11959,1522,5.0,1366934400
11960,1522,1.0,1363910400
11961,1522,5.0,1392076800
11962,1522,5.0,1284336000
11963,1522,2.0,1321920000
11964,1522,5.0,1351468800
11965,1522,4.0,1303689600
11966,1522,5.0,1354579200
11967,1522,3.0,1346889600
11968,1522,4.0,1325980800
11969,1522,5.0,1323648000
11970,1522,1.0,1368403200
11971,1522,1.0,1349308800
11972,1522,4.0,1317081600
11973,1522,4.0,1311724800
11974,1522,5.0,1321142400
11975,1522,5.0,1361923200
11976,1522,5.0,1241740800
11977,1522,5.0,1359504000
11978,1522,4.0,1357430400
11979,1523,3.0,1290556800
11980,1524,5.0,1340928000
11981,1525,5.0,1351641600
11982,1525,5.0,1383955200
11983,1526,1.0,1348790400
11984,1527,5.0,1299628800
11985,1528,3.0,1216684800
11986,1529,4.0,1273276800
11987,1530,5.0,1395964800
11988,1530,5.0,1382400000
11989,1530,5.0,1353456000
11990,1530,5.0,1384905600
11991,1530,5.0,1367625600
11992,1530,5.0,1379548800
11993,1530,5.0,1359244800
11994,1531,5.0,1314316800
11995,1531,5.0,1344470400
11996,1532,1.0,1272931200
11997,1533,4.0,1215820800
11998,1534,5.0,1341792000
11999,1534,5.0,1256947200
12000,1534,4.0,1339632000
12001,1534,5.0,1234224000
12002,1535,5.0,1277337600
12003,1535,5.0,1382400000
12004,1535,4.0,1402876800
12005,1535,2.0,1357084800
12006,1535,1.0,1270339200
12007,1535,5.0,1270771200
12008,1535,5.0,1268179200
12009,1535,5.0,1380672000
12010,1535,5.0,1356566400
12011,1535,3.0,1248307200
12012,1535,1.0,1213228800
12013,1535,5.0,1383004800
12014,1535,3.0,1369785600
12015,1535,5.0,1239062400
12016,1535,5.0,1390867200
12017,1535,5.0,1375833600
12018,1535,5.0,1400371200
12019,1535,5.0,1318377600
12020,1535,5.0,1362096000
12021,1535,5.0,1391126400
12022,1535,5.0,1278720000
12023,1535,5.0,1398211200
12024,1535,1.0,1246579200
12025,1535,1.0,1338854400
12026,1535,1.0,1332201600
12027,1535,3.0,1216425600
12028,1535,5.0,1371254400
12029,1535,5.0,1216425600
12030,1535,4.0,1250553600
12031,1535,4.0,1378166400
12032,1535,5.0,1401667200
12033,1535,5.0,1376092800
12034,1535,5.0,1301184000
12035,1535,5.0,1363651200
12036,1535,5.0,1383436800
12037,1535,4.0,1217894400
12038,1535,5.0,1397865600
12039,1535,5.0,1369699200
12040,1535,5.0,1284940800
12041,1535,1.0,1382918400
12042,1535,3.0,1213574400
12043,1535,3.0,1286755200
12044,1535,4.0,1258502400
12045,1535,5.0,1260230400
12046,1535,5.0,1376956800
12047,1535,2.0,1308182400
12048,1535,5.0,1364342400
12049,1535,4.0,1214784000
12050,1535,5.0,1317600000
12051,1535,5.0,1398470400
12052,1535,5.0,1380672000
12053,1535,2.0,1284163200
12054,1535,5.0,1246320000
12055,1535,5.0,1384473600
12056,1535,5.0,1235779200
12057,1535,5.0,1376352000
12058,1535,5.0,1280966400
12059,1535,5.0,1398038400
12060,1535,5.0,1362873600
12061,1535,5.0,1389052800
12062,1535,5.0,1322438400
12063,1535,5.0,1377302400
12064,1535,5.0,1373673600
12065,1535,4.0,1364256000
12066,1535,5.0,1388361600
12067,1535,2.0,1386806400
12068,1535,5.0,1321228800
12069,1535,5.0,1378771200
12070,1535,5.0,1258934400
12071,1535,4.0,1347408000
12072,1535,5.0,1364774400
12073,1535,5.0,1362096000
12074,1535,5.0,1234396800
12075,1535,5.0,1400198400
12076,1535,5.0,1288828800
12077,1535,5.0,1304640000
12078,1535,1.0,1377129600
12079,1535,5.0,1258416000
12080,1535,5.0,1367798400
12081,1535,1.0,1396310400
12082,1535,5.0,1367625600
12083,1535,5.0,1404950400
12084,1535,2.0,1268956800
12085,1535,4.0,1373932800
12086,1535,5.0,1375401600
12087,1535,5.0,1290988800
12088,1535,5.0,1231113600
12089,1535,1.0,1282608000
12090,1535,5.0,1382659200
12091,1535,5.0,1279065600
12092,1535,5.0,1289174400
12093,1535,5.0,1370908800
12094,1535,5.0,1386374400
12095,1535,2.0,1396396800
12096,1535,5.0,1288051200
12097,1535,5.0,1377129600
12098,1535,1.0,1403654400
12099,1535,4.0,1392768000
12100,1535,5.0,1279843200
12101,1535,5.0,1257206400
12102,1535,5.0,1370822400
12103,1535,4.0,1328659200
12104,1535,5.0,1373932800
12105,1535,5.0,1397001600
12106,1535,5.0,1383177600
12107,1535,3.0,1387411200
12108,1535,4.0,1398124800
12109,1535,4.0,1356652800
12110,1535,5.0,1269129600
12111,1535,5.0,1345420800
12112,1535,5.0,1227398400
12113,1535,5.0,1245024000
12114,1535,3.0,1265414400
12115,1535,3.0,1288051200
12116,1535,5.0,1371600000
12117,1535,5.0,1234137600
12118,1535,5.0,1363305600
12119,1535,5.0,1379376000
12120,1535,5.0,1266105600
12121,1535,5.0,1282521600
12122,1535,5.0,1295913600
12123,1535,2.0,1367712000
12124,1535,5.0,1392940800
12125,1535,5.0,1273881600
12126,1535,1.0,1365033600
12127,1535,5.0,1393113600
12128,1535,5.0,1401494400
12129,1535,3.0,1270598400
12130,1535,5.0,1374451200
12131,1535,5.0,1404691200
12132,1535,5.0,1363996800
12133,1535,5.0,1370390400
12134,1535,2.0,1341360000
12135,1535,2.0,1294617600
12136,1535,5.0,1323302400
12137,1535,4.0,1359849600
12138,1535,4.0,1370908800
12139,1535,5.0,1348617600
12140,1535,5.0,1350172800
12141,1535,5.0,1404345600
12142,1535,5.0,1355961600
12143,1535,1.0,1307318400
12144,1535,5.0,1295222400
12145,1535,1.0,1307059200
12146,1535,5.0,1356307200
12147,1535,5.0,1363219200
12148,1535,5.0,1287273600
12149,1535,5.0,1382227200
12150,1535,5.0,1392336000
12151,1535,4.0,1392854400
12152,1535,5.0,1260748800
12153,1535,4.0,1265500800
12154,1535,5.0,1278892800
12155,1535,5.0,1404864000
12156,1535,5.0,1363564800
12157,1535,5.0,1355270400
12158,1535,4.0,1374019200
12159,1535,5.0,1250467200
12160,1535,5.0,1264204800
12161,1535,5.0,1384819200
12162,1535,5.0,1362009600
12163,1535,5.0,1278115200
12164,1535,5.0,1375574400
12165,1535,4.0,1386115200
12166,1535,5.0,1288828800
12167,1535,5.0,1291852800
12168,1535,5.0,1373328000
12169,1535,5.0,1276128000
12170,1535,5.0,1386547200
12171,1535,5.0,1337299200
12172,1535,4.0,1265587200
12173,1535,5.0,1267142400
12174,1535,1.0,1261612800
12175,1535,5.0,1380758400
12176,1535,4.0,1402963200
12177,1535,3.0,1370476800
12178,1535,5.0,1389052800
12179,1535,5.0,1248825600
12180,1535,5.0,1292198400
12181,1535,5.0,1290988800
12182,1535,5.0,1360108800
12183,1535,5.0,1404691200
12184,1535,1.0,1376784000
12185,1535,5.0,1354838400
12186,1535,5.0,1381968000
12187,1535,2.0,1402531200
12188,1535,5.0,1403654400
12189,1535,5.0,1274745600
12190,1535,5.0,1215993600
12191,1535,5.0,1285113600
12192,1535,5.0,1330560000
12193,1535,5.0,1309910400
12194,1535,5.0,1376352000
12195,1535,5.0,1245974400
12196,1535,5.0,1349654400
12197,1535,5.0,1396396800
12198,1535,5.0,1275350400
12199,1535,5.0,1348099200
12200,1535,5.0,1322265600
12201,1535,3.0,1380240000
12202,1535,1.0,1355788800
12203,1535,1.0,1393545600
12204,1535,5.0,1397088000
12205,1535,4.0,1315440000
12206,1535,5.0,1377043200
12207,1535,5.0,1279238400
12208,1535,5.0,1404864000
12209,1535,5.0,1394236800
12210,1535,5.0,1396051200
12211,1535,3.0,1365033600
12212,1535,2.0,1362700800
12213,1535,5.0,1339027200
12214,1535,5.0,1401667200
12215,1535,5.0,1362614400
12216,1535,5.0,1383091200
12217,1535,5.0,1372032000
12218,1535,5.0,1255305600
12219,1535,5.0,1258848000
12220,1535,5.0,1387324800
12221,1535,5.0,1281398400
12222,1535,5.0,1382659200
12223,1535,5.0,1379808000
12224,1535,5.0,1366070400
12225,1535,5.0,1280966400
12226,1535,5.0,1386547200
12227,1535,5.0,1398902400
12228,1535,5.0,1395446400
12229,1535,5.0,1358208000
12230,1535,1.0,1340064000
12231,1535,1.0,1385424000
12232,1535,5.0,1398297600
12233,1535,5.0,1360195200
12234,1535,2.0,1375660800
12235,1535,5.0,1270944000
12236,1535,4.0,1259971200
12237,1535,5.0,1322179200
12238,1535,5.0,1381104000
12239,1535,5.0,1314489600
12240,1535,4.0,1294012800
12241,1535,5.0,1294876800
12242,1535,5.0,1226620800
12243,1535,5.0,1386979200
12244,1535,5.0,1272499200
12245,1535,1.0,1318550400
12246,1535,5.0,1398038400
12247,1535,5.0,1294704000
12248,1535,5.0,1391299200
12249,1535,5.0,1362182400
7857,1535,5.0,1289952000
12250,1535,5.0,1306195200
12251,1535,5.0,1373846400
12252,1535,5.0,1292976000
12253,1535,5.0,1377648000
12254,1535,5.0,1388102400
12255,1535,5.0,1369612800
12256,1535,5.0,1222732800
12257,1535,1.0,1291075200
12258,1535,1.0,1337385600
12259,1535,4.0,1396051200
12260,1535,5.0,1366675200
12261,1535,4.0,1315353600
12262,1535,5.0,1347062400
12263,1535,5.0,1365552000
12264,1535,4.0,1363478400
12265,1535,5.0,1404864000
12266,1535,1.0,1385251200
12267,1535,1.0,1394150400
12268,1535,5.0,1370563200
12269,1535,5.0,1387584000
12270,1535,4.0,1262649600
12271,1535,5.0,1391990400
12272,1535,5.0,1352246400
12273,1535,5.0,1382918400
12274,1535,3.0,1353715200
12275,1535,5.0,1361145600
12276,1535,5.0,1375833600
12277,1535,4.0,1315699200
12278,1535,1.0,1405036800
12279,1535,1.0,1358380800
12280,1535,3.0,1383868800
12281,1535,4.0,1248652800
12282,1535,5.0,1294704000
12283,1535,1.0,1238284800
12284,1535,5.0,1379116800
12285,1535,1.0,1369785600
12286,1535,3.0,1287619200
12287,1535,5.0,1208995200
12288,1535,1.0,1396051200
12289,1535,5.0,1223683200
12290,1536,4.0,1251849600
12291,1536,4.0,1252454400
12292,1536,5.0,1313452800
12293,1536,4.0,1242086400
12294,1537,5.0,1234310400
12295,1537,5.0,1255305600
12296,1538,5.0,1243123200
12297,1538,5.0,1288137600
12298,1538,5.0,1345939200
12299,1538,5.0,1363824000
12300,1539,4.0,1277337600
12301,1540,5.0,1283040000
12302,1540,4.0,1243641600
12303,1540,5.0,1271289600
12296,1540,5.0,1243123200
12304,1540,4.0,1278892800
12305,1540,5.0,1283472000
12306,1541,1.0,1294099200
12307,1542,2.0,1332115200
12308,1542,1.0,1231286400
12309,1542,5.0,1213488000
12310,1542,4.0,1313280000
12311,1542,5.0,1283558400
12312,1542,5.0,1252627200
12313,1542,5.0,1280275200
12314,1542,5.0,1269129600
12315,1543,1.0,1289779200
12316,1543,5.0,1271203200
12317,1543,5.0,1281484800
12318,1543,4.0,1284768000
12319,1544,3.0,1401926400
12320,1546,4.0,1230422400
12321,1546,5.0,1324080000
12322,1546,5.0,1223337600
12323,1546,5.0,1245196800
12324,1545,4.0,1311724800
12325,1545,5.0,1285027200
12326,1547,5.0,1278720000
12327,1548,5.0,1223078400
12328,1548,5.0,1235001600
12329,1548,5.0,1257033600
12330,1548,2.0,1217808000
12331,1548,5.0,1283472000
12332,1548,5.0,1277164800
12333,1548,4.0,1268179200
12334,1548,5.0,1281139200
12335,1548,5.0,1265241600
12336,1549,5.0,1393200000
12337,1549,2.0,1340236800
12338,1549,5.0,1334275200
12339,1549,4.0,1355184000
12340,1549,4.0,1387843200
12341,1549,1.0,1370390400
12342,1549,5.0,1357516800
12343,1549,4.0,1385510400
12344,1549,5.0,1220572800
12345,1549,1.0,1357430400
12346,1549,5.0,1325721600
12347,1549,5.0,1264032000
12348,1549,1.0,1356739200
12349,1549,5.0,1259712000
12350,1549,5.0,1384560000
12351,1549,2.0,1391904000
12352,1549,5.0,1389916800
12353,1549,5.0,1395187200
12354,1549,5.0,1300924800
12355,1549,5.0,1312070400
12356,1549,3.0,1350259200
12357,1549,4.0,1379721600
12358,1549,1.0,1360108800
12359,1549,2.0,1376352000
12360,1549,4.0,1301356800
12361,1549,5.0,1383523200
12362,1549,5.0,1361664000
12363,1549,5.0,1324944000
12364,1549,2.0,1347926400
12365,1550,5.0,1243555200
12366,1551,3.0,1255392000
12367,1551,5.0,1228003200
12368,1551,3.0,1270339200
10359,1551,2.0,1268784000
12369,1551,5.0,1258070400
12370,1552,5.0,1325721600
12371,1552,1.0,1174262400
12372,1552,5.0,1346025600
12373,1552,2.0,1315526400
12374,1552,3.0,1276560000
12375,1552,5.0,1367712000
12376,1552,5.0,1278547200
12377,1552,5.0,1282867200
12378,1552,5.0,1311206400
12379,1552,3.0,1400716800
12380,1552,4.0,1288396800
12381,1552,5.0,1314835200
12382,1552,5.0,1244246400
12383,1552,4.0,1319155200
12384,1552,5.0,1333929600
12385,1552,5.0,1259712000
12386,1552,5.0,1323648000
12387,1552,5.0,1268524800
12388,1552,1.0,1316649600
12389,1552,5.0,1222905600
12390,1552,5.0,1359936000
12391,1552,5.0,1374969600
12392,1552,4.0,1305590400
12393,1553,5.0,1331596800
12394,1553,4.0,1362182400
12395,1553,5.0,1359504000
12396,1553,5.0,1359676800
12397,1553,5.0,1276473600
12398,1553,5.0,1399248000
12399,1553,5.0,1355961600
12400,1553,5.0,1355702400
12401,1553,4.0,1295308800
12402,1553,5.0,1345852800
12403,1553,5.0,1378080000
12404,1553,5.0,1294099200
12405,1553,5.0,1389052800
12406,1553,5.0,1394496000
12407,1553,3.0,1288051200
12408,1553,5.0,1376611200
12409,1553,5.0,1292544000
12410,1554,5.0,1329955200
12411,1554,4.0,1373932800
12412,1554,5.0,1310083200
12413,1554,1.0,1372204800
12414,1554,1.0,1355875200
12415,1554,1.0,1372204800
12416,1554,1.0,1282176000
12417,1554,2.0,1392940800
12418,1554,3.0,1281916800
12419,1555,4.0,1386460800
12420,1555,2.0,1280275200
12421,1555,1.0,1287446400
12422,1555,3.0,1235952000
12423,1555,1.0,1320451200
12424,1556,5.0,1178928000
12425,1556,4.0,1258675200
12426,1556,5.0,1184716800
12427,1556,5.0,1236902400
12428,1556,5.0,1256515200
12429,1556,4.0,1269216000
12430,1556,3.0,1286582400
12431,1556,5.0,1184976000
12432,1557,5.0,1361059200
12433,1557,5.0,1369699200
6031,1557,3.0,1358467200
12434,1557,5.0,1335398400
12435,1558,5.0,1382313600
12436,1559,5.0,1279497600
12437,1560,1.0,1271635200
12438,1562,1.0,1294272000
12439,1562,1.0,1389744000
12440,1561,5.0,1371081600
12441,1563,5.0,1291593600
12442,1563,5.0,1240704000
12443,1564,5.0,1261958400
12444,1564,5.0,1209945600
12445,1564,5.0,1207699200
12446,1565,5.0,1319500800
12447,1565,5.0,1360108800
12448,1565,5.0,1273104000
12449,1565,5.0,1315440000
12450,1565,5.0,1353801600
10177,1566,4.0,1224892800
12451,1567,5.0,1287446400
12452,1568,5.0,1342915200
12453,1568,5.0,1379635200
12454,1568,5.0,1395100800
12455,1569,5.0,1386547200
12456,1570,5.0,1247270400
12457,1570,5.0,1231372800
12458,1570,5.0,1239062400
12459,1570,5.0,1213056000
12460,1570,5.0,1231718400
12461,1570,5.0,1232582400
12462,1571,1.0,1328486400
12463,1571,5.0,1358553600
12464,1571,3.0,1280620800
12465,1572,1.0,1368748800
12466,1572,5.0,1391385600
12467,1573,2.0,1322697600
12468,1574,5.0,1380758400
12469,1575,5.0,1247097600
12470,1575,5.0,1198627200
12471,1576,5.0,1339977600
7910,1577,5.0,1356393600
12472,1578,5.0,1224547200
12473,1578,5.0,1389052800
12474,1578,5.0,1333324800
12475,1579,1.0,1276992000
12476,1579,1.0,1335312000
12477,1579,4.0,1391040000
12478,1579,1.0,1269907200
12479,1579,1.0,1384300800
12480,1580,5.0,1371513600
12481,1580,1.0,1323820800
12482,1580,5.0,1297987200
12483,1580,5.0,1365033600
12484,1580,5.0,1306800000
12485,1580,5.0,1293580800
2342,1580,5.0,1296259200
10950,1580,1.0,1308355200
12486,1580,5.0,1316476800
12487,1581,5.0,1300147200
12488,1581,5.0,1308441600
12489,1581,5.0,1305590400
12490,1581,5.0,1307059200
12491,1581,4.0,1382400000
12492,1581,5.0,1359936000
12493,1583,2.0,1333929600
6521,1583,5.0,1307664000
6522,1583,5.0,1356220800
12494,1583,5.0,1299715200
12495,1582,4.0,1347580800
12496,1584,5.0,1378339200
12497,1585,1.0,1330992000
12498,1585,5.0,1336435200
12499,1585,5.0,1214438400
12500,1585,1.0,1362700800
12501,1585,3.0,1330905600
12502,1586,4.0,1239148800
12503,1587,5.0,1215907200
12504,1588,2.0,1316908800
12505,1589,5.0,1215648000
12506,1589,5.0,1194739200
12507,1590,5.0,1362268800
12508,1591,4.0,1240012800
12509,1592,4.0,1344211200
12510,1592,3.0,1356912000
12511,1593,5.0,1360627200
12512,1593,5.0,1285545600
12513,1594,5.0,1324166400
12514,1595,5.0,1364688000
12515,1595,5.0,1280880000
12516,1595,5.0,1385510400
12517,1595,5.0,1315008000
12518,1597,4.0,1368057600
12519,1597,5.0,1356912000
12520,1596,5.0,1275696000
12521,1598,5.0,1241568000
12521,1599,5.0,1241568000
12522,1600,5.0,1282435200
12523,1601,5.0,1364428800
12524,1602,2.0,1283385600
12525,1603,3.0,1231459200
12526,1603,4.0,1229990400
12527,1603,5.0,1231459200
12528,1603,2.0,1284595200
12529,1603,3.0,1222992000
12530,1604,3.0,1327968000
12531,1604,5.0,1279324800
12532,1604,5.0,1316304000
12533,1604,3.0,1263686400
12534,1604,5.0,1292198400
12535,1604,5.0,1321660800
12536,1604,1.0,1338940800
12537,1604,5.0,1228176000
899,1604,5.0,1259280000
12538,1604,5.0,1336867200
12539,1604,4.0,1360713600
12540,1605,5.0,1329955200
12541,1605,5.0,1315958400
12542,1606,5.0,1323648000
12543,1607,5.0,1259280000
12544,1607,5.0,1214956800
12545,1608,4.0,1330387200
12546,1609,4.0,1353628800
12547,1610,4.0,1369612800
12548,1610,5.0,1280880000
12549,1610,5.0,1332288000
12550,1611,5.0,1356134400
12551,1612,1.0,1294444800
12552,1612,5.0,1268697600
12553,1613,5.0,1384819200
12554,1614,5.0,1250208000
12555,1615,5.0,1360540800
12556,1616,5.0,1251244800
4890,1617,5.0,1355184000
12557,1617,5.0,1354406400
12558,1617,5.0,1252886400
12559,1617,5.0,1233619200
12560,1617,4.0,1376784000
12561,1617,5.0,1364515200
12562,1617,1.0,1391817600
12563,1617,5.0,1360108800
12564,1617,3.0,1365984000
12565,1617,4.0,1366588800
12566,1617,5.0,1365033600
12567,1617,5.0,1365638400
12568,1617,4.0,1389052800
12569,1617,5.0,1372896000
12570,1617,1.0,1352764800
12571,1617,2.0,1386028800
7939,1617,3.0,1370390400
12572,1617,5.0,1353369600
12573,1617,5.0,1237507200
12574,1617,5.0,1376092800
12575,1617,4.0,1279152000
12576,1617,5.0,1398038400
12577,1617,3.0,1383350400
12578,1617,5.0,1327017600
12579,1617,5.0,1229731200
12580,1617,5.0,1358467200
12581,1617,5.0,1350777600
12582,1618,3.0,1283126400
7857,1618,5.0,1299801600
12583,1619,5.0,1215648000
12584,1621,5.0,1405987200
12585,1621,5.0,1393718400
12586,1621,5.0,1404777600
12587,1621,4.0,1400371200
12588,1621,5.0,1394409600
12589,1621,5.0,1390867200
12590,1621,5.0,1397001600
12591,1620,5.0,1377216000
12592,1622,4.0,1277596800
10950,1622,4.0,1236384000
12593,1622,5.0,1355788800
12594,1622,5.0,1363478400
12595,1623,1.0,1375142400
12596,1624,1.0,1396483200
12597,1624,1.0,1344902400
12598,1624,1.0,1325548800
12599,1624,5.0,1319068800
12600,1624,3.0,1304035200
8369,1624,4.0,1265846400
12601,1625,5.0,1387756800
12602,1625,4.0,1394928000
12603,1626,4.0,1262908800
12604,1627,5.0,1318118400
12605,1627,5.0,1360540800
6031,1628,5.0,1378771200
12606,1629,5.0,1238112000
12607,1629,5.0,1346976000
12608,1630,5.0,1266451200
12609,1631,3.0,1287014400
12610,1631,5.0,1231200000
12611,1632,4.0,1327536000
12612,1632,5.0,1399248000
12613,1632,5.0,1327536000
12614,1632,4.0,1350777600
12615,1632,5.0,1324339200
12616,1632,2.0,1367193600
12617,1632,5.0,1384300800
12618,1632,5.0,1385251200
12619,1633,1.0,1269734400
12620,1633,5.0,1257033600
12621,1634,5.0,1383177600
12622,1634,3.0,1391904000
12623,1634,3.0,1288396800
12624,1635,1.0,1311292800
12625,1635,5.0,1359590400
12626,1635,4.0,1312761600
12627,1635,5.0,1283990400
12628,1636,1.0,1405209600
12629,1637,1.0,1257120000
12630,1638,1.0,1235865600
12631,1639,5.0,1324512000
12632,1640,5.0,1333324800
12633,1640,5.0,1396656000
12634,1640,5.0,1367193600
12635,1640,5.0,1344902400
12636,1640,5.0,1380672000
12637,1640,5.0,1351987200
12638,1640,5.0,1383091200
12639,1640,5.0,1286409600
12640,1641,5.0,1375142400
12641,1641,5.0,1375488000
12642,1642,1.0,1403481600
12643,1642,5.0,1383436800
12644,1642,5.0,1392249600
12645,1643,5.0,1215734400
12646,1643,3.0,1223596800
12647,1643,4.0,1232150400
12648,1643,5.0,1217808000
12649,1643,5.0,1235520000
12650,1643,4.0,1233187200
12651,1643,3.0,1217462400
12652,1643,5.0,1231286400
12653,1644,5.0,1297296000
12654,1644,5.0,1287014400
12655,1644,5.0,1291939200
12656,1644,5.0,1281312000
12657,1645,5.0,1281744000
12658,1645,5.0,1253664000
12659,1646,4.0,1376006400
12660,1647,5.0,1250899200
12661,1648,5.0,1382745600
12662,1648,5.0,1362096000
12663,1648,5.0,1400803200
12664,1648,1.0,1351555200
12665,1648,4.0,1398556800
12666,1648,4.0,1379808000
10792,1649,5.0,1356652800
12667,1649,5.0,1369180800
12668,1649,5.0,1395187200
12669,1649,4.0,1350950400
12670,1650,5.0,1391904000
12671,1651,5.0,1360454400
12672,1651,5.0,1348012800
12673,1652,3.0,1284422400
12674,1652,5.0,1355270400
12675,1653,5.0,1226793600
12676,1654,1.0,1391731200
12677,1656,5.0,1244419200
2045,1656,2.0,1288483200
12678,1655,4.0,1387238400
12679,1655,5.0,1380758400
12680,1655,5.0,1386633600
12681,1655,5.0,1330905600
12682,1655,5.0,1404259200
12683,1655,3.0,1367366400
12684,1655,5.0,1382918400
12685,1655,5.0,1330992000
12686,1655,3.0,1393200000
12687,1655,5.0,1326931200
12688,1655,5.0,1336867200
12689,1655,5.0,1366761600
12690,1655,5.0,1334620800
12691,1655,2.0,1334620800
12692,1655,5.0,1333065600
12693,1657,1.0,1251072000
12694,1657,5.0,1277337600
12695,1658,5.0,1208390400
12696,1658,5.0,1250208000
12697,1659,5.0,1358035200
12698,1659,5.0,1361664000
12699,1659,5.0,1365811200
7932,1659,5.0,1301788800
12700,1659,5.0,1389571200
12701,1659,5.0,1380758400
12702,1659,5.0,1305417600
12703,1659,2.0,1380844800
12704,1659,4.0,1263772800
12705,1659,4.0,1371427200
12706,1659,1.0,1387152000
12707,1659,4.0,1374364800
12708,1659,3.0,1318550400
12709,1659,5.0,1397088000
12710,1659,3.0,1307232000
12711,1659,5.0,1361577600
12712,1659,4.0,1239235200
12713,1659,3.0,1383264000
12714,1659,5.0,1360540800
12715,1659,5.0,1379462400
12716,1659,5.0,1210982400
12717,1659,5.0,1395705600
12718,1659,5.0,1377475200
12719,1659,5.0,1257206400
12720,1659,5.0,1381449600
12721,1659,5.0,1252022400
12722,1659,5.0,1365638400
12723,1659,4.0,1385769600
12724,1659,2.0,1358294400
12725,1659,5.0,1386115200
12726,1659,5.0,1221436800
12727,1659,3.0,1266537600
12728,1659,5.0,1357689600
12729,1659,5.0,1385683200
12730,1659,5.0,1207785600
12731,1659,3.0,1268784000
12732,1659,4.0,1377302400
12733,1659,4.0,1397952000
12734,1659,5.0,1367193600
12735,1659,5.0,1354233600
12736,1659,5.0,1357776000
12737,1659,5.0,1333497600
12738,1659,5.0,1382486400
12739,1659,5.0,1337472000
12740,1659,5.0,1387411200
12741,1659,5.0,1251504000
12742,1659,3.0,1332633600
12743,1659,4.0,1365811200
12744,1659,5.0,1332288000
12745,1659,1.0,1379548800
12746,1659,5.0,1318032000
12747,1659,5.0,1381536000
12748,1659,5.0,1199664000
12749,1659,5.0,1254096000
12750,1659,5.0,1363219200
12751,1659,5.0,1253404800
12752,1659,5.0,1376784000
12753,1659,5.0,1377993600
12754,1659,5.0,1385510400
12755,1659,5.0,1393200000
12756,1659,5.0,1369526400
12757,1659,5.0,1399420800
12758,1659,5.0,1361923200
12759,1659,5.0,1384992000
12760,1659,4.0,1361404800
12761,1659,5.0,1224028800
12762,1659,5.0,1404432000
12763,1659,5.0,1265068800
12764,1659,5.0,1386720000
12765,1659,5.0,1240272000
12766,1659,5.0,1292544000
12767,1659,5.0,1267056000
12768,1659,5.0,1374192000
12769,1659,3.0,1299456000
12770,1659,5.0,1329091200
12771,1661,3.0,1270425600
12772,1661,4.0,1369180800
12773,1661,4.0,1378857600
12774,1661,5.0,1344556800
12775,1661,1.0,1340755200
12776,1661,5.0,1209081600
12777,1661,5.0,1384992000
12778,1661,5.0,1385337600
12779,1661,5.0,1382227200
12780,1661,1.0,1371772800
7992,1661,5.0,1356134400
12781,1661,5.0,1352851200
12782,1661,2.0,1299715200
12783,1661,5.0,1381449600
12784,1661,4.0,1390003200
12785,1661,5.0,1276128000
12786,1661,5.0,1324425600
12787,1661,5.0,1271894400
12788,1661,5.0,1293667200
12789,1661,5.0,1239408000
12790,1661,5.0,1289347200
12705,1661,3.0,1366243200
12791,1661,4.0,1271894400
12792,1661,4.0,1354492800
12793,1661,1.0,1282867200
1363,1661,4.0,1391817600
12794,1661,4.0,1381104000
12795,1661,4.0,1355011200
12796,1661,5.0,1312156800
12797,1661,2.0,1290988800
12798,1661,4.0,1376265600
12799,1661,5.0,1362960000
12800,1661,5.0,1382140800
12801,1661,4.0,1401408000
12802,1661,5.0,1389657600
12803,1661,5.0,1237939200
12804,1661,5.0,1254096000
12805,1661,1.0,1255737600
12806,1661,5.0,1232064000
12807,1661,5.0,1359676800
12711,1661,1.0,1361232000
12808,1661,5.0,1368835200
12809,1661,4.0,1385510400
12810,1661,5.0,1305849600
12811,1661,5.0,1394668800
12812,1661,5.0,1341014400
12813,1661,5.0,1294963200
12814,1661,3.0,1269216000
12815,1661,2.0,1391904000
12816,1661,2.0,1355529600
12817,1661,5.0,1388188800
12818,1661,5.0,1398297600
12819,1661,5.0,1375660800
12716,1661,5.0,1210982400
12820,1661,5.0,1328918400
12821,1661,5.0,1379030400
12822,1661,5.0,1313625600
12823,1661,5.0,1375056000
12824,1661,5.0,1287187200
12825,1661,5.0,1391817600
12826,1661,5.0,1387843200
12827,1661,5.0,1376179200
12828,1661,1.0,1292976000
12829,1661,2.0,1265328000
12830,1661,5.0,1391385600
12831,1661,4.0,1368835200
12832,1661,5.0,1391472000
12833,1661,5.0,1384214400
12834,1661,5.0,1390780800
12835,1661,5.0,1377475200
12836,1661,4.0,1190160000
12837,1661,2.0,1395100800
12838,1661,5.0,1390780800
12839,1661,5.0,1385856000
12840,1661,5.0,1355097600
12841,1661,5.0,1374105600
12842,1661,3.0,1387152000
12843,1661,5.0,1143331200
12844,1661,1.0,1166918400
12845,1661,2.0,1268611200
12846,1661,5.0,1373932800
12847,1661,5.0,1404604800
12848,1661,5.0,1375488000
12849,1661,3.0,1383523200
12850,1661,1.0,1390089600
12851,1661,5.0,1227312000
12852,1661,1.0,1315094400
12853,1661,5.0,1392508800
12854,1661,5.0,1368489600
12855,1661,5.0,1389312000
12856,1661,5.0,1386979200
12857,1661,5.0,1237420800
12731,1661,5.0,1267747200
12858,1661,5.0,1358035200
12859,1661,4.0,1352678400
12860,1661,5.0,1379894400
12861,1661,3.0,1374364800
12862,1661,5.0,1303603200
12863,1661,5.0,1261958400
12864,1661,1.0,1361318400
12865,1661,5.0,1268438400
12866,1661,3.0,1209600000
12867,1661,5.0,1313452800
12868,1661,5.0,1242950400
12869,1661,5.0,1367539200
12870,1661,5.0,1383264000
12871,1661,5.0,1395014400
12872,1661,5.0,1362873600
12873,1661,5.0,1395532800
12874,1661,5.0,1400889600
12875,1661,5.0,1385510400
12876,1661,5.0,1296691200
12877,1661,1.0,1293580800
12878,1661,2.0,1365811200
12879,1661,4.0,1382140800
12880,1661,5.0,1221436800
12881,1661,5.0,1370476800
12882,1661,4.0,1389571200
12883,1661,5.0,1152057600
2045,1661,4.0,1261958400
12884,1661,1.0,1353888000
12885,1661,5.0,1302480000
12738,1661,5.0,1358985600
12886,1661,5.0,1378598400
12887,1661,5.0,1399248000
12888,1661,3.0,1350345600
12889,1661,5.0,1375833600
12890,1661,1.0,1393545600
12891,1661,5.0,1398297600
12892,1661,5.0,1210291200
12893,1661,5.0,1400457600
12894,1661,5.0,1389484800
12895,1661,3.0,1381017600
12896,1661,5.0,1196467200
12897,1661,5.0,1396656000
28,1661,5.0,1313625600
12898,1661,3.0,1397865600
12899,1661,4.0,1365552000
12900,1661,5.0,1397088000
12901,1661,5.0,1401062400
12902,1661,5.0,1368144000
12903,1661,1.0,1316390400
12904,1661,5.0,1395532800
12905,1661,5.0,1385078400
12906,1661,5.0,1397088000
12907,1661,1.0,1286755200
12908,1661,5.0,1325116800
12909,1661,5.0,1373500800
12910,1661,5.0,1360627200
12911,1661,5.0,1352764800
12912,1661,5.0,1347667200
12913,1661,1.0,1404345600
12914,1661,5.0,1383350400
12915,1661,5.0,1377216000
12916,1661,5.0,1355616000
12917,1661,5.0,1359158400
12918,1661,5.0,1316390400
12919,1661,5.0,1365292800
12920,1661,5.0,1386460800
12921,1661,5.0,1389312000
12922,1661,3.0,1388361600
12923,1661,4.0,1226275200
12758,1661,5.0,1361923200
12924,1661,5.0,1382832000
12925,1661,5.0,1325116800
12926,1661,1.0,1307232000
12927,1661,5.0,1375488000
12928,1661,1.0,1371168000
12929,1661,5.0,1355270400
12930,1661,5.0,1391385600
12931,1661,5.0,1298592000
12932,1661,5.0,1390435200
12933,1661,5.0,1301356800
12934,1661,5.0,1273622400
12935,1661,2.0,1372032000
12936,1661,5.0,1194739200
12937,1661,1.0,1324166400
12938,1661,5.0,1372550400
12939,1661,5.0,1350345600
12940,1661,1.0,1370217600
12941,1661,5.0,1382140800
12942,1661,5.0,1278028800
12943,1661,5.0,1397001600
12944,1661,5.0,1377734400
12945,1661,5.0,1383609600
12946,1661,5.0,1220659200
12947,1661,5.0,1329264000
12948,1661,2.0,1237334400
12949,1661,1.0,1289692800
12950,1661,5.0,1377734400
12951,1661,5.0,1371859200
12952,1661,5.0,1380067200
12953,1661,5.0,1384387200
12954,1661,5.0,1361145600
12764,1661,5.0,1386720000
12955,1661,5.0,1312588800
12956,1661,5.0,1235260800
12957,1661,5.0,1378857600
12958,1661,4.0,1373155200
12959,1661,5.0,1383436800
12960,1661,1.0,1306886400
12768,1661,5.0,1374192000
12961,1661,5.0,1360540800
12962,1661,5.0,1387238400
12963,1661,5.0,1381881600
12964,1661,1.0,1400025600
12965,1661,3.0,1292976000
12966,1661,5.0,1266364800
12967,1661,5.0,1390003200
8162,1661,5.0,1209859200
7747,1660,5.0,1343692800
12968,1660,5.0,1390176000
12969,1660,5.0,1325980800
12970,1660,5.0,1404259200
12971,1660,1.0,1330041600
12972,1660,1.0,1356307200
8408,1660,5.0,1211328000
12973,1660,1.0,1266451200
7637,1662,4.0,1321574400
12974,1662,3.0,1334102400
6745,1663,4.0,1246752000
12975,1664,4.0,1376092800
12976,1664,1.0,1343520000
12977,1664,2.0,1260230400
12978,1664,4.0,1371859200
12979,1664,5.0,1226793600
12980,1664,5.0,1355788800
12981,1664,5.0,1358121600
12982,1664,5.0,1292544000
12983,1664,5.0,1374364800
12984,1664,4.0,1377129600
12985,1664,5.0,1362614400
1400,1665,5.0,1295827200
12986,1665,5.0,1293667200
12987,1665,5.0,1165449600
12988,1665,1.0,1286582400
12989,1665,5.0,1212537600
12990,1665,5.0,1195171200
1365,1665,5.0,1153526400
1427,1665,5.0,1191888000
12991,1665,5.0,1304208000
12992,1665,5.0,1302652800
12993,1665,5.0,1198713600
12994,1665,3.0,1329955200
12995,1665,4.0,1293494400
12996,1665,4.0,1178409600
12997,1665,5.0,1214784000
12998,1665,5.0,1206748800
12999,1665,5.0,1357084800
13000,1665,5.0,1332547200
11396,1665,5.0,1212364800
13001,1665,5.0,1207440000
13002,1665,2.0,1370908800
13003,1665,4.0,1237852800
13004,1666,4.0,1271894400
13005,1667,5.0,1330905600
13006,1667,5.0,1350432000
13007,1667,2.0,1256947200
13008,1667,5.0,1346803200
13009,1668,5.0,1244419200
13010,1669,5.0,1397952000
13011,1669,4.0,1358467200
13012,1669,5.0,1379894400
13013,1669,5.0,1357430400
13014,1669,1.0,1389052800
13015,1669,3.0,1389052800
13016,1669,5.0,1397088000
13017,1669,5.0,1335312000
13018,1670,5.0,1354838400
13019,1670,5.0,1400112000
13020,1670,5.0,1335744000
13021,1670,4.0,1393027200
13022,1670,5.0,1322611200
13023,1670,5.0,1380931200
12104,1670,5.0,1361750400
13024,1670,5.0,1400544000
13025,1670,5.0,1354320000
13026,1670,5.0,1370476800
13027,1670,5.0,1391385600
13028,1670,4.0,1343520000
13029,1670,5.0,1394323200
13030,1670,5.0,1394064000
13031,1670,5.0,1392768000
13032,1670,4.0,1395792000
13033,1670,5.0,1353369600
13034,1671,5.0,1306281600
13035,1671,5.0,1387324800
13036,1672,4.0,1353628800
13037,1673,5.0,1337817600
13038,1673,5.0,1360454400
13039,1673,5.0,1402790400
13040,1673,4.0,1289606400
13041,1674,4.0,1357516800
13042,1675,5.0,1284681600
13043,1676,5.0,1340755200
13044,1676,5.0,1282608000
13045,1676,5.0,1394582400
13046,1677,5.0,1320883200
13047,1678,5.0,1157068800
13048,1678,5.0,1165708800
13049,1678,5.0,1271376000
13050,1679,5.0,1376352000
13051,1679,5.0,1362528000
13052,1680,5.0,1232323200
13053,1681,5.0,1275350400
13054,1682,5.0,1313193600
13055,1682,4.0,1217980800
13056,1682,5.0,1386633600
13057,1682,5.0,1292371200
13058,1682,5.0,1402444800
13059,1683,5.0,1351814400
13060,1684,5.0,1254528000
13061,1685,5.0,1274486400
13062,1687,5.0,1356480000
13063,1686,5.0,1223683200
13064,1688,5.0,1323475200
13065,1690,5.0,1363392000
13066,1689,5.0,1242691200
13067,1691,4.0,1345680000
13068,1691,2.0,1266364800
13069,1691,5.0,1363910400
13070,1692,5.0,1349568000
13071,1692,4.0,1291680000
13072,1692,3.0,1339113600
10418,1692,1.0,1284249600
13073,1693,4.0,1337299200
13074,1694,2.0,1356652800
13075,1694,5.0,1306972800
13076,1694,5.0,1361750400
13077,1694,5.0,1400112000
13078,1694,5.0,1375660800
13079,1694,5.0,1379980800
13080,1694,4.0,1353024000
13081,1694,5.0,1368921600
13082,1694,5.0,1378771200
13083,1694,5.0,1394755200
13084,1694,2.0,1369440000
13085,1694,1.0,1382054400
13086,1694,5.0,1404864000
13087,1694,3.0,1322006400
13088,1694,5.0,1363046400
13089,1694,2.0,1305590400
13090,1694,1.0,1375747200
13091,1694,1.0,1386547200
13092,1694,5.0,1292889600
13093,1694,5.0,1328918400
13094,1694,1.0,1364428800
13095,1694,5.0,1394409600
13096,1694,5.0,1379376000
13097,1694,5.0,1359072000
5589,1694,1.0,1319846400
1110,1694,1.0,1303689600
13098,1694,4.0,1324252800
13099,1694,5.0,1209254400
13100,1694,1.0,1317340800
13101,1694,5.0,1162166400
13102,1694,5.0,1216857600
13103,1694,5.0,1360022400
13104,1694,1.0,1385856000
13105,1694,5.0,1352073600
13106,1694,1.0,1352073600
13107,1694,2.0,1364774400
1122,1694,4.0,1370995200
13108,1694,5.0,1360972800
13109,1694,5.0,1377561600
13110,1694,3.0,1347062400
13111,1694,2.0,1241308800
13112,1694,3.0,1353888000
13113,1694,5.0,1369094400
13114,1694,1.0,1354665600
67,1694,5.0,1169683200
13115,1694,5.0,1362614400
13116,1694,1.0,1391558400
13117,1694,4.0,1262822400
13118,1694,5.0,1375401600
13119,1694,4.0,1178928000
13120,1694,5.0,1363737600
13121,1694,5.0,1379980800
13122,1694,5.0,1368403200
13123,1694,5.0,1369526400
13124,1695,1.0,1327881600
13125,1695,1.0,1343347200
13126,1696,5.0,1234742400
13127,1697,3.0,1358208000
13128,1698,2.0,1269388800
9974,1699,3.0,1237939200
13129,1700,5.0,1263945600
13130,1700,1.0,1267056000
13131,1701,2.0,1387152000
13132,1702,4.0,1361491200
13133,1703,5.0,1388620800
13134,1703,4.0,1332374400
13135,1703,5.0,1381449600
13136,1703,5.0,1368230400
13137,1703,5.0,1358985600
13138,1703,5.0,1376438400
13139,1703,5.0,1362614400
13140,1704,3.0,1260576000
13141,1704,4.0,1377475200
13142,1704,3.0,1339891200
13143,1704,4.0,1294531200
13144,1705,4.0,1405209600
13145,1705,5.0,1405209600
13146,1706,5.0,1379894400
13147,1706,5.0,1386720000
13148,1706,3.0,1401235200
13149,1706,3.0,1396742400
13150,1706,1.0,1354406400
13151,1706,5.0,1352073600
13152,1707,5.0,1229040000
13153,1707,5.0,1285804800
13154,1707,5.0,1263427200
13155,1707,5.0,1325980800
13156,1707,5.0,1257033600
13157,1707,5.0,1300406400
13158,1708,5.0,1374796800
13159,1708,5.0,1385164800
13160,1708,5.0,1286841600
13161,1708,4.0,1379289600
13162,1708,4.0,1361750400
13163,1708,5.0,1303603200
13164,1708,5.0,1390089600
13165,1708,4.0,1293840000
13166,1708,5.0,1250035200
13167,1708,5.0,1369008000
13168,1708,5.0,1358640000
13169,1708,5.0,1378339200
13170,1708,5.0,1286582400
13171,1708,1.0,1362096000
13172,1708,5.0,1385424000
13173,1708,1.0,1322179200
13174,1708,5.0,1396396800
13175,1708,5.0,1384992000
13176,1708,4.0,1302566400
13177,1708,5.0,1255564800
13178,1709,4.0,1371772800
13179,1709,3.0,1362873600
13180,1709,5.0,1269388800
13181,1709,5.0,1396569600
13182,1711,5.0,1292630400
13183,1711,5.0,1365984000
13184,1711,5.0,1355011200
13185,1710,5.0,1396310400
13186,1710,1.0,1384473600
13187,1710,1.0,1395878400
13188,1710,5.0,1272412800
13189,1710,5.0,1393545600
13190,1710,5.0,1365379200
13191,1710,5.0,1381104000
13192,1710,2.0,1399680000
13193,1710,1.0,1365379200
13194,1710,5.0,1367712000
13195,1710,5.0,1354665600
13196,1710,5.0,1368230400
13197,1710,5.0,1364169600
13198,1710,5.0,1383696000
13199,1710,5.0,1397001600
13200,1710,5.0,1317945600
13201,1710,5.0,1391212800
13202,1710,4.0,1370131200
13203,1710,5.0,1357171200
13204,1710,4.0,1392422400
13205,1712,3.0,1331078400
13206,1712,4.0,1301529600
13207,1712,3.0,1317168000
13208,1712,4.0,1320019200
13209,1713,5.0,1244419200
13210,1713,5.0,1278979200
13211,1713,4.0,1289779200
13212,1713,4.0,1257724800
13213,1713,4.0,1270080000
13214,1713,1.0,1267401600
13215,1713,1.0,1282003200
13216,1713,3.0,1285977600
13217,1713,5.0,1276387200
13218,1713,5.0,1279584000
13219,1713,5.0,1378857600
13220,1713,2.0,1289606400
13221,1713,4.0,1228003200
13222,1713,5.0,1238284800
13223,1713,4.0,1276473600
13224,1713,4.0,1279065600
13225,1713,5.0,1282089600
13226,1714,5.0,1243468800
13227,1714,5.0,1243468800
13228,1714,3.0,1243382400
13229,1714,3.0,1306713600
13230,1714,2.0,1268265600
13231,1714,5.0,1341014400
13232,1714,1.0,1309305600
13233,1714,3.0,1376697600
13234,1715,3.0,1329264000
13235,1715,5.0,1374451200
13236,1715,5.0,1359676800
13237,1715,5.0,1390521600
13238,1715,5.0,1328227200
13239,1715,5.0,1356048000
13240,1715,5.0,1353196800
13241,1715,5.0,1378166400
13242,1715,5.0,1388102400
13243,1715,5.0,1367539200
13244,1715,5.0,1332288000
13245,1715,5.0,1370563200
13246,1715,5.0,1244332800
13247,1715,5.0,1363046400
13248,1715,2.0,1383955200
13249,1715,5.0,1388620800
13250,1715,5.0,1238803200
13251,1715,5.0,1366156800
13252,1715,5.0,1320710400
13253,1715,5.0,1357171200
13254,1715,5.0,1345852800
13255,1715,3.0,1241481600
10920,1715,5.0,1216598400
13256,1715,5.0,1385683200
13257,1715,5.0,1350000000
13258,1715,3.0,1364774400
13259,1715,4.0,1358899200
13260,1715,5.0,1360281600
10924,1715,5.0,1381449600
13261,1715,5.0,1210291200
13262,1715,5.0,1367712000
13263,1715,4.0,1364774400
13264,1715,3.0,1356480000
13265,1715,1.0,1398643200
13266,1715,5.0,1363564800
13267,1715,5.0,1257724800
13268,1715,5.0,1316736000
13269,1715,5.0,1324684800
6427,1715,5.0,1385078400
13270,1715,5.0,1361923200
13271,1715,4.0,1389139200
13272,1715,5.0,1364169600
13273,1715,5.0,1361491200
13274,1715,5.0,1397865600
13275,1715,5.0,1375315200
13276,1715,4.0,1350172800
13277,1715,5.0,1357344000
13278,1715,5.0,1320537600
13279,1715,5.0,1368489600
13280,1715,5.0,1329091200
13281,1715,5.0,1302739200
13282,1715,4.0,1340668800
13283,1715,5.0,1362009600
13284,1715,5.0,1322179200
13285,1715,4.0,1394323200
13286,1715,5.0,1397260800
13287,1715,3.0,1368057600
13288,1715,5.0,1364342400
13289,1715,4.0,1310083200
13290,1715,3.0,1370822400
13291,1715,5.0,1328054400
13292,1715,5.0,1400371200
13293,1715,5.0,1318377600
13294,1715,5.0,1383955200
13295,1715,5.0,1331164800
13296,1715,5.0,1339545600
13297,1715,5.0,1367280000
13298,1715,5.0,1358467200
13299,1715,5.0,1360108800
13300,1715,5.0,1362614400
13301,1715,5.0,1368489600
13302,1715,5.0,1370563200
13303,1715,5.0,1385078400
13304,1715,5.0,1362355200
13305,1715,5.0,1354320000
13306,1715,5.0,1362960000
13307,1715,5.0,1369785600
13308,1715,5.0,1391558400
13309,1715,5.0,1376524800
13310,1715,5.0,1346457600
13311,1715,5.0,1369526400
13312,1715,3.0,1386374400
13313,1715,1.0,1315094400
13314,1715,5.0,1396137600
13315,1715,5.0,1297123200
13316,1715,5.0,1390435200
13317,1715,1.0,1217289600
13318,1715,5.0,1354233600
13319,1715,4.0,1300579200
13320,1715,4.0,1367366400
13321,1715,4.0,1366156800
13322,1715,5.0,1365984000
13323,1715,5.0,1379030400
13324,1715,3.0,1377302400
13325,1715,5.0,1372723200
13326,1715,5.0,1387929600
13327,1715,5.0,1383264000
13328,1715,3.0,1365120000
13329,1715,5.0,1359504000
13330,1715,4.0,1364688000
13331,1715,5.0,1352678400
13332,1715,5.0,1367366400
13333,1715,5.0,1402704000
13334,1715,2.0,1373414400
13335,1715,5.0,1342137600
13336,1715,5.0,1396656000
13337,1715,2.0,1380499200
13338,1715,5.0,1381881600
13339,1715,4.0,1370131200
13340,1715,5.0,1268006400
13341,1715,5.0,1361664000
13342,1715,5.0,1363305600
13343,1715,5.0,1359849600
13344,1715,3.0,1304899200
13345,1715,5.0,1402963200
13346,1715,5.0,1388534400
13347,1715,5.0,1363132800
13348,1715,3.0,1368489600
13349,1715,5.0,1376697600
13350,1715,5.0,1363996800
13351,1715,5.0,1356220800
13352,1715,5.0,1360972800
13353,1715,5.0,1390780800
13354,1716,1.0,1403913600
13355,1717,5.0,1344470400
13356,1718,5.0,1338336000
13357,1719,5.0,1331337600
13358,1719,5.0,1383264000
13359,1719,5.0,1352592000
13360,1719,5.0,1320969600
13361,1719,5.0,1350518400
13362,1719,4.0,1386633600
13363,1719,5.0,1393977600
13364,1719,5.0,1381104000
13365,1719,5.0,1331251200
13366,1719,4.0,1361664000
13367,1719,5.0,1303171200
13368,1719,5.0,1370736000
13369,1719,5.0,1229731200
13370,1719,5.0,1404345600
13371,1719,5.0,1221264000
13372,1719,1.0,1221004800
13373,1719,5.0,1395532800
13374,1719,1.0,1333497600
13375,1719,5.0,1378425600
13376,1719,5.0,1349740800
13377,1719,4.0,1360972800
13378,1720,5.0,1258329600
13379,1721,5.0,1330646400
13380,1722,4.0,1288396800
13381,1723,5.0,1375747200
13382,1723,5.0,1274054400
13383,1723,5.0,1214784000
13384,1724,5.0,1333756800
13385,1725,5.0,1247443200
13386,1726,5.0,1345766400
13387,1727,1.0,1322352000
13388,1727,4.0,1311033600
13389,1727,4.0,1173312000
13390,1727,5.0,1256688000
13391,1728,5.0,1257984000
13392,1728,5.0,1284163200
13393,1728,5.0,1297555200
13394,1728,5.0,1368316800
13395,1728,3.0,1359072000
13396,1728,5.0,1281312000
13397,1728,5.0,1184457600
13398,1728,5.0,1403740800
13399,1728,5.0,1276819200
13400,1728,5.0,1265155200
13401,1728,5.0,1244592000
13402,1728,5.0,1327363200
13403,1728,5.0,1247356800
13404,1728,5.0,1253318400
13405,1728,5.0,1262822400
13406,1728,5.0,1259452800
13407,1728,5.0,1273449600
13408,1728,5.0,1251158400
13409,1728,4.0,1400803200
13410,1728,5.0,1265932800
13411,1729,2.0,1280361600
13412,1731,4.0,1386806400
13413,1731,5.0,1371859200
13414,1731,4.0,1376265600
13415,1731,3.0,1382918400
13416,1731,4.0,1366761600
13417,1731,2.0,1378166400
13418,1731,2.0,1367366400
13419,1731,2.0,1356739200
13420,1731,3.0,1404691200
13421,1731,1.0,1378166400
13422,1731,5.0,1386720000
13423,1731,4.0,1355702400
13424,1731,1.0,1339977600
10919,1731,2.0,1384300800
13425,1731,5.0,1329264000
4566,1731,5.0,1289260800
10878,1731,5.0,1379116800
13426,1731,5.0,1384214400
13427,1731,2.0,1391990400
10924,1731,5.0,1339027200
2652,1731,5.0,1349827200
13428,1731,4.0,1332892800
13429,1731,5.0,1392508800
10928,1731,5.0,1370908800
13430,1731,1.0,1393977600
13431,1731,5.0,1354579200
13432,1731,5.0,1369180800
13433,1731,5.0,1379635200
13434,1731,1.0,1372809600
13435,1731,5.0,1383868800
13436,1731,5.0,1356825600
13437,1731,5.0,1376697600
13438,1731,4.0,1355443200
13439,1731,3.0,1403913600
13277,1731,4.0,1374796800
13440,1731,5.0,1349049600
13441,1731,1.0,1371600000
13442,1731,5.0,1233619200
13443,1731,5.0,1355529600
10883,1731,2.0,1360972800
13444,1731,2.0,1346025600
13445,1731,5.0,1249344000
13446,1731,2.0,1337385600
13447,1731,5.0,1374192000
13448,1731,5.0,1346976000
13449,1731,4.0,1282780800
10889,1731,5.0,1380067200
13450,1731,5.0,1377993600
13451,1731,5.0,1319500800
13452,1731,2.0,1378425600
13453,1731,5.0,1324166400
13454,1731,1.0,1360454400
13455,1731,5.0,1372550400
13456,1731,3.0,1370476800
13457,1731,3.0,1385164800
13458,1731,5.0,1302048000
13459,1731,3.0,1315958400
13460,1731,1.0,1381795200
13461,1731,3.0,1319500800
13462,1731,3.0,1370908800
13463,1731,5.0,1287705600
13464,1731,5.0,1342310400
13465,1731,5.0,1271894400
13466,1731,4.0,1376784000
13467,1731,2.0,1351123200
13468,1731,5.0,1378857600
13469,1731,5.0,1389398400
13470,1731,5.0,1373673600
10492,1731,5.0,1371168000
13471,1731,3.0,1364947200
13472,1731,1.0,1381536000
13473,1731,4.0,1373414400
13474,1731,5.0,1359936000
13475,1731,5.0,1330819200
13476,1731,5.0,1384214400
13477,1731,5.0,1388534400
13478,1731,5.0,1380412800
13479,1731,5.0,1399507200
13480,1731,5.0,1356134400
13346,1731,5.0,1395273600
13481,1731,4.0,1308873600
10639,1731,5.0,1342569600
13482,1731,1.0,1331510400
13483,1731,5.0,1398124800
13484,1731,1.0,1375315200
13485,1731,5.0,1403395200
13486,1731,5.0,1320537600
13487,1731,5.0,1285891200
13420,1732,3.0,1404691200
13488,1730,5.0,1371513600
13489,1730,5.0,1314576000
13490,1730,4.0,1341964800
13491,1733,5.0,1328832000
13492,1733,4.0,1375747200
13493,1733,2.0,1350518400
13494,1733,5.0,1369180800
13495,1733,2.0,1389139200
13496,1733,5.0,1356220800
13497,1734,5.0,1358985600
13498,1735,3.0,1372032000
13499,1735,1.0,1368316800
13500,1735,4.0,1380844800
13501,1735,5.0,1375056000
13502,1735,5.0,1367539200
13503,1735,5.0,1302912000
13504,1735,1.0,1392163200
13505,1735,5.0,1400457600
13506,1735,5.0,1373846400
13507,1735,2.0,1342828800
13508,1735,3.0,1390262400
13509,1735,5.0,1292371200
13510,1735,5.0,1359158400
13511,1735,5.0,1289952000
13512,1735,5.0,1397260800
13513,1735,3.0,1374192000
13514,1735,1.0,1372636800
13515,1736,5.0,1365465600
13516,1736,5.0,1367625600
13517,1736,5.0,1403913600
13518,1736,5.0,1377734400
13519,1737,5.0,1252022400
13520,1738,5.0,1257465600
13521,1739,5.0,1387929600
13522,1739,5.0,1314403200
13523,1739,5.0,1371513600
13524,1739,4.0,1308614400
13525,1739,5.0,1375660800
13526,1739,3.0,1368576000
13527,1739,4.0,1280275200
13528,1739,3.0,1394409600
13529,1739,4.0,1297209600
13530,1739,1.0,1363824000
13531,1739,5.0,1364601600
13532,1739,2.0,1381881600
13533,1739,4.0,1367539200
13534,1739,2.0,1346716800
13535,1739,4.0,1373673600
13536,1739,5.0,1369958400
13537,1739,4.0,1356825600
13538,1739,2.0,1373760000
13539,1739,4.0,1373500800
13540,1739,4.0,1335398400
13541,1739,5.0,1360281600
13542,1739,5.0,1377648000
13543,1739,4.0,1377561600
13544,1739,4.0,1341964800
13545,1739,4.0,1375920000
13546,1739,5.0,1368057600
13547,1739,1.0,1351814400
13548,1739,4.0,1350259200
13549,1739,1.0,1368921600
13550,1740,5.0,1248652800
13551,1740,4.0,1226534400
13552,1741,5.0,1364515200
13553,1742,5.0,1249948800
13554,1742,3.0,1246492800
13555,1743,5.0,1358208000
13556,1744,5.0,1302998400
13557,1744,5.0,1247356800
13558,1745,5.0,1378339200
13559,1745,5.0,1327276800
13560,1746,1.0,1355356800
13561,1746,5.0,1268524800
13562,1747,5.0,1377043200
13563,1747,1.0,1311811200
13564,1747,5.0,1381104000
13565,1747,5.0,1348876800
13566,1747,2.0,1305072000
13567,1747,4.0,1271203200
13568,1747,5.0,1291766400
13569,1747,5.0,1316476800
13570,1747,4.0,1320537600
13571,1747,5.0,1361318400
13572,1747,5.0,1358726400
13573,1747,5.0,1358294400
13574,1747,5.0,1384646400
13575,1747,2.0,1385942400
13576,1747,5.0,1310515200
13577,1747,3.0,1376697600
13578,1747,5.0,1382486400
13579,1747,5.0,1297036800
13580,1747,3.0,1357603200
13581,1747,2.0,1358380800
13582,1747,5.0,1286496000
13583,1747,5.0,1362787200
13584,1747,1.0,1391990400
13585,1747,1.0,1391126400
13586,1747,5.0,1363046400
13587,1747,4.0,1378166400
13588,1747,1.0,1329609600
13589,1747,3.0,1374105600
13590,1747,5.0,1379462400
13591,1747,5.0,1316563200
13592,1747,5.0,1361404800
13593,1747,5.0,1389052800
13594,1747,3.0,1365120000
13595,1747,5.0,1330992000
13596,1747,5.0,1288828800
13597,1747,4.0,1293667200
13598,1747,1.0,1357344000
13599,1747,5.0,1328054400
13600,1747,2.0,1287360000
13114,1747,4.0,1354665600
13601,1747,5.0,1301443200
13602,1747,4.0,1327276800
13603,1747,5.0,1366761600
13604,1747,1.0,1399334400
13605,1747,2.0,1401580800
13606,1747,4.0,1381363200
13607,1747,5.0,1300406400
13608,1747,4.0,1310774400
13609,1747,5.0,1386460800
13610,1747,1.0,1353801600
13611,1747,4.0,1390435200
13612,1747,5.0,1347408000
13613,1747,1.0,1350086400
13614,1747,5.0,1284249600
13615,1747,5.0,1377129600
13616,1747,5.0,1392163200
13617,1748,5.0,1311638400
13618,1748,1.0,1285113600
13619,1748,4.0,1373587200
13620,1748,5.0,1276646400
13621,1749,5.0,1306713600
13622,1749,1.0,1325635200
13623,1749,5.0,1296000000
13624,1749,5.0,1377043200
13625,1749,5.0,1355443200
13626,1750,4.0,1237161600
13627,1750,5.0,1242777600
13628,1751,5.0,1365206400
13629,1751,5.0,1293580800
13630,1751,4.0,1308441600
13631,1751,4.0,1351123200
13632,1752,5.0,1286668800
13633,1752,5.0,1262044800
13634,1753,2.0,1303948800
2243,1753,3.0,1291420800
13635,1754,5.0,1257897600
13636,1756,4.0,1380672000
13637,1755,5.0,1291939200
13638,1755,5.0,1369094400
13639,1755,4.0,1318464000
13640,1755,1.0,1224115200
13641,1757,2.0,1364083200
5676,1757,2.0,1302998400
13642,1757,5.0,1333756800
13643,1758,5.0,1299024000
13644,1759,2.0,1242691200
13645,1760,5.0,1350604800
13646,1761,5.0,1279324800
13647,1762,5.0,1376784000
13648,1762,5.0,1362528000
13649,1762,4.0,1404172800
13650,1763,4.0,1367366400
13651,1763,5.0,1390435200
13652,1763,1.0,1404086400
13653,1764,3.0,1392508800
13654,1764,3.0,1382313600
13655,1764,5.0,1357516800
13656,1764,5.0,1381881600
13657,1764,4.0,1374019200
13658,1764,5.0,1366675200
13659,1764,4.0,1373760000
5522,1764,5.0,1389916800
13660,1764,5.0,1391299200
13661,1764,5.0,1357603200
13662,1764,5.0,1401667200
13663,1764,3.0,1387843200
13664,1764,5.0,1389484800
13665,1764,5.0,1371772800
13666,1764,1.0,1399161600
13667,1764,5.0,1390262400
13668,1764,5.0,1314576000
13669,1764,4.0,1388102400
13670,1764,5.0,1355356800
13671,1764,5.0,1386892800
13672,1764,5.0,1393718400
7854,1764,5.0,1352505600
13673,1764,5.0,1369612800
13674,1764,1.0,1404777600
13675,1764,5.0,1363046400
13676,1764,3.0,1370390400
13677,1764,2.0,1401753600
13678,1764,5.0,1404950400
13679,1764,3.0,1370476800
13680,1764,5.0,1351728000
13681,1764,2.0,1383696000
13682,1764,5.0,1393718400
13683,1765,5.0,1283126400
13684,1765,5.0,1258243200
13685,1766,5.0,1241136000
13686,1766,5.0,1361404800
13687,1767,4.0,1238976000
13688,1768,5.0,1237334400
13689,1769,4.0,1404950400
13690,1770,4.0,1271462400
13691,1771,5.0,1236816000
13692,1772,1.0,1369785600
13693,1772,1.0,1228521600
13694,1772,5.0,1344643200
13695,1773,3.0,1357689600
13696,1774,3.0,1366848000
13697,1774,5.0,1320278400
13698,1774,3.0,1334016000
13699,1774,4.0,1363824000
13700,1774,5.0,1235088000
13701,1775,5.0,1356998400
13702,1775,5.0,1344384000
13703,1775,5.0,1391212800
13704,1775,5.0,1334534400
13705,1776,3.0,1347753600
13706,1776,5.0,1263945600
13707,1776,5.0,1254182400
13708,1777,4.0,1271116800
13709,1778,5.0,1230940800
13710,1779,2.0,1245801600
13711,1779,4.0,1295308800
13712,1779,5.0,1231286400
13713,1780,5.0,1325980800
13714,1780,5.0,1300752000
13715,1781,5.0,1258243200
13716,1782,3.0,1293408000
13717,1782,2.0,1287964800
13718,1782,3.0,1286668800
13719,1782,1.0,1271462400
13720,1782,1.0,1275782400
13721,1783,5.0,1288742400
13722,1783,5.0,1238112000
13723,1783,5.0,1279584000
13724,1784,1.0,1301875200
13725,1784,5.0,1324944000
13726,1784,4.0,1370390400
13727,1784,5.0,1360195200
13728,1784,4.0,1349913600
13729,1785,5.0,1259884800
13730,1786,5.0,1301529600
13731,1786,5.0,1364256000
13732,1786,1.0,1387584000
13733,1787,5.0,1250640000
13734,1788,4.0,1338336000
13735,1788,2.0,1325808000
13736,1788,4.0,1318032000
13737,1788,4.0,1368576000
13738,1788,5.0,1335398400
13739,1788,2.0,1212364800
11395,1789,5.0,1281916800
13740,1789,1.0,1326585600
13741,1789,5.0,1281484800
13742,1789,5.0,1288656000
13743,1790,5.0,1291593600
13744,1790,4.0,1266364800
13745,1790,5.0,1382054400
13746,1790,1.0,1387152000
13747,1790,5.0,1393200000
13748,1790,5.0,1405123200
13749,1790,4.0,1392422400
13750,1790,5.0,1334016000
13751,1790,2.0,1293235200
13752,1791,3.0,1293408000
13753,1792,5.0,1358640000
13754,1792,5.0,1382486400
13755,1792,5.0,1403136000
13756,1792,5.0,1403568000
13757,1793,5.0,1377734400
13757,1794,3.0,1282176000
13758,1795,5.0,1297641600
1067,1796,5.0,1381708800
13759,1797,5.0,1235260800
13760,1798,5.0,1363392000
13761,1798,5.0,1344384000
13762,1798,5.0,1305417600
13763,1798,5.0,1326412800
13764,1798,4.0,1366156800
13765,1799,5.0,1298246400
13766,1800,4.0,1318118400
13767,1801,5.0,1391731200
13768,1801,5.0,1366675200
13769,1802,4.0,1266105600
13770,1803,4.0,1232409600
13771,1804,5.0,1237075200
13772,1805,4.0,1255824000
13773,1806,5.0,1276387200
13774,1808,2.0,1394496000
13775,1807,3.0,1254873600
13776,1809,1.0,1365552000
13777,1810,5.0,1232409600
13778,1811,5.0,1323216000
13779,1812,5.0,1373328000
13780,1812,3.0,1374883200
13781,1812,5.0,1342656000
13782,1812,1.0,1378857600
13783,1812,5.0,1388102400
13784,1812,2.0,1393977600
13785,1812,5.0,1395964800
13786,1812,4.0,1376524800
13787,1812,3.0,1378684800
13788,1812,5.0,1384732800
13789,1812,5.0,1357689600
13790,1812,5.0,1403395200
13791,1812,5.0,1376697600
13792,1812,5.0,1387152000
5676,1812,2.0,1389052800
13793,1812,3.0,1393545600
13794,1813,4.0,1279929600
13795,1814,3.0,1268006400
13796,1815,1.0,1347926400
13797,1815,4.0,1373587200
13798,1816,5.0,1383091200
13799,1816,5.0,1370390400
13800,1817,3.0,1371772800
13801,1818,5.0,1378252800
13802,1819,5.0,1339632000
13803,1819,5.0,1230422400
13804,1819,3.0,1313884800
13805,1819,4.0,1357776000
13806,1819,5.0,1366588800
13807,1819,1.0,1357776000
13808,1819,2.0,1363046400
13809,1819,4.0,1284076800
13810,1819,4.0,1348358400
13811,1819,5.0,1353801600
13812,1819,5.0,1294963200
13813,1819,4.0,1349222400
13814,1819,5.0,1352678400
13815,1819,5.0,1314057600
13816,1820,5.0,1396224000
13817,1821,4.0,1365811200
13818,1821,1.0,1284940800
13819,1821,3.0,1231286400
13820,1821,2.0,1318291200
13821,1821,5.0,1359504000
13822,1822,5.0,1240531200
13823,1823,5.0,1231718400
13824,1824,5.0,1375920000
13825,1827,4.0,1301270400
13826,1825,1.0,1349049600
13827,1826,4.0,1389744000
13828,1826,1.0,1388534400
13829,1830,1.0,1280016000
13830,1831,5.0,1293062400
13831,1828,5.0,1340755200
13832,1828,4.0,1355443200
13833,1828,5.0,1377475200
13834,1828,1.0,1352592000
13835,1829,5.0,1225670400
13836,1832,4.0,1354752000
13255,1833,5.0,1241481600
13837,1833,5.0,1318377600
13838,1833,2.0,1241913600
13839,1833,5.0,1298592000
13840,1835,4.0,1307145600
13841,1835,5.0,1248307200
13842,1834,5.0,1292889600
13843,1836,4.0,1276560000
13844,1837,5.0,1255305600
13845,1838,4.0,1292025600
13846,1839,5.0,1262908800
13847,1839,4.0,1259020800
13848,1841,5.0,1353715200
13849,1841,5.0,1361232000
13850,1841,3.0,1286755200
13851,1840,5.0,1272067200
13852,1840,5.0,1246147200
13853,1842,5.0,1362009600
13854,1843,1.0,1328572800
13855,1844,5.0,1325808000
13856,1845,5.0,1371945600
13857,1845,5.0,1260835200
8923,1845,5.0,1286323200
13858,1845,5.0,1379462400
13859,1845,5.0,1389312000
13860,1845,4.0,1327968000
13861,1845,5.0,1367798400
13862,1845,5.0,1362528000
1681,1847,5.0,1299369600
13863,1846,1.0,1311897600
13864,1848,3.0,1383955200
13865,1848,5.0,1262908800
13866,1848,1.0,1386115200
13867,1848,3.0,1388361600
13868,1848,3.0,1298073600
13869,1848,5.0,1403827200
13870,1848,5.0,1391558400
13871,1848,2.0,1404604800
13872,1848,5.0,1236902400
13873,1848,5.0,1403049600
13874,1848,5.0,1364083200
13875,1848,1.0,1398384000
13876,1848,5.0,1378425600
13877,1848,5.0,1301875200
13878,1848,2.0,1349481600
12961,1848,5.0,1360540800
13879,1849,5.0,1392854400
13880,1850,1.0,1370908800
4671,1852,4.0,1245888000
13881,1851,5.0,1369180800
13882,1851,5.0,1304899200
13883,1851,5.0,1379376000
13884,1853,5.0,1360886400
13885,1854,4.0,1353110400
13886,1854,5.0,1330128000
13887,1854,5.0,1357430400
13888,1855,5.0,1322524800
13889,1855,3.0,1375747200
13890,1855,5.0,1389312000
13891,1856,5.0,1379462400
13892,1857,4.0,1311033600
13893,1858,5.0,1268870400
13894,1859,5.0,1238112000
13895,1860,5.0,1247443200
13896,1861,5.0,1362960000
13897,1861,5.0,1329004800
13898,1862,5.0,1232841600
13899,1863,5.0,1322697600
13900,1863,1.0,1294876800
13901,1863,1.0,1298160000
13902,1864,4.0,1337126400
13903,1865,5.0,1294790400
13904,1866,5.0,1292544000
13905,1867,5.0,1360972800
13906,1867,5.0,1291593600
13907,1867,5.0,1360454400
13908,1867,4.0,1343779200
13909,1867,3.0,1299801600
13910,1867,4.0,1362268800
13911,1867,5.0,1362355200
13912,1868,5.0,1353801600
13913,1868,5.0,1381017600
13914,1868,1.0,1330300800
13915,1868,5.0,1318550400
13916,1868,5.0,1323043200
13917,1868,4.0,1398729600
13918,1868,5.0,1384300800
13919,1869,1.0,1336089600
13920,1869,1.0,1324166400
13921,1869,5.0,1355875200
13922,1869,3.0,1402012800
13923,1869,5.0,1299283200
13924,1869,3.0,1371513600
13925,1869,5.0,1348358400
13926,1869,5.0,1321747200
13927,1869,1.0,1320105600
13928,1869,3.0,1355356800
13929,1869,3.0,1323648000
13930,1869,5.0,1308182400
13931,1869,5.0,1311811200
13932,1869,2.0,1330819200
13933,1869,2.0,1367539200
13934,1869,1.0,1355356800
13935,1869,2.0,1398643200
13936,1869,2.0,1336435200
13937,1869,5.0,1294617600
13938,1869,5.0,1325548800
13939,1869,4.0,1396310400
13940,1869,3.0,1361145600
13941,1869,3.0,1378166400
13942,1869,3.0,1399680000
13943,1869,2.0,1329782400
13944,1869,3.0,1367712000
13945,1869,4.0,1391904000
13946,1869,4.0,1334793600
13947,1869,1.0,1361318400
8369,1869,5.0,1326499200
13948,1869,5.0,1360540800
13949,1869,2.0,1327881600
13950,1870,4.0,1339632000
13951,1870,1.0,1376611200
13952,1870,3.0,1388275200
13953,1870,2.0,1370044800
13954,1870,2.0,1374019200
13955,1870,4.0,1402617600
13956,1870,5.0,1390435200
13957,1870,3.0,1384905600
13958,1870,4.0,1370131200
13959,1870,1.0,1299110400
13960,1870,5.0,1403308800
13961,1870,2.0,1356566400
13962,1870,5.0,1329350400
13963,1870,1.0,1365292800
13964,1870,1.0,1353110400
13965,1870,2.0,1388620800
13966,1870,3.0,1381017600
13967,1870,2.0,1394150400
13968,1870,5.0,1362787200
13969,1870,4.0,1396483200
13970,1870,5.0,1362355200
13971,1870,3.0,1399334400
13972,1870,2.0,1380844800
13973,1870,5.0,1355875200
13974,1870,5.0,1340323200
13975,1870,4.0,1393632000
13976,1870,4.0,1373328000
13977,1870,5.0,1394755200
13978,1871,5.0,1332460800
13979,1873,1.0,1290124800
13980,1874,5.0,1298592000
13981,1874,5.0,1290729600
13982,1872,5.0,1388534400
13983,1875,5.0,1250380800
13984,1875,5.0,1246147200
13985,1876,1.0,1402704000
13986,1877,5.0,1405555200
13987,1877,5.0,1400025600
13988,1877,5.0,1386806400
13989,1877,5.0,1382054400
13990,1877,5.0,1383696000
13991,1877,5.0,1363392000
13992,1877,3.0,1384128000
13993,1877,5.0,1379808000
13994,1877,2.0,1377043200
13995,1877,4.0,1334102400
13996,1877,3.0,1331596800
13997,1877,5.0,1362700800
13998,1877,4.0,1259712000
13999,1877,5.0,1347840000
14000,1877,5.0,1380844800
10239,1877,5.0,1316044800
14001,1877,5.0,1385510400
14002,1877,5.0,1365724800
14003,1877,5.0,1304899200
14004,1877,5.0,1394755200
14005,1877,3.0,1389744000
14006,1877,5.0,1383177600
14007,1877,5.0,1304640000
14008,1878,5.0,1301875200
14009,1879,3.0,1359072000
14010,1880,5.0,1312416000
14011,1880,4.0,1288051200
14012,1880,5.0,1328659200
14013,1880,5.0,1363996800
14014,1881,5.0,1262908800
14015,1881,5.0,1265587200
14016,1882,5.0,1271894400
14017,1882,5.0,1270425600
3555,1884,5.0,1285372800
14018,1884,5.0,1269820800
14019,1883,2.0,1393718400
14020,1883,5.0,1244851200
14021,1883,5.0,1261094400
14022,1883,3.0,1341619200
14023,1883,5.0,1260316800
14024,1883,3.0,1267574400
14025,1885,5.0,1311724800
14026,1886,4.0,1235865600
4117,1887,5.0,1332720000
14027,1887,5.0,1340496000
14028,1887,4.0,1381363200
14029,1888,5.0,1271808000
14030,1889,4.0,1294358400
14031,1889,2.0,1317859200
14032,1889,4.0,1288051200
14033,1889,2.0,1306972800
14034,1889,5.0,1368144000
14035,1890,5.0,1389225600
14036,1890,5.0,1264204800
14037,1890,5.0,1238025600
14038,1891,5.0,1365984000
14039,1894,5.0,1393286400
14040,1892,5.0,1375660800
14041,1892,5.0,1237766400
14042,1893,5.0,1339891200
14043,1893,5.0,1250467200
14044,1893,3.0,1320537600
14045,1893,4.0,1345334400
14046,1893,4.0,1334880000
14047,1893,5.0,1254873600
14048,1895,5.0,1317859200
14049,1896,4.0,1298851200
14050,1896,5.0,1326067200
14051,1900,5.0,1166832000
14052,1900,5.0,1325721600
14053,1901,1.0,1278720000
14054,1903,5.0,1359849600
14055,1897,5.0,1341446400
14056,1897,5.0,1336176000
14057,1898,5.0,1261958400
14058,1899,4.0,1369353600
11802,1902,3.0,1239062400
14059,1902,1.0,1241308800
14060,1902,1.0,1361923200
14061,1902,1.0,1250035200
14062,1902,4.0,1278288000
14063,1902,1.0,1295049600
14064,1902,4.0,1251936000
14065,1902,1.0,1398297600
13926,1902,5.0,1311033600
14066,1902,5.0,1238457600
14067,1902,1.0,1249516800
14068,1902,1.0,1228953600
14069,1902,4.0,1375660800
14070,1902,2.0,1333324800
14071,1902,3.0,1271894400
14072,1902,1.0,1301443200
14073,1902,1.0,1234569600
14074,1902,4.0,1244851200
14075,1902,5.0,1389052800
14076,1902,5.0,1243382400
14077,1902,5.0,1232755200
14078,1902,5.0,1239321600
14079,1902,2.0,1324598400
14080,1902,1.0,1248912000
14081,1902,2.0,1252800000
14082,1902,3.0,1236384000
14083,1902,4.0,1379462400
14084,1902,1.0,1349740800
14085,1902,1.0,1299542400
14086,1902,4.0,1282262400
14087,1902,5.0,1246752000
14088,1902,4.0,1234656000
14089,1904,4.0,1275350400
14090,1906,5.0,1238457600
14091,1905,4.0,1252195200
8590,1908,5.0,1356912000
14092,1908,5.0,1298332800
14093,1907,5.0,1358208000
14094,1907,5.0,1379548800
14095,1909,5.0,1246752000
14096,1910,5.0,1345939200
14097,1910,5.0,1340928000
14098,1910,3.0,1353801600
14099,1910,3.0,1393200000
2342,1910,5.0,1296259200
5676,1910,5.0,1328227200
14100,1910,5.0,1361664000
14101,1911,5.0,1356480000
14102,1912,1.0,1259280000
14103,1913,4.0,1375660800
14104,1913,5.0,1380672000
14105,1913,4.0,1399852800
14106,1913,4.0,1394323200
5797,1914,1.0,1358899200
14107,1917,3.0,1352419200
14108,1915,4.0,1335830400
14109,1916,1.0,1266624000
14110,1916,1.0,1265673600
14111,1918,3.0,1404691200
14112,1918,2.0,1381622400
14113,1918,5.0,1382140800
14114,1918,4.0,1347148800
14115,1918,5.0,1314921600
14116,1919,4.0,1369526400
14117,1919,5.0,1404604800
14118,1919,4.0,1370736000
14119,1919,5.0,1360972800
14120,1919,5.0,1392681600
14121,1919,4.0,1375833600
14122,1919,5.0,1365206400
14123,1919,5.0,1387324800
14124,1919,2.0,1381449600
14125,1919,5.0,1384905600
14126,1919,5.0,1403827200
14127,1920,5.0,1394668800
14128,1921,5.0,1231804800
14129,1922,5.0,1396828800
14130,1923,4.0,1258675200
14131,1923,4.0,1375142400
14132,1923,5.0,1393804800
2733,1923,4.0,1319932800
14133,1923,4.0,1286755200
14134,1923,4.0,1390435200
14135,1925,3.0,1250726400
14136,1924,5.0,1381968000
14137,1926,5.0,1260662400
14138,1926,5.0,1314316800
14139,1926,5.0,1310688000
14140,1926,4.0,1344384000
14141,1926,1.0,1229817600
14142,1926,5.0,1359763200
14143,1926,5.0,1374537600
14144,1926,5.0,1364515200
14145,1926,5.0,1265328000
14146,1926,4.0,1334275200
14147,1926,5.0,1360972800
14148,1926,5.0,1360540800
14149,1926,4.0,1385683200
14150,1926,5.0,1365638400
14151,1926,5.0,1356998400
14152,1926,5.0,1322697600
14153,1926,5.0,1376524800
14154,1926,5.0,1395619200
14155,1926,5.0,1314921600
14156,1926,5.0,1393632000
14157,1926,5.0,1360713600
14158,1926,4.0,1369180800
14159,1926,5.0,1388102400
14160,1927,5.0,1392854400
14161,1929,1.0,1293408000
14162,1928,4.0,1317600000
14163,1931,5.0,1383091200
14164,1930,5.0,1329955200
14165,1932,5.0,1299888000
14166,1933,5.0,1278633600
14167,1934,1.0,1369958400
14168,1934,5.0,1355270400
14169,1935,4.0,1340323200
14170,1935,5.0,1373500800
14171,1935,5.0,1338422400
4759,1936,4.0,1352937600
14172,1936,1.0,1356566400
7019,1937,5.0,1314403200
14173,1937,5.0,1386460800
14174,1937,5.0,1178409600
14175,1938,5.0,1355702400
14176,1939,3.0,1252540800
14177,1939,1.0,1236816000
14178,1939,4.0,1234310400
14179,1940,5.0,1330387200
14180,1940,1.0,1360022400
14181,1940,5.0,1325376000
14182,1941,5.0,1247788800
14183,1941,5.0,1248220800
14184,1942,1.0,1367539200
14185,1943,4.0,1246492800
14186,1943,4.0,1241913600
14187,1944,5.0,1251417600
14188,1944,1.0,1258675200
14189,1945,5.0,1343260800
14190,1946,1.0,1292371200
14191,1947,5.0,1387584000
14192,1947,5.0,1404950400
14193,1947,5.0,1236297600
14194,1947,5.0,1382054400
14195,1947,5.0,1380931200
14196,1947,1.0,1319328000
14197,1947,2.0,1311552000
14198,1947,4.0,1365552000
14199,1947,5.0,1375401600
14200,1947,5.0,1284681600
14201,1947,5.0,1349481600
14202,1947,5.0,1315180800
14203,1947,5.0,1386028800
14204,1947,5.0,1309478400
14205,1947,3.0,1393804800
14206,1947,5.0,1244160000
14207,1947,3.0,1391212800
14208,1947,5.0,1370649600
14209,1947,3.0,1404345600
14210,1947,5.0,1349136000
14211,1947,5.0,1327622400
14212,1947,2.0,1357516800
14213,1947,1.0,1338768000
14214,1947,5.0,1333584000
14215,1947,1.0,1296950400
14216,1947,5.0,1330300800
14217,1947,5.0,1383177600
14218,1947,5.0,1372291200
14219,1948,5.0,1275868800
13760,1949,5.0,1395705600
14220,1949,5.0,1393718400
14219,1949,5.0,1276992000
14221,1949,5.0,1359936000
14222,1949,4.0,1359158400
14223,1949,5.0,1275091200
14224,1951,2.0,1364601600
14225,1951,5.0,1355270400
14226,1951,5.0,1375488000
14227,1951,2.0,1358467200
14228,1951,2.0,1354147200
14229,1951,1.0,1389657600
14230,1951,3.0,1363651200
14231,1951,1.0,1331424000
14232,1951,5.0,1369612800
14233,1950,2.0,1275696000
14234,1950,2.0,1271980800
14235,1950,4.0,1369699200
14236,1950,5.0,1402444800
14237,1950,2.0,1353974400
14238,1950,4.0,1247184000
14239,1950,4.0,1326672000
14240,1950,5.0,1313020800
14241,1950,1.0,1351641600
14242,1950,2.0,1356652800
14243,1952,4.0,1392854400
14244,1953,5.0,1319500800
14245,1953,5.0,1317340800
14246,1954,5.0,1350345600
14247,1955,5.0,1327536000
14248,1955,2.0,1359331200
14249,1956,4.0,1359504000
14250,1956,5.0,1371945600
14251,1956,5.0,1386374400
14252,1956,2.0,1336003200
14253,1956,5.0,1335052800
14254,1956,3.0,1378771200
14255,1956,5.0,1313539200
14256,1956,5.0,1303171200
12504,1956,4.0,1389398400
14257,1956,5.0,1312329600
14258,1956,5.0,1389916800
14259,1956,5.0,1371254400
14260,1956,3.0,1318118400
14261,1956,5.0,1383696000
1894,1957,4.0,1299801600
14262,1957,5.0,1307232000
14263,1958,5.0,1280793600
14264,1959,4.0,1315353600
14265,1961,5.0,1262822400
14266,1960,5.0,1398643200
14267,1960,5.0,1344556800
14268,1962,5.0,1231545600
14269,1962,1.0,1231632000
14270,1962,2.0,1236384000
14271,1962,3.0,1264118400
14272,1962,3.0,1231286400
14273,1962,5.0,1294272000
14274,1962,1.0,1239753600
14275,1962,4.0,1361232000
14276,1962,5.0,1235174400
14277,1962,1.0,1248480000
14278,1962,1.0,1231718400
14279,1962,5.0,1291161600
14280,1962,3.0,1243641600
14281,1962,5.0,1230768000
14282,1962,2.0,1233100800
14283,1962,1.0,1231113600
14284,1962,4.0,1281225600
14285,1962,5.0,1231286400
14286,1962,3.0,1309219200
14287,1963,5.0,1200096000
14288,1963,3.0,1369612800
14289,1963,5.0,1270598400
14290,1963,5.0,1358208000
14291,1963,4.0,1388707200
14292,1964,2.0,1243209600
14293,1964,5.0,1245024000
14294,1965,5.0,1329696000
14295,1965,1.0,1315872000
14296,1965,4.0,1305590400
14297,1965,1.0,1234051200
14298,1965,5.0,1254873600
14299,1965,1.0,1318291200
14300,1965,3.0,1316908800
14301,1965,5.0,1290297600
14302,1965,4.0,1281484800
14303,1965,5.0,1284854400
14021,1965,5.0,1260662400
14304,1965,1.0,1377734400
14305,1965,4.0,1253750400
14306,1965,2.0,1343260800
14307,1965,1.0,1235606400
14308,1965,3.0,1304035200
14309,1965,4.0,1288310400
14310,1965,1.0,1240272000
14311,1965,1.0,1243209600
14312,1965,5.0,1279756800
14313,1965,4.0,1289952000
14314,1965,5.0,1263686400
14315,1965,2.0,1273017600
14316,1965,5.0,1245369600
14317,1965,5.0,1255392000
14318,1965,4.0,1372118400
14319,1965,3.0,1251331200
14320,1965,1.0,1250553600
14321,1965,5.0,1371513600
14322,1965,5.0,1295740800
14323,1965,4.0,1235865600
14324,1965,1.0,1293321600
14325,1965,1.0,1298246400
14326,1965,4.0,1236470400
14327,1965,1.0,1234828800
14328,1965,1.0,1242259200
3453,1965,2.0,1234224000
14329,1965,3.0,1337040000
14330,1965,5.0,1397347200
14331,1965,3.0,1263945600
14332,1965,5.0,1320883200
14333,1965,5.0,1236211200
14334,1965,1.0,1236211200
14335,1965,3.0,1245542400
14336,1965,5.0,1378166400
6180,1965,4.0,1349913600
14337,1965,3.0,1256860800
14338,1965,1.0,1234915200
14339,1965,4.0,1308528000
14340,1965,2.0,1238025600
14341,1965,5.0,1261440000
14342,1965,5.0,1250985600
14343,1965,2.0,1237766400
14344,1965,4.0,1276473600
14345,1965,4.0,1345852800
14346,1965,5.0,1338163200
14347,1965,1.0,1292284800
14348,1965,4.0,1259452800
14349,1965,1.0,1264896000
14350,1965,3.0,1334361600
14351,1965,5.0,1233273600
14352,1965,5.0,1292630400
14353,1965,1.0,1302652800
14354,1965,1.0,1237852800
14355,1965,5.0,1235174400
14356,1965,2.0,1384387200
14357,1965,4.0,1248912000
14358,1965,4.0,1238198400
14359,1965,5.0,1233273600
14360,1965,1.0,1245110400
14361,1965,5.0,1344902400
14362,1965,5.0,1278979200
14363,1965,1.0,1240444800
14364,1965,1.0,1235174400
14365,1965,2.0,1235433600
14366,1965,1.0,1250208000
14367,1965,3.0,1283212800
4960,1965,4.0,1336867200
14368,1965,2.0,1234137600
14369,1965,3.0,1316908800
14370,1965,4.0,1342396800
14371,1965,1.0,1327881600
14372,1965,1.0,1331424000
14373,1965,1.0,1312070400
14374,1965,1.0,1287360000
14375,1965,4.0,1286668800
14376,1965,5.0,1383523200
14377,1965,5.0,1249430400
14378,1965,5.0,1234915200
14379,1965,5.0,1236816000
14380,1965,5.0,1241913600
14381,1965,1.0,1364515200
14293,1965,5.0,1245024000
14382,1965,1.0,1288396800
14383,1965,1.0,1263945600
14384,1965,1.0,1234396800
14385,1965,5.0,1302912000
14386,1965,1.0,1236816000
14387,1965,4.0,1324857600
14388,1965,1.0,1242172800
14389,1965,4.0,1245974400
14390,1966,5.0,1289174400
14391,1966,5.0,1336953600
14392,1966,4.0,1304121600
14393,1967,1.0,1386288000
14394,1967,1.0,1331942400
14395,1967,5.0,1328832000
14396,1967,5.0,1377561600
14397,1967,5.0,1380672000
14398,1967,3.0,1387238400
14399,1967,4.0,1285632000
14400,1968,1.0,1336867200
14401,1968,1.0,1286841600
14402,1969,2.0,1356912000
14403,1970,5.0,1303430400
14404,1971,5.0,1389312000
8096,1971,3.0,1297382400
14405,1971,5.0,1313366400
14406,1971,5.0,1394755200
14407,1971,5.0,1342137600
14408,1971,5.0,1294272000
14409,1971,5.0,1395100800
14410,1973,2.0,1399161600
14411,1972,5.0,1355270400
14412,1974,5.0,1390780800
14413,1975,5.0,1379980800
14414,1975,5.0,1309824000
8274,1975,3.0,1354665600
14415,1975,4.0,1379721600
14416,1975,5.0,1356739200
14417,1975,4.0,1378771200
14418,1976,5.0,1276041600
14419,1977,3.0,1386028800
14420,1977,5.0,1352937600
14421,1978,3.0,1384214400
10492,1979,5.0,1372550400
14422,1980,5.0,1366588800
14423,1980,5.0,1253664000
14424,1981,4.0,1377734400
14425,1982,4.0,1292889600
14426,1982,2.0,1292284800
14427,1982,5.0,1336348800
14428,1983,2.0,1311984000
14429,1984,5.0,1268006400
14430,1985,5.0,1341792000
14431,1986,5.0,1388102400
14432,1987,5.0,1338336000
14433,1987,5.0,1333584000
14434,1987,5.0,1238371200
14435,1987,1.0,1212883200
14436,1987,5.0,1251504000
14437,1987,5.0,1357516800
14438,1987,5.0,1144713600
14439,1987,5.0,1309737600
14440,1987,2.0,1338854400
14441,1987,1.0,1341446400
14442,1987,5.0,1320364800
14443,1987,5.0,1366070400
14444,1987,5.0,1337126400
14445,1987,4.0,1285027200
14446,1987,5.0,1336435200
14447,1987,1.0,1315094400
14448,1987,5.0,1337817600
14449,1987,2.0,1310083200
14450,1987,5.0,1311465600
14451,1987,5.0,1333411200
14452,1987,5.0,1332374400
14453,1987,5.0,1272326400
14454,1987,5.0,1307404800
14455,1987,5.0,1320278400
14456,1987,5.0,1312761600
14457,1987,5.0,1283299200
14458,1987,5.0,1319587200
14459,1987,5.0,1314403200
14460,1987,5.0,1338249600
14461,1988,4.0,1358899200
1716,1990,5.0,1350345600
14462,1989,5.0,1360800000
14463,1991,5.0,1396310400
14464,1992,3.0,1329436800
14465,1992,1.0,1333152000
14466,1992,5.0,1302307200
14467,1992,5.0,1305244800
14468,1992,4.0,1297123200
14469,1993,5.0,1243987200
13098,1993,5.0,1324080000
14470,1994,5.0,1252195200
14471,1994,4.0,1249171200
14472,1995,5.0,1363996800
14473,1995,5.0,1385337600
14474,1995,5.0,1357516800
14475,1995,5.0,1358553600
14476,1995,4.0,1358899200
14477,1995,5.0,1336348800
14478,1996,1.0,1369180800
14479,1997,5.0,1331596800
14480,1998,5.0,1351555200
14481,1999,5.0,1373414400
14482,1999,5.0,1398729600
14483,2000,5.0,1390435200
14484,2001,5.0,1317600000
14485,2002,5.0,1265846400
14486,2003,3.0,1277164800
14487,2003,5.0,1289865600
14488,2003,5.0,1280361600
14489,2004,5.0,1274659200
14490,2004,1.0,1303344000
14491,2004,5.0,1255737600
14492,2005,5.0,1252800000
14493,2005,5.0,1284681600
14494,2005,1.0,1255996800
14495,2005,1.0,1393286400
14496,2006,4.0,1360627200
14497,2007,1.0,1319673600
14498,2008,1.0,1389052800
14499,2008,3.0,1381276800
14500,2008,5.0,1374105600
14501,2008,4.0,1304640000
14502,2008,3.0,1357689600
14503,2008,4.0,1374537600
14504,2008,4.0,1349222400
14505,2009,2.0,1387324800
14506,2010,4.0,1318204800
14507,2010,1.0,1368316800
14508,2010,1.0,1241395200
14509,2010,5.0,1311552000
14510,2010,1.0,1402876800
14511,2010,5.0,1155686400
14512,2010,1.0,1298246400
14513,2010,5.0,1401840000
14514,2010,2.0,1353283200
14515,2010,4.0,1394323200
14516,2010,2.0,1332633600
14517,2010,1.0,1379030400
14518,2010,3.0,1344297600
14519,2010,4.0,1305417600
14520,2010,1.0,1403568000
14521,2010,1.0,1336089600
14522,2010,2.0,1381622400
14523,2011,5.0,1388448000
14524,2012,5.0,1344902400
14525,2013,4.0,1401062400
14526,2013,5.0,1395360000
14527,2013,5.0,1348876800
14528,2013,3.0,1324339200
14529,2013,5.0,1402876800
14530,2013,2.0,1392854400
14531,2013,4.0,1360540800
14532,2014,5.0,1133654400
14533,2014,5.0,1252713600
14534,2014,5.0,1357430400
14535,2014,5.0,1263168000
14536,2014,4.0,1184803200
14537,2014,4.0,1287619200
14538,2016,5.0,1379894400
14539,2016,5.0,1391990400
14540,2016,1.0,1403827200
14541,2016,1.0,1378598400
14542,2016,5.0,1356220800
14543,2015,5.0,1318464000
14544,2015,5.0,1300233600
14545,2015,5.0,1337040000
14546,2015,5.0,1348790400
14547,2015,5.0,1358985600
14548,2015,5.0,1390435200
14549,2015,5.0,1345420800
14550,2015,5.0,1341532800
14551,2017,5.0,1399939200
14552,2017,4.0,1371513600
14553,2019,4.0,1340150400
14554,2019,5.0,1377475200
14555,2019,4.0,1388534400
14556,2019,1.0,1341187200
14557,2019,3.0,1356912000
14558,2018,3.0,1318118400
14559,2020,5.0,1324598400
14560,2021,2.0,1275177600
14561,2022,4.0,1374796800
14562,2022,5.0,1261526400
14563,2023,1.0,1236729600
14564,2024,5.0,1402444800
14565,2024,5.0,1374969600
14566,2024,5.0,1356566400
14567,2025,4.0,1405555200
14568,2025,5.0,1405209600
14569,2025,5.0,1267833600
14570,2025,5.0,1346889600
14571,2025,5.0,1398124800
14572,2025,5.0,1403654400
14573,2025,4.0,1293235200
14574,2025,5.0,1390003200
14575,2025,5.0,1282262400
14576,2025,5.0,1379548800
14577,2025,5.0,1391126400
14578,2025,5.0,1402272000
14579,2025,5.0,1390089600
14580,2025,5.0,1387584000
14581,2025,5.0,1306368000
14582,2025,5.0,1352764800
14583,2025,5.0,1259280000
14584,2025,5.0,1322697600
14585,2025,5.0,1333843200
14586,2025,4.0,1384560000
14587,2025,5.0,1317686400
14588,2025,5.0,1353196800
14589,2025,5.0,1291939200
14590,2025,5.0,1367884800
14591,2025,1.0,1397779200
14592,2025,4.0,1360540800
14593,2025,5.0,1384992000
14594,2025,5.0,1394409600
14595,2025,5.0,1397260800
14596,2025,5.0,1352851200
14597,2025,5.0,1393891200
14598,2025,5.0,1361232000
14599,2025,5.0,1392940800
14600,2025,5.0,1285027200
14601,2025,3.0,1298332800
14602,2025,5.0,1401062400
14603,2025,5.0,1378684800
14604,2025,5.0,1330128000
14605,2025,5.0,1335398400
14606,2025,5.0,1258675200
14607,2025,5.0,1351641600
14608,2025,5.0,1335398400
14609,2025,5.0,1364688000
14610,2025,5.0,1376697600
14611,2025,5.0,1391385600
14612,2025,5.0,1359590400
14613,2025,5.0,1365897600
14614,2025,5.0,1370131200
14615,2025,5.0,1278460800
14616,2025,5.0,1360108800
14617,2025,5.0,1314489600
14618,2025,5.0,1398902400
14619,2025,5.0,1289347200
14620,2025,5.0,1371427200
14621,2025,5.0,1370131200
14622,2025,5.0,1375920000
14623,2025,5.0,1394841600
14624,2025,5.0,1309910400
14625,2025,5.0,1259539200
14626,2025,5.0,1348012800
14627,2025,1.0,1390348800
14628,2025,5.0,1384387200
14629,2025,5.0,1235260800
14630,2025,1.0,1391990400
14631,2025,5.0,1355356800
14632,2025,5.0,1323302400
14633,2025,4.0,1378080000
14634,2025,5.0,1382313600
14635,2025,4.0,1388620800
14636,2025,5.0,1283644800
14637,2025,5.0,1370217600
14638,2025,2.0,1396742400
14639,2025,5.0,1328572800
14640,2025,5.0,1279238400
14641,2025,5.0,1401667200
14642,2025,5.0,1395792000
14643,2025,5.0,1322524800
14644,2025,5.0,1343001600
14645,2025,5.0,1381104000
14646,2025,5.0,1372118400
14647,2025,5.0,1260748800
14648,2025,5.0,1374364800
14649,2025,5.0,1378252800
14650,2025,3.0,1326326400
14651,2025,5.0,1391472000
14652,2025,1.0,1402099200
14653,2025,5.0,1392422400
14654,2025,5.0,1363219200
14655,2025,5.0,1347235200
14656,2025,5.0,1364256000
14657,2025,2.0,1317772800
14658,2025,1.0,1325116800
14659,2025,4.0,1328400000
14660,2025,5.0,1368230400
14661,2025,5.0,1378512000
14662,2025,5.0,1404432000
14663,2025,5.0,1386892800
14664,2025,5.0,1362787200
14665,2025,5.0,1269734400
14666,2025,5.0,1381536000
14667,2025,5.0,1328227200
14668,2025,5.0,1360281600
14669,2025,5.0,1291939200
14670,2025,5.0,1355788800
14671,2025,5.0,1404086400
14672,2025,4.0,1385942400
14673,2025,5.0,1404259200
10271,2025,1.0,1358553600
14674,2025,5.0,1281312000
14675,2025,5.0,1378080000
14676,2025,5.0,1395187200
14677,2025,5.0,1331596800
14678,2025,5.0,1396310400
14679,2025,5.0,1382227200
14680,2025,5.0,1341100800
14681,2025,5.0,1343433600
14682,2025,2.0,1368921600
14683,2025,5.0,1308268800
14684,2025,5.0,1404086400
14685,2025,5.0,1391040000
14686,2025,5.0,1257552000
14687,2025,5.0,1326153600
14688,2025,5.0,1385337600
14689,2025,5.0,1360022400
14690,2025,5.0,1391558400
14691,2025,5.0,1364688000
14692,2025,5.0,1368403200
14693,2025,4.0,1363737600
14694,2025,5.0,1368144000
14695,2025,5.0,1379289600
14696,2025,5.0,1363478400
14697,2025,5.0,1364774400
14698,2025,4.0,1374710400
14699,2025,5.0,1354665600
14700,2025,5.0,1327104000
14701,2025,5.0,1338854400
14702,2025,5.0,1373068800
14703,2025,5.0,1390953600
14704,2025,5.0,1364428800
14705,2025,5.0,1384992000
14706,2025,5.0,1280102400
14707,2025,5.0,1368576000
14708,2025,5.0,1265846400
14709,2025,5.0,1381881600
14710,2025,5.0,1283990400
14711,2025,5.0,1371686400
14712,2025,5.0,1361318400
14713,2025,5.0,1360454400
14714,2025,5.0,1345334400
14715,2025,5.0,1365811200
14716,2025,5.0,1354579200
14717,2025,5.0,1398556800
14718,2025,5.0,1307491200
14719,2025,4.0,1380931200
14720,2026,5.0,1295827200
14721,2027,4.0,1309132800
14722,2027,1.0,1263254400
14723,2027,5.0,1315699200
14724,2027,5.0,1309305600
14725,2027,4.0,1327449600
14726,2028,5.0,1272672000
14727,2029,5.0,1370736000
14728,2029,5.0,1267833600
14729,2029,5.0,1391817600
14730,2029,5.0,1388880000
14731,2029,5.0,1382140800
14732,2029,5.0,1354060800
14733,2029,5.0,1253404800
14734,2029,5.0,1243555200
14735,2029,5.0,1346371200
14736,2029,5.0,1298764800
14737,2029,5.0,1404518400
14738,2029,5.0,1354838400
14739,2029,5.0,1396224000
14740,2029,5.0,1370476800
14741,2029,5.0,1358726400
14742,2029,5.0,1364601600
14743,2029,4.0,1267315200
14744,2029,4.0,1334448000
14745,2029,5.0,1326499200
14746,2031,5.0,1237334400
14747,2030,1.0,1386979200
14748,2030,5.0,1277856000
14749,2030,3.0,1378857600
14750,2030,4.0,1280361600
14751,2032,5.0,1378339200
14752,2032,5.0,1372291200
14753,2033,5.0,1356566400
14754,2033,5.0,1347321600
14755,2034,5.0,1369267200
14756,2035,5.0,1325980800
14757,2036,3.0,1355875200
14758,2037,5.0,1377734400
14759,2037,5.0,1376524800
14760,2037,5.0,1370908800
14761,2038,5.0,1391644800
14762,2039,5.0,1370908800
14763,2039,5.0,1331424000
14764,2039,5.0,1357171200
14765,2039,5.0,1312761600
14766,2039,5.0,1355788800
14767,2039,5.0,1396051200
14768,2039,5.0,1405036800
14769,2039,3.0,1362441600
14770,2039,5.0,1335484800
5194,2039,5.0,1374796800
14771,2039,5.0,1374451200
14772,2039,3.0,1349654400
14773,2039,5.0,1355529600
14774,2039,4.0,1284595200
14775,2039,4.0,1381968000
14776,2039,5.0,1391731200
14777,2039,4.0,1334793600
14778,2039,5.0,1401580800
14779,2039,5.0,1386460800
5641,2039,5.0,1390867200
14780,2039,5.0,1328486400
14781,2039,5.0,1393113600
14782,2039,5.0,1400889600
14783,2039,4.0,1374624000
14784,2041,5.0,1359417600
14785,2040,4.0,1387238400
14786,2042,4.0,1248048000
14787,2043,5.0,1341964800
14788,2043,2.0,1363910400
14789,2043,2.0,1323216000
14790,2043,5.0,1303344000
14791,2044,4.0,1256256000
14792,2045,5.0,1286928000
14793,2045,5.0,1332633600
14794,2046,5.0,1340323200
14795,2047,4.0,1359504000
14796,2047,5.0,1339027200
14797,2047,4.0,1304640000
14798,2047,5.0,1331510400
8788,2048,5.0,1330041600
14799,2048,1.0,1334793600
14800,2049,5.0,1335312000
14801,2049,1.0,1368057600
14802,2049,5.0,1349049600
14803,2049,5.0,1368576000
14804,2049,5.0,1384905600
14805,2049,1.0,1404086400
14806,2050,5.0,1266364800
14807,2051,5.0,1337040000
14808,2051,1.0,1358294400
14809,2052,5.0,1297814400
14810,2052,5.0,1271289600
14811,2053,5.0,1371513600
14812,2054,4.0,1405641600
14813,2054,2.0,1285545600
14814,2054,2.0,1348358400
14815,2054,4.0,1367107200
14816,2054,4.0,1383350400
14817,2054,3.0,1324425600
14818,2054,5.0,1371168000
14179,2054,5.0,1305936000
14819,2054,5.0,1312502400
14820,2054,4.0,1363737600
14821,2054,5.0,1322265600
14822,2054,5.0,1362873600
14823,2054,5.0,1349395200
14824,2054,5.0,1395273600
14825,2054,5.0,1393804800
14826,2054,5.0,1355184000
14827,2054,5.0,1337212800
14828,2054,5.0,1375228800
14829,2054,5.0,1339632000
14830,2054,3.0,1380672000
14831,2054,5.0,1339372800
14832,2054,4.0,1371859200
14833,2054,1.0,1387843200
14834,2054,4.0,1343692800
14835,2054,5.0,1312848000
14836,2054,5.0,1330732800
14837,2054,5.0,1381363200
14838,2054,5.0,1351382400
14839,2054,5.0,1313539200
14840,2054,5.0,1364083200
841,2054,4.0,1388016000
14841,2054,4.0,1328572800
14842,2054,2.0,1333497600
14843,2054,2.0,1365206400
14844,2054,5.0,1370304000
14845,2054,1.0,1389312000
14846,2054,5.0,1332374400
14847,2054,4.0,1391731200
14848,2054,5.0,1315872000
14849,2054,5.0,1359504000
14850,2054,5.0,1351555200
14851,2054,4.0,1343692800
14852,2054,5.0,1301270400
14853,2054,5.0,1356998400
14854,2054,5.0,1375488000
14855,2054,5.0,1309219200
14856,2054,5.0,1350345600
14857,2054,5.0,1360454400
14858,2054,5.0,1358553600
14859,2054,1.0,1370390400
14860,2054,4.0,1354406400
14861,2054,4.0,1403136000
14862,2054,5.0,1376611200
14863,2054,4.0,1383004800
14864,2054,4.0,1279929600
14865,2054,4.0,1386806400
14866,2054,3.0,1313280000
14867,2054,5.0,1404432000
14868,2054,5.0,1374710400
14869,2054,5.0,1303171200
14870,2054,5.0,1379721600
14871,2054,5.0,1368489600
14872,2054,5.0,1342137600
14873,2054,1.0,1364342400
14874,2054,5.0,1395273600
14875,2054,5.0,1367107200
14876,2054,5.0,1329868800
14877,2054,5.0,1379808000
14878,2054,5.0,1360713600
14879,2054,5.0,1358640000
14880,2054,5.0,1376438400
5590,2054,4.0,1281139200
14881,2054,5.0,1302220800
14882,2054,5.0,1361577600
14883,2054,5.0,1360195200
14884,2054,5.0,1370217600
14885,2054,5.0,1361836800
14886,2054,5.0,1367366400
5592,2054,5.0,1349481600
14887,2054,5.0,1388275200
14888,2054,5.0,1372550400
14889,2054,5.0,1365552000
14890,2054,4.0,1287014400
14891,2054,5.0,1335657600
14892,2054,5.0,1370995200
14893,2054,5.0,1369526400
14894,2054,5.0,1363910400
14895,2054,5.0,1371254400
14896,2054,4.0,1328140800
14897,2054,1.0,1344211200
14898,2054,5.0,1386201600
14899,2054,4.0,1363996800
14900,2054,3.0,1401926400
14901,2054,5.0,1346803200
14902,2054,5.0,1362268800
14903,2054,5.0,1334361600
14904,2054,4.0,1365984000
14905,2054,5.0,1307318400
14906,2054,5.0,1313884800
14907,2054,5.0,1284768000
14908,2054,5.0,1402876800
14909,2054,5.0,1359331200
14910,2054,5.0,1302134400
14911,2054,5.0,1362009600
14912,2054,5.0,1348012800
14913,2054,5.0,1256083200
14914,2054,5.0,1351382400
5194,2054,5.0,1342396800
14915,2054,2.0,1398816000
14916,2054,5.0,1387843200
14917,2054,5.0,1306972800
14918,2054,5.0,1334880000
14919,2054,4.0,1290556800
5602,2054,5.0,1365379200
14920,2054,1.0,1357603200
14921,2054,5.0,1355529600
14922,2054,5.0,1360972800
14923,2054,4.0,1355443200
14924,2054,5.0,1357776000
9339,2054,5.0,1365033600
14925,2054,5.0,1359936000
14926,2054,1.0,1305158400
13634,2054,5.0,1309132800
14927,2054,5.0,1343088000
14928,2054,5.0,1357084800
14929,2054,5.0,1348876800
14930,2054,5.0,1304380800
14931,2054,4.0,1365379200
2243,2054,5.0,1392336000
14932,2054,5.0,1362441600
14933,2054,3.0,1371340800
14934,2054,5.0,1397174400
14935,2054,5.0,1346716800
14936,2054,5.0,1372636800
14937,2054,5.0,1321228800
13451,2054,5.0,1319500800
14938,2054,5.0,1312156800
14939,2054,5.0,1305331200
14940,2054,5.0,1358553600
6242,2054,5.0,1311206400
14941,2054,2.0,1357516800
14942,2054,4.0,1373932800
14943,2054,5.0,1299110400
14944,2054,2.0,1378684800
14945,2054,5.0,1378771200
14946,2054,4.0,1315526400
14947,2054,5.0,1341792000
14948,2054,3.0,1272153600
14949,2054,5.0,1362441600
14950,2054,5.0,1394323200
14951,2054,3.0,1334361600
14952,2054,5.0,1295308800
14953,2054,5.0,1370304000
14954,2054,5.0,1330300800
14955,2054,4.0,1343433600
14956,2054,5.0,1321574400
14957,2054,5.0,1326499200
14958,2054,3.0,1360886400
14959,2054,5.0,1328054400
14960,2054,5.0,1363478400
14961,2054,5.0,1344124800
14962,2054,4.0,1405123200
13672,2054,5.0,1393718400
14963,2054,4.0,1375142400
2000,2054,3.0,1361232000
14964,2054,1.0,1396569600
14965,2054,4.0,1352764800
14966,2054,5.0,1357171200
14967,2054,5.0,1352419200
14968,2054,5.0,1369440000
14969,2054,2.0,1370908800
14970,2054,4.0,1378512000
14971,2054,5.0,1337385600
14972,2054,5.0,1298937600
14973,2054,3.0,1358812800
14974,2054,5.0,1381881600
14975,2054,4.0,1350691200
14976,2054,5.0,1361664000
14977,2054,5.0,1310860800
14978,2054,3.0,1359849600
14979,2054,5.0,1244332800
14980,2054,5.0,1386374400
14981,2054,4.0,1402444800
14982,2054,5.0,1402185600
14983,2054,5.0,1392768000
14984,2054,5.0,1306108800
14985,2054,5.0,1388275200
14986,2054,5.0,1347321600
14987,2054,2.0,1392508800
14988,2054,5.0,1332633600
14989,2054,5.0,1322524800
14990,2054,5.0,1358035200
14991,2054,5.0,1313971200
14992,2054,5.0,1372636800
14993,2054,5.0,1326931200
14994,2054,5.0,1289952000
14995,2054,5.0,1309478400
14996,2054,5.0,1280102400
14997,2054,4.0,1332028800
14998,2054,5.0,1357084800
14999,2054,4.0,1361491200
15000,2054,5.0,1321574400
15001,2054,5.0,1360368000
15002,2054,5.0,1396137600
15003,2054,3.0,1401408000
15004,2054,2.0,1369958400
15005,2054,5.0,1371340800
15006,2054,5.0,1271721600
15007,2054,5.0,1386115200
15008,2054,5.0,1341187200
15009,2054,5.0,1325030400
15010,2054,5.0,1297728000
15011,2054,5.0,1384732800
15012,2054,5.0,1343865600
15013,2054,5.0,1388793600
15014,2054,5.0,1375228800
15015,2054,4.0,1356566400
15016,2054,5.0,1273104000
15017,2054,5.0,1381190400
15018,2054,1.0,1400112000
15019,2054,5.0,1325721600
14794,2054,5.0,1356825600
15020,2054,5.0,1316044800
15021,2054,5.0,1368662400
15022,2054,5.0,1395878400
15023,2054,5.0,1388448000
15024,2054,1.0,1382918400
15025,2054,5.0,1328572800
15026,2054,5.0,1335312000
15027,2054,5.0,1341878400
15028,2054,5.0,1394236800
15029,2054,1.0,1378857600
15030,2054,5.0,1331337600
15031,2054,3.0,1370822400
1975,2054,5.0,1380499200
6359,2054,5.0,1350691200
15032,2054,4.0,1363219200
15033,2054,4.0,1331769600
15034,2054,5.0,1353715200
15035,2054,5.0,1332460800
10548,2054,5.0,1378857600
15036,2054,5.0,1313280000
15037,2054,5.0,1329436800
15038,2055,1.0,1363651200
15039,2056,4.0,1335484800
15040,2057,5.0,1392076800
15041,2057,5.0,1381795200
15042,2057,1.0,1382745600
15043,2059,5.0,1319414400
15044,2060,5.0,1381536000
15045,2060,2.0,1374624000
15046,2060,5.0,1389052800
15047,2060,5.0,1339027200
15048,2060,3.0,1389312000
15049,2060,5.0,1354147200
15050,2060,5.0,1365292800
15051,2060,5.0,1377475200
15052,2060,5.0,1378339200
15053,2060,5.0,1376179200
15054,2060,5.0,1357776000
15055,2060,5.0,1374105600
15056,2060,5.0,1372204800
15057,2060,5.0,1402704000
15058,2060,4.0,1404777600
15059,2060,2.0,1397520000
15060,2060,5.0,1394928000
15061,2060,4.0,1377216000
15062,2060,5.0,1382572800
15063,2060,5.0,1371427200
15064,2060,5.0,1398643200
15065,2060,2.0,1393200000
13497,2060,5.0,1363996800
15066,2060,5.0,1351814400
15067,2060,5.0,1362960000
15068,2060,5.0,1386028800
15069,2060,5.0,1377216000
15070,2060,5.0,1390521600
15071,2060,4.0,1396656000
15072,2060,1.0,1388707200
15073,2060,3.0,1386806400
15074,2060,4.0,1387411200
15075,2060,5.0,1379721600
15076,2060,5.0,1385769600
15077,2060,4.0,1359072000
15078,2060,5.0,1380672000
15079,2060,5.0,1392768000
15080,2060,5.0,1376956800
15081,2060,5.0,1389830400
15082,2060,4.0,1403568000
15083,2060,3.0,1367280000
15084,2058,5.0,1347926400
15085,2058,5.0,1393286400
8712,2061,3.0,1339113600
15086,2061,5.0,1263686400
15087,2061,4.0,1280016000
15088,2061,1.0,1314835200
15089,2061,5.0,1296691200
15090,2061,5.0,1366588800
15091,2062,5.0,1386288000
15092,2062,5.0,1270857600
15093,2063,4.0,1260403200
15094,2064,3.0,1372809600
10818,2064,2.0,1375574400
15095,2064,5.0,1361491200
15096,2064,5.0,1366243200
15097,2064,5.0,1383782400
15098,2064,5.0,1368662400
15099,2064,5.0,1380844800
15100,2064,5.0,1378080000
15101,2064,5.0,1357776000
15102,2064,3.0,1384560000
15103,2064,5.0,1365724800
15104,2064,5.0,1364601600
15093,2065,5.0,1260403200
15105,2066,5.0,1389312000
15106,2067,3.0,1261526400
15107,2068,5.0,1379289600
15108,2068,3.0,1397433600
15109,2069,5.0,1276905600
15110,2070,3.0,1380758400
15111,2070,4.0,1373500800
15112,2070,3.0,1263168000
15113,2070,3.0,1389052800
15114,2070,2.0,1264118400
15115,2070,5.0,1402531200
15116,2070,3.0,1354579200
15117,2070,1.0,1375401600
15118,2070,5.0,1370736000
15119,2070,1.0,1378166400
15120,2070,3.0,1338076800
15121,2070,5.0,1357257600
15122,2070,3.0,1393718400
15123,2070,4.0,1355270400
15124,2070,5.0,1359244800
15125,2070,4.0,1402617600
15126,2070,4.0,1265241600
15127,2070,5.0,1358985600
15128,2070,3.0,1332201600
15129,2070,5.0,1337558400
15130,2070,5.0,1398124800
15131,2070,1.0,1342137600
15132,2070,5.0,1318032000
15133,2070,2.0,1333065600
15134,2070,5.0,1362441600
15135,2070,4.0,1380585600
15136,2070,5.0,1321660800
15137,2070,2.0,1341964800
15138,2070,5.0,1319500800
15139,2070,5.0,1371168000
15140,2070,5.0,1288569600
15141,2070,4.0,1397779200
15142,2070,5.0,1253318400
15143,2070,2.0,1345161600
15144,2070,5.0,1367107200
15145,2070,5.0,1337817600
15146,2070,5.0,1349136000
15147,2070,5.0,1356307200
15148,2070,5.0,1317513600
15149,2070,2.0,1324166400
15150,2070,4.0,1283558400
15151,2070,2.0,1330560000
15152,2070,5.0,1362960000
15153,2070,5.0,1330646400
15154,2070,5.0,1332374400
15155,2070,5.0,1386892800
15156,2070,5.0,1298160000
15157,2070,5.0,1294272000
15158,2070,5.0,1393891200
15159,2070,5.0,1253836800
15160,2070,4.0,1335139200
15161,2070,5.0,1378771200
15162,2070,5.0,1353456000
15163,2070,2.0,1378512000
15164,2070,2.0,1399680000
15165,2070,2.0,1376265600
15166,2070,3.0,1354838400
15167,2070,5.0,1312588800
15168,2070,2.0,1277337600
15169,2070,1.0,1333670400
15170,2070,4.0,1309219200
15171,2070,4.0,1356307200
15172,2070,5.0,1315094400
15173,2070,5.0,1243468800
15174,2070,5.0,1366588800
15175,2070,5.0,1340928000
15176,2070,4.0,1308873600
15177,2070,5.0,1340668800
15178,2070,5.0,1334361600
15179,2070,5.0,1366934400
15180,2070,3.0,1393372800
15181,2070,4.0,1325376000
15182,2070,5.0,1309996800
15183,2070,5.0,1320019200
15184,2070,5.0,1324944000
15185,2070,5.0,1361232000
15186,2070,5.0,1357344000
15187,2070,5.0,1334361600
15188,2070,1.0,1401062400
15189,2070,1.0,1396569600
15190,2070,3.0,1344988800
15191,2070,1.0,1319846400
15192,2070,5.0,1393113600
15193,2070,4.0,1347494400
15194,2070,4.0,1313280000
15195,2070,5.0,1372550400
15196,2070,3.0,1331769600
15197,2070,5.0,1390262400
15198,2070,5.0,1341705600
15199,2070,5.0,1372377600
15200,2070,5.0,1311811200
9579,2070,2.0,1328918400
15201,2070,5.0,1379635200
15202,2070,2.0,1334880000
15203,2070,5.0,1353283200
15204,2070,5.0,1376697600
15205,2070,1.0,1395792000
15206,2070,2.0,1342051200
15207,2070,5.0,1386806400
15208,2070,4.0,1330819200
15209,2070,3.0,1364947200
15210,2070,5.0,1357776000
15211,2070,5.0,1359244800
15212,2070,1.0,1362441600
15213,2070,4.0,1336435200
15214,2070,5.0,1342915200
15215,2070,5.0,1374019200
6122,2071,5.0,1315094400
15216,2071,5.0,1389139200
15217,2071,5.0,1304294400
15218,2071,4.0,1361923200
15219,2071,5.0,1302393600
15220,2072,5.0,1296691200
15221,2072,5.0,1266710400
15222,2073,5.0,1318118400
15223,2074,5.0,1265587200
15224,2075,5.0,1375142400
15225,2075,5.0,1269475200
15226,2077,5.0,1249776000
15227,2077,3.0,1254700800
15228,2076,5.0,1312675200
15229,2078,5.0,1369094400
15230,2078,5.0,1289260800
15231,2079,5.0,1372032000
5960,2080,3.0,1257206400
15232,2081,1.0,1256169600
15233,2081,2.0,1389139200
7375,2083,1.0,1358035200
15234,2082,4.0,1363219200
15235,2082,5.0,1362182400
15236,2082,5.0,1400025600
15237,2082,1.0,1332374400
15238,2082,5.0,1361491200
15239,2082,4.0,1378339200
15240,2082,3.0,1349913600
15241,2082,5.0,1352592000
15242,2082,5.0,1403049600
15243,2082,5.0,1386806400
15244,2082,4.0,1401753600
15245,2082,5.0,1376524800
15246,2082,5.0,1394064000
15247,2082,4.0,1354147200
15248,2082,4.0,1345766400
15249,2082,5.0,1347408000
15250,2082,5.0,1375315200
15251,2082,5.0,1393027200
15252,2082,5.0,1362441600
15253,2082,5.0,1264032000
15254,2082,5.0,1377043200
15255,2082,5.0,1373932800
15256,2082,4.0,1345334400
15257,2082,5.0,1338508800
15258,2082,5.0,1359072000
15259,2082,4.0,1367020800
15260,2082,5.0,1357257600
15261,2082,2.0,1343174400
15262,2082,4.0,1381881600
15263,2082,4.0,1370131200
15264,2082,5.0,1367193600
15265,2082,5.0,1356048000
15266,2082,1.0,1370390400
15267,2082,5.0,1389830400
15268,2082,5.0,1330992000
15269,2082,5.0,1375747200
15270,2082,4.0,1362009600
15271,2082,3.0,1396224000
15272,2082,4.0,1337212800
15273,2082,5.0,1324944000
15274,2082,4.0,1343520000
15275,2082,5.0,1318896000
15276,2082,3.0,1360540800
15277,2082,4.0,1327363200
15278,2082,5.0,1400112000
15279,2082,5.0,1389225600
15280,2082,5.0,1331596800
15281,2082,4.0,1359417600
15282,2082,4.0,1396828800
15283,2084,1.0,1400025600
15284,2084,3.0,1331856000
15285,2084,1.0,1373932800
15286,2084,5.0,1311984000
15287,2084,1.0,1393027200
15288,2084,5.0,1291939200
15289,2084,1.0,1389052800
15290,2084,5.0,1365465600
15291,2084,5.0,1314316800
15292,2084,3.0,1376956800
15293,2084,3.0,1311724800
15294,2084,1.0,1389916800
15295,2084,1.0,1386806400
15296,2084,5.0,1372723200
15297,2084,1.0,1339286400
15298,2084,2.0,1322265600
15299,2084,5.0,1388102400
13926,2084,5.0,1323734400
15300,2084,5.0,1395273600
15301,2084,4.0,1346716800
15302,2084,1.0,1372982400
15303,2084,4.0,1365465600
15304,2084,3.0,1298419200
15305,2084,2.0,1314921600
15306,2084,4.0,1310515200
15307,2084,1.0,1379289600
15308,2084,4.0,1360713600
15309,2084,5.0,1383350400
15310,2084,2.0,1371081600
15311,2084,1.0,1317340800
15312,2084,1.0,1380672000
15313,2084,3.0,1357689600
15314,2084,5.0,1312156800
15315,2084,5.0,1307836800
15316,2084,1.0,1316736000
15317,2084,1.0,1392076800
15318,2084,3.0,1370908800
15319,2084,1.0,1334448000
15320,2084,5.0,1362614400
15321,2084,5.0,1401235200
15322,2084,4.0,1310860800
15323,2084,2.0,1280448000
15324,2084,4.0,1362441600
15325,2084,3.0,1367452800
15326,2084,2.0,1390003200
15327,2084,3.0,1372809600
15328,2084,1.0,1315008000
15329,2085,4.0,1357776000
15330,2086,5.0,1274918400
15331,2086,1.0,1302393600
15332,2087,1.0,1332374400
15333,2088,5.0,1304208000
15334,2088,5.0,1262044800
15335,2088,5.0,1334620800
15336,2089,5.0,1377734400
15337,2089,5.0,1344643200
15338,2089,5.0,1325030400
15339,2089,5.0,1362096000
5676,2089,4.0,1302998400
15340,2089,2.0,1355961600
15341,2089,5.0,1317686400
15342,2090,1.0,1355443200
15343,2090,4.0,1340496000
15344,2090,5.0,1383004800
15345,2090,3.0,1279238400
15346,2090,4.0,1329868800
15347,2090,5.0,1321401600
15348,2090,5.0,1378252800
15349,2090,1.0,1309046400
15350,2090,5.0,1368057600
15351,2090,2.0,1391558400
15352,2092,5.0,1368057600
15353,2092,5.0,1396310400
5440,2092,5.0,1317600000
15354,2092,4.0,1382140800
15355,2092,5.0,1298851200
15356,2092,5.0,1314057600
15357,2092,5.0,1403308800
15358,2092,5.0,1311120000
15359,2092,5.0,1314057600
15360,2092,5.0,1374710400
15361,2092,5.0,1347580800
15362,2092,5.0,1357948800
15363,2091,5.0,1244332800
15364,2093,5.0,1293753600
15365,2093,3.0,1357862400
15366,2094,4.0,1295740800
15367,2095,5.0,1352160000
15368,2095,5.0,1403740800
15369,2095,5.0,1376870400
15370,2095,1.0,1339027200
15371,2095,4.0,1387929600
15372,2095,5.0,1351555200
15373,2095,5.0,1377129600
15374,2095,3.0,1354060800
15375,2095,5.0,1401235200
15376,2095,3.0,1403913600
15377,2095,2.0,1367712000
15378,2095,5.0,1397347200
15379,2095,5.0,1392854400
15380,2095,5.0,1365552000
15381,2095,5.0,1382918400
15382,2095,5.0,1360972800
15383,2095,5.0,1377043200
15384,2095,4.0,1365552000
15385,2095,5.0,1376438400
15386,2096,1.0,1273190400
15387,2096,2.0,1242777600
15388,2096,4.0,1250035200
15389,2096,4.0,1271376000
15390,2096,4.0,1270512000
15391,2096,5.0,1259712000
9744,2100,5.0,1283212800
15392,2097,5.0,1336003200
15393,2097,5.0,1256947200
15394,2099,1.0,1299801600
15395,2099,5.0,1302652800
15396,2098,4.0,1354492800
9744,2098,5.0,1283212800
15397,2098,5.0,1329436800
15398,2101,4.0,1375920000
15399,2102,4.0,1393200000
15400,2103,5.0,1336348800
15401,2103,4.0,1383177600
15402,2103,3.0,1299110400
15403,2103,5.0,1392249600
15404,2103,2.0,1393804800
15405,2103,4.0,1368662400
15406,2103,4.0,1339459200
15407,2103,4.0,1379548800
13656,2103,5.0,1366329600
15408,2103,1.0,1360368000
15409,2103,5.0,1385164800
15410,2103,4.0,1364688000
15411,2103,5.0,1331769600
15412,2103,1.0,1379721600
15413,2103,4.0,1386374400
15414,2103,4.0,1392595200
15415,2103,3.0,1377475200
15416,2103,5.0,1380931200
15417,2103,5.0,1377734400
15418,2103,5.0,1373500800
15419,2103,5.0,1377648000
15420,2103,4.0,1363132800
15421,2103,4.0,1377043200
15422,2103,5.0,1358294400
15423,2103,2.0,1345939200
15424,2103,4.0,1361145600
15425,2103,4.0,1389312000
15426,2103,5.0,1389225600
15427,2103,5.0,1384300800
15428,2103,4.0,1332460800
15429,2103,4.0,1372032000
15430,2103,5.0,1368921600
15431,2103,5.0,1359936000
15432,2103,4.0,1403568000
15433,2103,4.0,1352073600
15434,2103,5.0,1354752000
15435,2103,4.0,1377302400
15436,2103,5.0,1373500800
15437,2103,5.0,1335830400
15438,2103,5.0,1332806400
15439,2103,5.0,1176681600
1718,2103,4.0,1368662400
15440,2103,3.0,1345939200
15441,2103,5.0,1372896000
15442,2103,1.0,1371340800
15443,2103,5.0,1352160000
15444,2103,5.0,1377993600
15445,2103,2.0,1384387200
15446,2103,1.0,1273190400
15447,2103,3.0,1304208000
15448,2103,4.0,1368057600
15449,2103,4.0,1394841600
15450,2103,5.0,1369094400
15451,2103,5.0,1335744000
15452,2103,5.0,1358899200
15453,2103,5.0,1334102400
15454,2103,4.0,1383868800
15455,2103,1.0,1271980800
15456,2103,5.0,1390262400
15457,2103,4.0,1380153600
15458,2103,5.0,1365984000
15459,2103,3.0,1363046400
15460,2103,2.0,1352246400
15461,2103,1.0,1379116800
15462,2103,5.0,1363737600
15463,2103,5.0,1368489600
15464,2103,1.0,1363910400
15465,2103,5.0,1262044800
15466,2103,5.0,1370563200
15467,2104,5.0,1254182400
2746,2104,5.0,1369008000
15468,2104,1.0,1357603200
15469,2105,1.0,1244419200
15470,2106,3.0,1273104000
15471,2106,2.0,1310083200
15472,2106,2.0,1314662400
15473,2107,5.0,1358380800
15474,2107,5.0,1307923200
15475,2107,5.0,1332979200
15476,2107,5.0,1356393600
15477,2107,4.0,1298419200
15478,2107,5.0,1404086400
15479,2107,5.0,1339113600
15480,2107,5.0,1402272000
15481,2107,5.0,1240531200
15482,2107,5.0,1291507200
15483,2107,5.0,1268524800
15484,2107,4.0,1270166400
15485,2107,4.0,1323043200
15486,2107,5.0,1350259200
15487,2107,5.0,1296864000
15488,2107,5.0,1276560000
15489,2107,4.0,1344124800
15490,2107,4.0,1279324800
15491,2108,2.0,1271289600
4571,2108,1.0,1308873600
15492,2108,5.0,1330473600
15493,2108,5.0,1301875200
15494,2108,4.0,1329868800
15495,2108,1.0,1291680000
15496,2108,5.0,1272153600
15497,2109,3.0,1364342400
15498,2109,4.0,1357171200
15499,2109,5.0,1400457600
15500,2109,3.0,1366070400
15501,2109,5.0,1382313600
15502,2109,5.0,1355443200
15503,2109,4.0,1379894400
15504,2109,1.0,1357344000
15505,2109,1.0,1355529600
15506,2109,5.0,1356048000
15507,2109,4.0,1378512000
15508,2109,4.0,1388016000
15509,2109,1.0,1367539200
15510,2109,5.0,1386720000
15511,2109,3.0,1330214400
12742,2109,2.0,1325808000
13968,2109,4.0,1364860800
15512,2109,4.0,1337385600
15513,2109,4.0,1355875200
15514,2109,2.0,1379808000
15515,2109,5.0,1380326400
15516,2109,1.0,1365120000
15517,2109,1.0,1389744000
15518,2110,2.0,1289174400
15519,2110,5.0,1378080000
15520,2110,5.0,1356048000
15521,2110,3.0,1312070400
15522,2110,5.0,1366416000
15523,2111,5.0,1382227200
15524,2112,4.0,1297382400
15525,2114,3.0,1305072000
15526,2113,5.0,1364342400
15527,2115,5.0,1372118400
15528,2115,5.0,1323216000
15529,2116,5.0,1288224000
15530,2116,3.0,1280275200
15531,2116,5.0,1387497600
15532,2116,4.0,1363564800
15533,2116,5.0,1312848000
15534,2116,5.0,1292371200
15535,2116,5.0,1404086400
15536,2116,4.0,1374969600
15537,2116,5.0,1377302400
15538,2116,5.0,1317254400
15539,2116,4.0,1364860800
15540,2116,3.0,1355184000
15541,2116,5.0,1376697600
15542,2117,5.0,1251849600
15543,2118,1.0,1258848000
15544,2118,3.0,1283040000
15545,2122,1.0,1392336000
15546,2122,4.0,1358121600
15547,2122,3.0,1319414400
15548,2122,5.0,1400630400
15549,2122,5.0,1376784000
15550,2122,3.0,1316476800
15551,2122,5.0,1363996800
15552,2122,5.0,1397433600
15553,2122,5.0,1336608000
15554,2122,3.0,1402012800
15555,2122,4.0,1403913600
15556,2122,5.0,1389830400
15557,2120,5.0,1373068800
15558,2120,5.0,1370822400
15559,2120,5.0,1362528000
15560,2120,3.0,1395705600
15561,2120,3.0,1363737600
3004,2120,4.0,1303516800
3011,2120,4.0,1403481600
15562,2120,5.0,1373673600
15563,2120,4.0,1294272000
15564,2120,3.0,1403481600
15565,2120,4.0,1389312000
15566,2120,4.0,1318464000
15567,2120,5.0,1369180800
15568,2120,5.0,1346284800
15569,2120,5.0,1390435200
15570,2120,5.0,1254268800
15571,2120,5.0,1382313600
15572,2120,1.0,1354233600
15573,2120,5.0,1404345600
15574,2120,5.0,1314230400
15575,2120,5.0,1293840000
15576,2120,5.0,1379030400
15577,2120,5.0,1339977600
15578,2119,5.0,1390953600
15579,2119,5.0,1400112000
7311,2119,5.0,1390953600
15580,2121,5.0,1328486400
15581,2121,5.0,1308787200
15582,2121,3.0,1372291200
15583,2121,3.0,1320278400
15584,2121,4.0,1290643200
15585,2123,5.0,1292889600
15586,2123,3.0,1328572800
15587,2123,5.0,1314489600
15588,2123,5.0,1300579200
15589,2124,4.0,1392940800
15590,2124,2.0,1294704000
15591,2124,5.0,1334534400
15592,2124,2.0,1391990400
15593,2124,1.0,1221091200
15594,2124,5.0,1189555200
15595,2125,4.0,1240444800
15596,2125,5.0,1368835200
15597,2126,4.0,1288137600
15598,2126,5.0,1334188800
15599,2126,5.0,1258070400
15600,2126,5.0,1355702400
15601,2128,5.0,1373068800
15602,2128,5.0,1323734400
15603,2128,5.0,1307836800
15604,2127,2.0,1360368000
15605,2127,1.0,1285459200
15606,2127,1.0,1342051200
15607,2127,5.0,1375833600
15608,2127,5.0,1348790400
15609,2127,5.0,1369958400
15610,2127,1.0,1356912000
15611,2127,4.0,1311465600
15612,2127,4.0,1366416000
15613,2127,1.0,1362700800
15614,2129,5.0,1255392000
15615,2130,5.0,1272499200
15616,2130,5.0,1303171200
15617,2130,5.0,1286150400
15618,2130,5.0,1296000000
15619,2131,1.0,1329004800
15620,2131,1.0,1314057600
15621,2132,5.0,1370304000
15622,2133,3.0,1361836800
15623,2133,4.0,1398211200
15624,2133,2.0,1339632000
15625,2133,3.0,1307145600
15626,2133,5.0,1389225600
15627,2133,5.0,1307318400
15628,2133,4.0,1378425600
15629,2133,5.0,1266105600
15630,2133,2.0,1297036800
15631,2133,5.0,1314748800
15632,2133,4.0,1401235200
15633,2133,4.0,1295827200
15634,2133,5.0,1397088000
15635,2133,5.0,1384300800
15636,2133,4.0,1363737600
15637,2133,4.0,1388966400
15638,2133,5.0,1284595200
15639,2136,4.0,1348876800
15640,2136,5.0,1397433600
15641,2136,5.0,1293408000
15642,2134,1.0,1307664000
15643,2134,1.0,1276732800
15644,2135,5.0,1362873600
15645,2137,1.0,1255219200
15646,2138,5.0,1370217600
15647,2138,4.0,1367971200
15648,2138,5.0,1369526400
15649,2138,4.0,1369699200
15650,2138,5.0,1366588800
15651,2138,5.0,1365206400
15652,2138,5.0,1369008000
15653,2138,5.0,1364256000
15654,2138,1.0,1388016000
15655,2138,5.0,1383609600
15656,2138,2.0,1335139200
15657,2138,5.0,1384473600
15658,2138,5.0,1330560000
15659,2138,5.0,1311465600
15660,2138,5.0,1373500800
15661,2138,5.0,1305158400
15662,2138,5.0,1321574400
15663,2138,4.0,1377648000
15664,2138,4.0,1346025600
15665,2138,5.0,1327968000
15666,2138,5.0,1360454400
15667,2138,5.0,1352764800
15668,2138,5.0,1363132800
15669,2138,4.0,1399680000
15670,2138,4.0,1334880000
15671,2138,5.0,1342915200
15672,2138,5.0,1349654400
15673,2138,4.0,1374364800
15674,2138,5.0,1311552000
15675,2138,5.0,1328227200
15676,2138,1.0,1342742400
15677,2138,5.0,1305417600
843,2138,4.0,1374969600
15678,2138,5.0,1374796800
15679,2138,5.0,1297728000
15680,2138,5.0,1329350400
15681,2138,3.0,1363824000
15682,2138,5.0,1312502400
15683,2138,5.0,1385596800
15684,2138,5.0,1334102400
15685,2138,5.0,1392768000
15686,2138,4.0,1357516800
15687,2138,5.0,1391990400
15688,2138,5.0,1377907200
15689,2138,5.0,1379462400
15690,2138,1.0,1394323200
15691,2138,5.0,1296604800
15692,2138,5.0,1307059200
15693,2138,5.0,1306454400
15694,2138,5.0,1363132800
15695,2138,5.0,1332892800
15696,2138,5.0,1355702400
15697,2138,4.0,1375056000
15698,2138,5.0,1385424000
15699,2138,5.0,1325116800
8775,2138,5.0,1353715200
15700,2138,5.0,1326499200
15701,2138,4.0,1384992000
15702,2138,5.0,1342051200
15703,2138,5.0,1290729600
15704,2138,5.0,1313884800
15705,2138,4.0,1307404800
15706,2138,4.0,1339632000
15707,2138,5.0,1392595200
15708,2138,5.0,1363910400
15709,2138,1.0,1331337600
15710,2138,5.0,1306195200
15711,2138,5.0,1371254400
15712,2138,5.0,1328140800
15713,2138,5.0,1373932800
15714,2138,5.0,1373673600
15715,2138,5.0,1331856000
15716,2138,5.0,1350691200
15717,2138,5.0,1361145600
15718,2138,4.0,1321747200
15719,2138,5.0,1308355200
15720,2138,4.0,1360368000
15721,2138,3.0,1333065600
15722,2138,5.0,1360022400
15723,2138,5.0,1348790400
15724,2138,5.0,1297814400
15725,2138,5.0,1392163200
15726,2138,1.0,1344038400
15727,2138,5.0,1337126400
15728,2138,5.0,1300320000
15729,2138,5.0,1332374400
15730,2138,5.0,1311724800
15731,2138,5.0,1309478400
15732,2138,2.0,1365552000
15733,2138,5.0,1354320000
15734,2138,5.0,1341360000
15735,2138,5.0,1361836800
15736,2138,5.0,1358726400
15737,2138,4.0,1302566400
15738,2138,4.0,1359244800
15739,2138,4.0,1346025600
15740,2138,3.0,1385078400
15741,2138,4.0,1362960000
15742,2138,5.0,1357689600
15743,2138,5.0,1381276800
15744,2138,5.0,1331337600
15745,2138,2.0,1377993600
15746,2138,5.0,1329177600
15747,2138,5.0,1341100800
15748,2138,5.0,1302048000
15749,2138,5.0,1357257600
15750,2138,5.0,1376092800
15751,2138,5.0,1292457600
15752,2138,5.0,1327276800
15753,2138,4.0,1393718400
15754,2138,5.0,1362873600
15755,2138,5.0,1308009600
15756,2138,5.0,1392940800
15757,2138,4.0,1313798400
15758,2138,1.0,1397692800
15759,2138,5.0,1304294400
15760,2138,3.0,1383609600
15761,2138,5.0,1305331200
15762,2138,5.0,1301011200
15763,2138,5.0,1334188800
15764,2138,4.0,1385856000
15765,2138,4.0,1394582400
15766,2138,5.0,1300665600
15767,2138,5.0,1364688000
15768,2138,5.0,1353369600
15769,2138,5.0,1356220800
15770,2138,5.0,1364860800
15771,2138,5.0,1328745600
15772,2138,3.0,1339632000
15773,2138,5.0,1348012800
15774,2138,5.0,1354838400
15775,2138,5.0,1311120000
15776,2138,5.0,1384300800
15777,2138,4.0,1303862400
15778,2138,5.0,1389830400
15779,2138,5.0,1359676800
15780,2138,5.0,1358640000
15781,2138,2.0,1363910400
15782,2138,5.0,1333152000
15783,2138,5.0,1401926400
15784,2138,5.0,1328572800
15785,2138,4.0,1349568000
15786,2138,5.0,1353283200
15787,2138,5.0,1323734400
15788,2138,4.0,1331596800
15789,2138,5.0,1326326400
15790,2138,4.0,1392595200
15791,2138,5.0,1353283200
15792,2138,1.0,1390435200
15793,2138,4.0,1374105600
15794,2138,5.0,1327795200
15795,2138,3.0,1362268800
15796,2138,1.0,1344384000
15797,2138,4.0,1331510400
15798,2138,5.0,1396224000
15799,2138,5.0,1387411200
15800,2138,4.0,1393545600
15801,2138,5.0,1356048000
15802,2138,4.0,1377820800
15803,2138,5.0,1335225600
15804,2138,2.0,1353024000
15805,2138,5.0,1324857600
15806,2138,5.0,1301011200
15807,2138,5.0,1360540800
15808,2138,4.0,1343260800
15809,2138,4.0,1291334400
15810,2138,5.0,1315872000
15811,2138,5.0,1354752000
15812,2138,5.0,1324771200
15813,2138,4.0,1322179200
15814,2138,5.0,1377216000
15815,2138,5.0,1305849600
15816,2138,4.0,1316131200
15817,2138,4.0,1332460800
15818,2138,3.0,1315440000
15819,2138,5.0,1362441600
15820,2138,5.0,1362787200
15821,2138,5.0,1308009600
15822,2138,5.0,1308355200
15823,2138,5.0,1373846400
15824,2138,2.0,1381708800
15825,2138,5.0,1392768000
15826,2138,1.0,1351468800
15827,2138,5.0,1330905600
15828,2138,5.0,1302739200
15829,2138,4.0,1386547200
15830,2138,4.0,1357603200
15831,2138,2.0,1387324800
15832,2138,5.0,1358899200
15833,2138,5.0,1314921600
15834,2138,1.0,1377907200
15835,2138,5.0,1316476800
15836,2138,3.0,1385942400
15837,2138,5.0,1379635200
15838,2138,5.0,1380758400
15839,2138,5.0,1282694400
15840,2138,3.0,1331596800
15841,2138,5.0,1334016000
15842,2138,4.0,1354320000
15843,2138,5.0,1353801600
15844,2138,5.0,1392940800
15845,2138,5.0,1360281600
15846,2138,5.0,1360108800
15847,2138,1.0,1367971200
15848,2138,5.0,1278892800
15849,2138,3.0,1364256000
15850,2138,5.0,1345161600
15851,2138,4.0,1323734400
15852,2138,5.0,1344470400
15853,2138,2.0,1365638400
15854,2138,5.0,1309132800
15855,2138,3.0,1397520000
15856,2138,4.0,1386201600
15857,2138,4.0,1382918400
15858,2138,2.0,1303776000
15859,2138,4.0,1306368000
15860,2138,4.0,1373760000
15861,2138,5.0,1382659200
15862,2138,4.0,1362096000
15863,2138,4.0,1309219200
15864,2138,4.0,1307923200
15865,2140,5.0,1380931200
15866,2139,4.0,1386201600
15867,2139,4.0,1382227200
15868,2139,1.0,1401926400
15869,2141,4.0,1370822400
15870,2141,4.0,1308528000
15871,2142,5.0,1386028800
15872,2142,5.0,1333324800
15873,2142,5.0,1357257600
15874,2142,5.0,1363910400
15875,2143,5.0,1294531200
15876,2144,3.0,1364428800
15877,2144,4.0,1395619200
15878,2144,5.0,1319673600
15879,2144,2.0,1338768000
15880,2144,5.0,1293148800
15881,2144,2.0,1328140800
2610,2144,5.0,1355788800
15882,2145,5.0,1374710400
15883,2146,5.0,1379635200
15884,2147,1.0,1363219200
15885,2147,4.0,1375056000
15886,2147,3.0,1353801600
15887,2147,5.0,1356048000
15888,2147,3.0,1304640000
15889,2147,1.0,1321747200
13098,2148,5.0,1324080000
15890,2149,4.0,1388448000
15891,2149,5.0,1361577600
15892,2149,5.0,1362441600
15893,2150,2.0,1258502400
15894,2151,2.0,1328659200
15895,2152,5.0,1257897600
15896,2152,5.0,1306022400
15897,2153,4.0,1278720000
15898,2154,5.0,1385510400
15899,2155,5.0,1282608000
15900,2155,5.0,1365897600
8534,2156,4.0,1294704000
15901,2156,5.0,1321315200
15902,2156,3.0,1328054400
15903,2157,5.0,1269388800
15904,2157,5.0,1383004800
15905,2158,5.0,1326153600
15906,2159,5.0,1284249600
15907,2160,5.0,1349740800
15908,2160,3.0,1384905600
15909,2160,5.0,1393113600
15910,2160,5.0,1398902400
15911,2161,3.0,1340496000
15912,2162,5.0,1403654400
10743,2163,5.0,1271808000
15913,2163,5.0,1376179200
15914,2163,5.0,1401408000
15915,2164,5.0,1405987200
15916,2164,1.0,1395100800
15917,2164,3.0,1353974400
15918,2165,2.0,1300492800
15919,2165,5.0,1380585600
15920,2166,3.0,1294444800
15921,2166,3.0,1296604800
15922,2167,5.0,1281225600
15923,2168,5.0,1325980800
15924,2168,5.0,1350259200
15925,2169,3.0,1350864000
15926,2169,4.0,1398384000
15927,2169,4.0,1288396800
15928,2169,5.0,1372723200
15929,2169,4.0,1327968000
15930,2169,3.0,1367452800
15931,2169,5.0,1326931200
15932,2169,3.0,1379808000
15933,2169,1.0,1294444800
15934,2169,3.0,1286323200
15935,2169,5.0,1264464000
15936,2169,3.0,1366243200
15937,2169,5.0,1268697600
15938,2169,4.0,1374364800
15939,2170,4.0,1278288000
15940,2171,2.0,1266537600
15941,2172,1.0,1386115200
15942,2172,2.0,1299110400
15943,2172,1.0,1364774400
15944,2172,1.0,1376524800
15945,2173,5.0,1362700800
15946,2173,5.0,1385251200
15947,2173,5.0,1322179200
15948,2173,5.0,1369008000
15949,2173,5.0,1398297600
15950,2173,5.0,1366934400
15951,2174,5.0,1291766400
15952,2175,1.0,1293840000
15953,2177,4.0,1378771200
15954,2176,5.0,1262908800
15955,2178,4.0,1297728000
15956,2179,5.0,1369785600
15957,2180,5.0,1334016000
15958,2180,5.0,1312243200
15959,2180,5.0,1266364800
15960,2180,1.0,1354579200
15961,2180,5.0,1327190400
15962,2181,5.0,1314403200
15963,2181,4.0,1339113600
15964,2182,1.0,1366588800
15965,2183,5.0,1318377600
15966,2184,5.0,1344211200
13862,2184,5.0,1362528000
15967,2184,5.0,1403136000
15968,2185,5.0,1355875200
15969,2186,5.0,1376179200
15970,2186,4.0,1269388800
15971,2187,2.0,1350777600
15972,2188,5.0,1357344000
15973,2188,5.0,1364774400
15974,2188,5.0,1372896000
15975,2188,5.0,1363478400
10140,2189,5.0,1389312000
15976,2190,5.0,1355616000
15977,2191,5.0,1358294400
15978,2191,5.0,1363996800
15979,2191,5.0,1394064000
15980,2191,5.0,1361836800
15981,2191,4.0,1381104000
15982,2191,5.0,1363910400
15983,2191,5.0,1402272000
15984,2191,4.0,1387497600
15985,2191,5.0,1402185600
15986,2191,5.0,1391731200
15987,2191,4.0,1391731200
15988,2191,1.0,1343865600
15989,2191,5.0,1370131200
15990,2191,5.0,1375315200
15991,2191,5.0,1391731200
15992,2191,4.0,1365811200
15993,2191,5.0,1386115200
15994,2191,5.0,1365638400
15995,2191,5.0,1386892800
15996,2191,5.0,1351641600
15997,2191,5.0,1347321600
15998,2191,5.0,1403136000
15999,2191,5.0,1388448000
5917,2191,5.0,1360022400
899,2191,4.0,1402358400
16000,2191,5.0,1378512000
16001,2191,5.0,1377993600
16002,2191,5.0,1391385600
16003,2191,5.0,1360972800
16004,2191,5.0,1371168000
16005,2191,5.0,1377734400
16006,2191,5.0,1360022400
16007,2191,5.0,1305417600
16008,2191,5.0,1391558400
16009,2191,4.0,1338854400
16010,2191,5.0,1373932800
16011,2191,5.0,1386806400
16012,2191,5.0,1399507200
16013,2191,4.0,1368835200
16014,2191,5.0,1379548800
16015,2191,5.0,1329004800
16016,2191,5.0,1399852800
16017,2191,5.0,1390176000
16018,2191,4.0,1301184000
16019,2191,5.0,1389830400
16020,2191,5.0,1370649600
16021,2191,5.0,1327881600
16022,2191,5.0,1357344000
16023,2191,5.0,1389657600
16024,2191,5.0,1341792000
16025,2192,4.0,1333584000
16026,2192,5.0,1336694400
16027,2193,5.0,1266883200
16028,2193,5.0,1322179200
10689,2193,5.0,1315353600
16029,2193,4.0,1359849600
16030,2193,5.0,1281657600
16031,2194,1.0,1354924800
16032,2194,5.0,1338508800
16033,2194,5.0,1320969600
16034,2194,5.0,1392422400
16035,2194,5.0,1298678400
16036,2195,5.0,1388188800
16037,2195,5.0,1398643200
16038,2196,5.0,1373500800
16039,2196,4.0,1284508800
16040,2196,4.0,1309046400
16041,2197,5.0,1276732800
16042,2197,5.0,1268265600
16043,2197,5.0,1260403200
16044,2198,5.0,1405468800
16045,2198,5.0,1405382400
16046,2198,5.0,1354752000
16047,2198,5.0,1395619200
16048,2198,5.0,1400630400
16049,2198,1.0,1335916800
16050,2198,5.0,1376352000
16051,2198,5.0,1380758400
16052,2198,5.0,1387756800
16053,2198,5.0,1367971200
16054,2198,4.0,1350950400
16055,2198,5.0,1346112000
16056,2198,5.0,1383091200
16057,2198,1.0,1404950400
16058,2198,5.0,1395446400
16059,2198,5.0,1349913600
16060,2198,5.0,1340755200
16061,2198,5.0,1390003200
16062,2198,1.0,1398211200
16063,2198,5.0,1359504000
16064,2198,4.0,1361836800
16065,2198,1.0,1338940800
16066,2198,1.0,1391126400
16067,2198,5.0,1389052800
16068,2198,5.0,1379289600
16069,2198,5.0,1392854400
16070,2198,5.0,1356220800
16071,2198,5.0,1405036800
16072,2198,5.0,1383091200
16073,2198,1.0,1390089600
16074,2198,1.0,1358294400
16075,2198,4.0,1389225600
16076,2198,5.0,1343692800
16077,2198,2.0,1393545600
16078,2198,5.0,1374105600
16079,2198,1.0,1363305600
16080,2198,5.0,1403222400
16081,2198,3.0,1384819200
16082,2198,1.0,1397174400
16083,2198,5.0,1379548800
16084,2198,5.0,1380931200
15433,2198,5.0,1379635200
16085,2198,3.0,1403222400
16086,2198,5.0,1360886400
16087,2198,4.0,1359590400
16088,2198,3.0,1396483200
16089,2198,5.0,1368835200
16090,2198,5.0,1389657600
16091,2198,5.0,1389052800
16092,2198,5.0,1356652800
16093,2198,5.0,1364515200
16094,2198,2.0,1339545600
16095,2198,5.0,1357171200
16096,2198,5.0,1355616000
16097,2198,5.0,1342396800
16098,2198,5.0,1396137600
16099,2198,4.0,1370995200
16100,2198,5.0,1363046400
16101,2198,5.0,1357257600
16102,2198,5.0,1378080000
16103,2198,5.0,1371859200
16104,2198,5.0,1404172800
16105,2198,5.0,1297641600
16106,2198,4.0,1384732800
16107,2198,5.0,1376956800
16108,2198,5.0,1400544000
2381,2198,3.0,1354838400
16109,2198,4.0,1363564800
16110,2198,5.0,1319846400
16111,2198,4.0,1360108800
16112,2198,5.0,1394841600
16113,2198,5.0,1375315200
16114,2198,3.0,1364947200
16115,2198,5.0,1376265600
16116,2198,5.0,1375315200
16117,2198,5.0,1372291200
16118,2198,4.0,1337126400
16119,2198,5.0,1369267200
16120,2198,4.0,1349913600
16121,2198,5.0,1361404800
16122,2198,1.0,1400457600
16123,2199,1.0,1335312000
16124,2199,5.0,1359072000
1575,2200,5.0,1262563200
16125,2200,2.0,1261008000
16126,2200,3.0,1315267200
16127,2200,1.0,1278115200
16128,2200,2.0,1287014400
16129,2200,5.0,1332460800
16130,2200,1.0,1315180800
16131,2201,1.0,1303344000
16132,2202,5.0,1402531200
16133,2202,5.0,1370736000
16134,2202,5.0,1245196800
16135,2203,1.0,1340496000
16136,2203,5.0,1371081600
16137,2203,5.0,1399420800
16138,2203,5.0,1338854400
16139,2203,5.0,1336176000
16140,2204,2.0,1259798400
16141,2204,3.0,1386547200
2929,2205,5.0,1294185600
16142,2205,5.0,1404432000
16143,2205,1.0,1323129600
16144,2205,2.0,1259539200
16145,2205,5.0,1285113600
16146,2205,4.0,1336867200
16147,2205,5.0,1257379200
16148,2205,3.0,1329696000
16149,2205,1.0,1353369600
16150,2205,5.0,1255478400
16151,2205,5.0,1311465600
16152,2205,4.0,1276992000
16153,2205,5.0,1279497600
16154,2205,2.0,1316736000
16155,2205,5.0,1310860800
16156,2205,5.0,1395619200
16157,2205,5.0,1356912000
16158,2205,5.0,1335744000
16159,2205,5.0,1299974400
16160,2205,4.0,1265155200
16161,2205,3.0,1355616000
16162,2205,3.0,1357689600
16163,2205,5.0,1360886400
16164,2205,4.0,1325635200
16165,2205,1.0,1361750400
16166,2205,3.0,1355011200
16167,2205,2.0,1337644800
16168,2205,1.0,1306108800
16169,2205,5.0,1285459200
16170,2206,5.0,1376611200
16171,2207,5.0,1351296000
16172,2207,5.0,1350950400
16173,2208,5.0,1257465600
16174,2208,5.0,1311984000
16175,2208,5.0,1378339200
16176,2208,4.0,1332806400
16177,2208,4.0,1322265600
16178,2209,5.0,1389052800
16179,2210,1.0,1364947200
16180,2210,4.0,1371254400
16181,2210,5.0,1384300800
16182,2210,5.0,1361145600
16183,2210,5.0,1386288000
16184,2210,4.0,1399248000
16185,2211,5.0,1364083200
16186,2212,5.0,1387843200
16187,2212,4.0,1368144000
16188,2213,4.0,1299024000
16189,2214,5.0,1317254400
16190,2215,2.0,1285804800
16191,2215,4.0,1286150400
16192,2215,5.0,1308960000
16193,2216,3.0,1274832000
16194,2217,5.0,1264982400
16195,2218,4.0,1405036800
16196,2218,5.0,1391385600
16197,2218,4.0,1364256000
16198,2218,5.0,1389225600
16199,2218,2.0,1367280000
16200,2218,5.0,1384992000
16201,2218,5.0,1362355200
16202,2218,5.0,1357603200
16203,2218,5.0,1381017600
16204,2218,5.0,1373414400
16205,2218,5.0,1369267200
16206,2218,5.0,1385078400
16207,2218,4.0,1349308800
16208,2218,5.0,1403568000
16209,2218,5.0,1401408000
16210,2218,5.0,1364428800
16211,2218,5.0,1381190400
16212,2218,5.0,1388534400
16213,2218,5.0,1392076800
16214,2218,3.0,1386201600
16215,2218,5.0,1391990400
16216,2218,4.0,1387843200
16217,2218,5.0,1404864000
14017,2218,5.0,1384300800
16218,2218,5.0,1381276800
16219,2218,5.0,1353801600
16220,2218,5.0,1357776000
16221,2218,5.0,1356566400
16222,2218,5.0,1398124800
16223,2221,1.0,1256515200
16224,2219,1.0,1310169600
16225,2219,3.0,1260489600
16226,2219,1.0,1269820800
16227,2219,4.0,1264982400
16228,2220,4.0,1252972800
16229,2220,5.0,1261008000
16230,2222,2.0,1271203200
16231,2223,5.0,1308528000
16232,2224,1.0,1391817600
16233,2224,3.0,1398902400
16234,2224,5.0,1374019200
16235,2224,5.0,1378512000
16236,2224,4.0,1402185600
16237,2224,3.0,1380585600
16238,2224,2.0,1394755200
16239,2224,5.0,1365811200
16240,2224,3.0,1369353600
16241,2224,5.0,1398297600
16242,2224,4.0,1401494400
16243,2224,5.0,1366070400
16244,2224,1.0,1403740800
16245,2224,3.0,1398643200
16246,2224,5.0,1389916800
16247,2224,1.0,1349308800
16248,2224,1.0,1363737600
16249,2224,2.0,1376352000
16250,2224,5.0,1384992000
8657,2224,2.0,1337558400
16251,2224,4.0,1370217600
16252,2224,1.0,1394496000
16253,2224,4.0,1373414400
16254,2224,5.0,1401753600
16255,2224,4.0,1403654400
16256,2224,1.0,1382313600
16257,2224,4.0,1402358400
16258,2224,2.0,1359331200
16259,2224,5.0,1395360000
16260,2224,4.0,1401321600
16261,2224,1.0,1351814400
16262,2224,5.0,1404604800
16263,2224,4.0,1397606400
16264,2224,5.0,1393286400
16265,2224,5.0,1346457600
16266,2224,5.0,1402531200
16267,2224,5.0,1360281600
16268,2224,5.0,1280188800
16269,2224,4.0,1354233600
16270,2224,5.0,1348876800
16271,2224,1.0,1375056000
16272,2224,4.0,1329436800
16273,2224,5.0,1343433600
16274,2224,1.0,1385510400
16275,2224,4.0,1403481600
16276,2224,5.0,1365724800
16277,2224,1.0,1373068800
16278,2224,3.0,1389830400
16279,2224,5.0,1392422400
16280,2224,2.0,1401148800
16281,2224,3.0,1394496000
16282,2224,1.0,1347926400
16283,2224,2.0,1381190400
16284,2224,5.0,1396224000
16285,2224,4.0,1343433600
16286,2224,4.0,1353456000
16287,2224,1.0,1397433600
16288,2224,5.0,1381622400
16289,2224,5.0,1390003200
16290,2224,3.0,1365206400
16291,2224,5.0,1393632000
16292,2224,1.0,1285027200
16293,2224,1.0,1373414400
16294,2224,5.0,1390176000
16295,2224,3.0,1396137600
16296,2224,3.0,1350172800
16297,2224,2.0,1384819200
16298,2224,1.0,1401062400
16299,2224,3.0,1396310400
16300,2224,5.0,1377734400
16301,2224,4.0,1360627200
16302,2224,1.0,1391990400
16303,2224,5.0,1389139200
16304,2224,5.0,1362787200
16305,2224,4.0,1384992000
16306,2224,3.0,1390348800
16307,2224,5.0,1402099200
16308,2224,5.0,1355875200
16309,2224,5.0,1400371200
16310,2224,5.0,1404604800
16311,2224,5.0,1395187200
16312,2224,5.0,1393113600
16313,2224,2.0,1392508800
16314,2224,4.0,1369872000
16315,2224,1.0,1347494400
16316,2224,3.0,1372032000
16317,2224,5.0,1404172800
16318,2224,5.0,1364860800
16319,2224,5.0,1404000000
16320,2224,3.0,1399420800
16321,2224,1.0,1404691200
16322,2224,5.0,1352505600
16323,2224,5.0,1357776000
6183,2224,4.0,1368144000
16324,2224,4.0,1403395200
16325,2224,5.0,1396310400
3062,2224,4.0,1400976000
16326,2224,5.0,1368576000
16327,2224,5.0,1402790400
16328,2224,3.0,1389571200
16329,2224,2.0,1400457600
16330,2224,5.0,1390262400
16331,2224,3.0,1393027200
16332,2224,2.0,1367366400
16333,2224,5.0,1361491200
16334,2224,1.0,1376956800
16335,2224,5.0,1394496000
16336,2224,3.0,1399593600
16337,2224,1.0,1398902400
16338,2224,2.0,1395273600
16339,2224,5.0,1389225600
16340,2224,5.0,1402876800
16341,2224,4.0,1402704000
16342,2224,1.0,1397779200
16343,2224,2.0,1388275200
16344,2224,4.0,1396224000
16345,2224,5.0,1336435200
16346,2224,5.0,1342224000
16347,2224,5.0,1387152000
16348,2224,3.0,1393027200
16349,2224,5.0,1397347200
16350,2224,5.0,1403481600
16351,2224,1.0,1403827200
16352,2224,5.0,1401667200
16353,2224,4.0,1346630400
16354,2224,3.0,1377475200
16355,2224,2.0,1393545600
16356,2224,5.0,1332201600
16357,2224,5.0,1396569600
16358,2224,3.0,1404518400
16359,2224,4.0,1312675200
16360,2224,2.0,1379462400
16361,2224,5.0,1347580800
16362,2224,5.0,1364169600
11205,2224,4.0,1362268800
16363,2224,4.0,1395360000
16364,2224,3.0,1378684800
16365,2224,3.0,1373155200
16366,2224,5.0,1370217600
16367,2224,2.0,1376870400
16368,2224,1.0,1392422400
16369,2224,3.0,1396828800
16370,2224,3.0,1372809600
16371,2224,5.0,1394496000
16372,2224,3.0,1379116800
16373,2224,2.0,1405036800
16374,2224,4.0,1372636800
16375,2224,4.0,1373760000
16376,2224,4.0,1378771200
16377,2224,3.0,1374537600
16378,2224,4.0,1369958400
16379,2224,4.0,1388793600
5266,2224,3.0,1368662400
16380,2224,4.0,1372204800
16381,2224,1.0,1397260800
16382,2224,4.0,1390262400
16383,2224,5.0,1339027200
16384,2224,3.0,1365379200
16385,2224,5.0,1365206400
16386,2224,2.0,1347580800
16387,2224,5.0,1374537600
16388,2224,5.0,1402444800
16389,2224,5.0,1385683200
16390,2224,5.0,1392336000
16391,2224,2.0,1388966400
16392,2224,5.0,1373241600
16393,2224,5.0,1369267200
16394,2224,3.0,1391990400
5299,2224,4.0,1394668800
16395,2224,4.0,1382659200
16396,2224,5.0,1320537600
16397,2224,5.0,1382054400
16398,2224,3.0,1403740800
16399,2224,4.0,1363910400
16400,2224,5.0,1402272000
16401,2224,5.0,1365120000
16402,2224,2.0,1401753600
16403,2224,5.0,1401667200
16404,2224,1.0,1404864000
16405,2224,5.0,1355875200
16406,2224,1.0,1374969600
16407,2224,5.0,1344211200
16408,2224,1.0,1380153600
16409,2224,4.0,1391644800
16410,2224,3.0,1371168000
16411,2224,3.0,1399593600
16412,2224,2.0,1388361600
16413,2224,5.0,1339545600
16414,2224,3.0,1347408000
16415,2224,5.0,1400716800
16416,2224,5.0,1404691200
16417,2224,5.0,1372118400
16418,2224,5.0,1403222400
16419,2224,5.0,1348099200
16420,2224,3.0,1400112000
16421,2224,5.0,1358985600
16422,2224,5.0,1404086400
16423,2224,1.0,1381881600
16424,2224,1.0,1360454400
16425,2224,5.0,1355702400
16426,2224,5.0,1378684800
16427,2224,2.0,1375401600
16428,2224,4.0,1385510400
16429,2224,3.0,1394496000
16430,2224,4.0,1366329600
16431,2224,1.0,1395532800
16432,2225,2.0,1397088000
16433,2225,5.0,1378166400
16434,2226,5.0,1282089600
16435,2228,1.0,1351468800
16436,2227,5.0,1357776000
16437,2227,5.0,1354752000
16438,2229,5.0,1275868800
16439,2230,5.0,1350000000
16440,2231,5.0,1402876800
16441,2232,3.0,1390953600
16442,2233,2.0,1264291200
16443,2233,4.0,1266278400
16444,2233,3.0,1274400000
16445,2233,2.0,1259971200
16446,2233,1.0,1275696000
16447,2234,5.0,1363910400
16448,2234,1.0,1396569600
16449,2234,3.0,1379030400
16450,2234,5.0,1300665600
16451,2234,1.0,1390953600
16452,2235,4.0,1353628800
16453,2235,5.0,1359849600
16454,2235,5.0,1329177600
16455,2235,2.0,1322611200
16456,2235,4.0,1346803200
16457,2235,5.0,1337817600
16458,2235,5.0,1358035200
16459,2235,5.0,1341532800
16460,2235,4.0,1355356800
16461,2235,5.0,1356825600
16462,2235,1.0,1378080000
16463,2235,4.0,1335139200
16464,2235,4.0,1334707200
16465,2235,5.0,1323388800
16466,2235,3.0,1338163200
16467,2235,4.0,1323388800
16468,2235,4.0,1341705600
16469,2235,4.0,1360627200
16470,2235,4.0,1365206400
16471,2235,4.0,1354579200
16472,2235,3.0,1395187200
16473,2235,5.0,1357689600
16474,2235,4.0,1385683200
16475,2236,5.0,1374883200
16476,2236,3.0,1322179200
16477,2236,3.0,1309996800
13964,2236,3.0,1353024000
16478,2236,5.0,1359504000
16479,2236,5.0,1352764800
16480,2237,5.0,1319587200
16481,2238,5.0,1365033600
16482,2239,5.0,1400544000
16483,2240,5.0,1294358400
16484,2241,5.0,1353196800
16485,2241,5.0,1393027200
16486,2241,1.0,1404950400
16487,2241,4.0,1384732800
16488,2241,5.0,1313193600
16489,2241,5.0,1391126400
16490,2242,4.0,1296432000
16491,2242,5.0,1354060800
16492,2242,4.0,1384387200
16493,2242,5.0,1390262400
16494,2247,1.0,1344729600
8897,2247,5.0,1381881600
16495,2243,5.0,1322179200
16496,2243,1.0,1307750400
16497,2245,5.0,1340236800
16498,2245,5.0,1373673600
16499,2246,5.0,1358294400
16500,2246,5.0,1322179200
16501,2246,5.0,1339372800
16502,2246,4.0,1327363200
16503,2246,5.0,1324252800
16504,2244,5.0,1343779200
16505,2244,5.0,1325462400
16506,2244,5.0,1391472000
16507,2244,5.0,1311897600
16508,2244,5.0,1327881600
16509,2244,5.0,1328572800
16510,2244,5.0,1355270400
16511,2244,5.0,1371513600
16512,2244,4.0,1268956800
16513,2244,5.0,1345852800
16514,2244,5.0,1319328000
16515,2244,2.0,1286150400
16516,2244,5.0,1311206400
16517,2244,5.0,1285286400
16518,2244,5.0,1390608000
16519,2244,5.0,1363737600
16520,2244,5.0,1294617600
16521,2244,1.0,1332288000
16522,2244,5.0,1338595200
16523,2244,5.0,1375142400
12878,2244,4.0,1255478400
16524,2244,4.0,1360195200
16525,2244,2.0,1314748800
16526,2244,5.0,1384560000
16527,2244,5.0,1290988800
16528,2244,3.0,1360540800
16529,2244,5.0,1322611200
16530,2244,5.0,1294444800
16531,2244,5.0,1299456000
16532,2244,5.0,1337990400
16533,2244,5.0,1302048000
16534,2244,3.0,1344211200
16535,2244,5.0,1367193600
1246,2244,4.0,1329609600
16536,2244,5.0,1355875200
16537,2244,5.0,1261526400
16538,2244,1.0,1354406400
16539,2244,5.0,1332979200
16540,2248,4.0,1323648000
16541,2248,5.0,1345334400
16542,2248,1.0,1368662400
16543,2248,4.0,1338249600
16544,2248,5.0,1404604800
16545,2248,5.0,1303344000
16546,2248,5.0,1364428800
16547,2248,1.0,1360281600
16548,2248,4.0,1374710400
16549,2248,5.0,1401062400
16550,2250,3.0,1356912000
16551,2250,5.0,1361750400
16552,2250,5.0,1352764800
16553,2251,5.0,1340928000
16554,2251,5.0,1331856000
16555,2251,5.0,1300579200
16556,2249,5.0,1306713600
16557,2252,5.0,1328572800
16558,2252,1.0,1287187200
16559,2252,1.0,1384905600
16560,2252,5.0,1388534400
16561,2252,4.0,1281312000
16562,2252,1.0,1362009600
16563,2252,1.0,1362009600
16564,2252,4.0,1325548800
16565,2252,1.0,1342742400
16566,2252,1.0,1354406400
16567,2252,1.0,1320537600
16568,2252,1.0,1332979200
16569,2252,2.0,1372204800
16570,2252,5.0,1363219200
16571,2252,1.0,1322697600
16572,2252,1.0,1363478400
16573,2252,1.0,1356220800
16574,2252,1.0,1351900800
16575,2252,5.0,1375401600
16576,2252,4.0,1405036800
16577,2252,1.0,1349568000
16578,2252,1.0,1352160000
16579,2252,1.0,1298073600
16580,2252,5.0,1377475200
16581,2253,5.0,1365206400
16582,2253,5.0,1359072000
16583,2253,5.0,1355270400
16584,2254,5.0,1403222400
16585,2254,1.0,1375228800
16586,2255,5.0,1387670400
11205,2255,5.0,1396915200
16587,2256,5.0,1331337600
16588,2256,4.0,1376092800
16589,2256,5.0,1356220800
16590,2256,1.0,1365811200
16591,2256,3.0,1323907200
16592,2256,5.0,1322438400
16593,2256,3.0,1383868800
16594,2256,5.0,1332374400
16595,2256,5.0,1329955200
16596,2256,1.0,1370563200
16597,2257,5.0,1359849600
16598,2258,3.0,1278115200
11234,2258,5.0,1256428800
16599,2258,2.0,1291248000
16600,2259,5.0,1253491200
16601,2259,5.0,1272153600
16602,2260,4.0,1371600000
16603,2261,5.0,1398038400
16604,2262,4.0,1262822400
11811,2263,5.0,1249689600
16605,2264,5.0,1279497600
16606,2265,5.0,1312934400
16607,2265,5.0,1377302400
16608,2265,5.0,1303084800
16609,2266,5.0,1276041600
16610,2266,5.0,1287532800
16611,2266,1.0,1285804800
16612,2266,4.0,1281916800
16613,2266,5.0,1358208000
16614,2266,5.0,1326326400
16615,2267,4.0,1345939200
16616,2268,5.0,1269561600
16617,2269,5.0,1306627200
16618,2269,5.0,1359331200
16619,2269,5.0,1326758400
16620,2269,5.0,1261958400
16621,2269,5.0,1274400000
16622,2269,3.0,1377907200
16623,2269,5.0,1400025600
16624,2270,5.0,1358985600
16625,2272,5.0,1380672000
16626,2272,4.0,1401235200
16627,2271,4.0,1335830400
16628,2271,5.0,1357862400
16629,2271,4.0,1349913600
16630,2273,5.0,1274054400
16631,2274,4.0,1301875200
16632,2274,3.0,1322352000
16633,2275,5.0,1261785600
16634,2276,4.0,1399939200
16635,2276,3.0,1309132800
16636,2277,5.0,1370995200
16637,2277,5.0,1388102400
16638,2277,1.0,1385769600
16639,2277,5.0,1351987200
16640,2277,4.0,1379289600
16641,2277,5.0,1370563200
16642,2278,3.0,1344816000
16643,2278,5.0,1392681600
16644,2278,5.0,1284163200
16645,2278,5.0,1288569600
16646,2278,5.0,1296259200
16647,2280,4.0,1266278400
16648,2279,5.0,1259107200
16649,2281,5.0,1254355200
16650,2282,3.0,1294272000
16651,2283,5.0,1309132800
16652,2283,5.0,1300752000
16653,2284,5.0,1290470400
16654,2285,5.0,1368662400
16655,2285,5.0,1356825600
16656,2285,4.0,1370044800
16657,2285,5.0,1386979200
16658,2285,4.0,1382054400
16659,2285,3.0,1361318400
16660,2285,5.0,1364428800
16661,2285,4.0,1269734400
16662,2285,4.0,1359331200
16663,2285,5.0,1383004800
16664,2285,5.0,1355011200
16665,2285,5.0,1339286400
16666,2285,3.0,1354752000
16667,2285,1.0,1301616000
16668,2285,4.0,1350518400
16669,2285,4.0,1373500800
16670,2285,4.0,1392422400
16671,2285,5.0,1302048000
16672,2285,3.0,1388361600
16673,2285,2.0,1377561600
16674,2286,5.0,1404777600
16675,2287,5.0,1336003200
16676,2288,5.0,1257897600
16677,2288,5.0,1327795200
16678,2288,5.0,1373328000
16679,2289,4.0,1260576000
16680,2289,1.0,1263168000
16681,2289,3.0,1272499200
16682,2289,1.0,1282694400
16683,2292,5.0,1364515200
16684,2294,2.0,1315526400
16685,2290,2.0,1305244800
16686,2290,1.0,1384473600
16687,2291,5.0,1376265600
16688,2291,1.0,1352851200
16689,2291,5.0,1363132800
16690,2291,4.0,1362960000
16691,2291,5.0,1369958400
16692,2291,5.0,1370563200
14304,2291,5.0,1362355200
16693,2291,4.0,1371945600
16694,2291,5.0,1383696000
16695,2291,5.0,1390867200
16696,2291,5.0,1308700800
16697,2291,3.0,1355011200
16698,2291,5.0,1289692800
16699,2291,5.0,1304899200
16700,2291,5.0,1372723200
16701,2291,5.0,1388707200
16702,2291,5.0,1306627200
16703,2291,5.0,1371686400
16704,2291,5.0,1373155200
16705,2291,5.0,1375660800
16706,2291,5.0,1359504000
16707,2291,5.0,1312848000
16708,2291,5.0,1294704000
16709,2291,5.0,1373241600
16710,2291,4.0,1377216000
16711,2291,5.0,1395964800
16712,2291,2.0,1339459200
16713,2291,5.0,1293494400
16714,2291,5.0,1346544000
16715,2291,5.0,1378339200
16716,2291,5.0,1381190400
16717,2291,1.0,1355270400
16718,2291,3.0,1331510400
16719,2291,1.0,1318464000
16720,2291,5.0,1379462400
16721,2291,5.0,1393113600
16722,2291,1.0,1323302400
16723,2291,3.0,1354060800
5184,2291,5.0,1382140800
16724,2291,4.0,1309219200
16725,2291,4.0,1402617600
16726,2291,5.0,1315785600
16444,2291,2.0,1292025600
16727,2291,5.0,1377475200
16728,2291,5.0,1390867200
16729,2291,1.0,1339891200
16730,2291,1.0,1331251200
16731,2291,4.0,1396656000
16732,2291,5.0,1378425600
16733,2291,5.0,1377043200
16734,2291,5.0,1376956800
16735,2291,5.0,1341532800
16736,2291,5.0,1351987200
16737,2291,5.0,1307491200
16738,2291,5.0,1339372800
16739,2291,5.0,1365120000
16740,2291,1.0,1376524800
16741,2291,5.0,1390780800
16742,2291,3.0,1331510400
16743,2291,5.0,1360368000
16744,2291,4.0,1364256000
16745,2291,5.0,1309132800
16746,2291,5.0,1373846400
16747,2291,4.0,1376092800
16748,2291,5.0,1336867200
16749,2291,3.0,1360627200
16750,2291,5.0,1375660800
16751,2291,5.0,1344902400
16752,2291,4.0,1377820800
16753,2291,5.0,1316908800
16754,2291,5.0,1376956800
16755,2291,5.0,1366329600
16756,2291,5.0,1391731200
16757,2291,5.0,1397174400
16758,2291,5.0,1392681600
16759,2291,4.0,1384387200
16760,2291,1.0,1310342400
16761,2291,4.0,1328745600
16762,2291,5.0,1302393600
16763,2295,4.0,1376611200
16764,2293,3.0,1227225600
16765,2293,4.0,1360108800
16766,2296,5.0,1290297600
16767,2296,1.0,1322697600
16768,2297,5.0,1319673600
16769,2297,5.0,1352851200
16770,2297,3.0,1371081600
16771,2298,5.0,1367625600
16772,2299,1.0,1339718400
16773,2299,4.0,1278288000
16774,2299,5.0,1285891200
16775,2300,5.0,1301443200
16776,2301,5.0,1405123200
16777,2302,3.0,1287014400
16778,2303,5.0,1382918400
16779,2304,1.0,1342224000
16780,2304,4.0,1368662400
16781,2304,5.0,1301616000
2045,2304,4.0,1350086400
16782,2304,1.0,1335916800
16783,2304,3.0,1345593600
16784,2304,2.0,1358467200
16785,2306,5.0,1360022400
16786,2306,5.0,1358121600
16787,2306,5.0,1381795200
16788,2305,5.0,1361664000
16789,2305,5.0,1282003200
16790,2307,5.0,1362355200
16791,2308,5.0,1319068800
16792,2309,5.0,1343001600
16793,2309,5.0,1358553600
16794,2309,5.0,1309824000
16795,2309,5.0,1388620800
16796,2309,5.0,1292025600
16797,2309,5.0,1399420800
16798,2309,5.0,1380672000
8549,2309,3.0,1293753600
16799,2309,5.0,1346198400
16800,2311,5.0,1296172800
16801,2311,5.0,1365638400
16802,2311,5.0,1367712000
16803,2311,5.0,1299110400
16804,2311,4.0,1304640000
16805,2310,1.0,1299542400
16806,2312,4.0,1318636800
16807,2313,5.0,1289952000
16808,2314,5.0,1357084800
16809,2314,5.0,1363046400
16810,2315,4.0,1369008000
16811,2315,5.0,1370649600
16812,2315,5.0,1367020800
8625,2315,3.0,1363910400
16813,2315,5.0,1369699200
16814,2315,4.0,1330819200
16815,2315,5.0,1366588800
16816,2315,5.0,1307664000
16817,2315,5.0,1363910400
16818,2315,3.0,1317945600
16819,2315,5.0,1376956800
16820,2315,5.0,1340064000
11770,2315,2.0,1329955200
16821,2315,4.0,1369872000
16822,2315,4.0,1335052800
16823,2315,4.0,1337385600
16824,2315,5.0,1387497600
16825,2315,5.0,1343433600
16826,2315,5.0,1324512000
16827,2315,5.0,1311552000
16828,2315,5.0,1337817600
16829,2315,5.0,1360368000
16830,2315,5.0,1334275200
16831,2315,3.0,1361750400
14042,2315,5.0,1339891200
16832,2315,1.0,1376092800
16833,2315,1.0,1342656000
16834,2315,5.0,1317945600
16835,2315,5.0,1332288000
16836,2315,5.0,1338508800
16837,2315,5.0,1310342400
16838,2315,5.0,1347926400
16839,2315,5.0,1300924800
16840,2315,5.0,1320537600
16841,2315,4.0,1362096000
16842,2315,4.0,1398729600
16843,2315,5.0,1377734400
16844,2315,1.0,1313712000
16845,2316,5.0,1368921600
16846,2317,5.0,1262217600
16847,2318,5.0,1374278400
16848,2318,5.0,1328486400
16849,2318,5.0,1397952000
16850,2318,5.0,1369958400
16851,2319,5.0,1274140800
16852,2319,5.0,1271462400
16853,2320,3.0,1335744000
16854,2320,5.0,1391644800
16855,2321,4.0,1346889600
16856,2322,4.0,1281398400
16857,2323,5.0,1353628800
16858,2323,1.0,1367107200
16859,2324,5.0,1294531200
16860,2324,5.0,1404691200
16861,2324,4.0,1363996800
16862,2325,5.0,1393718400
16863,2325,5.0,1362700800
16864,2326,5.0,1329091200
16865,2326,5.0,1336348800
16866,2326,5.0,1382918400
16867,2326,5.0,1390780800
16868,2326,5.0,1401840000
16869,2326,5.0,1346112000
16870,2327,1.0,1329868800
16871,2327,2.0,1279843200
16872,2327,1.0,1337731200
16873,2328,5.0,1318464000
16874,2329,5.0,1337472000
16875,2330,5.0,1251763200
16876,2330,1.0,1262390400
16877,2330,1.0,1269216000
16878,2330,4.0,1268092800
16879,2330,1.0,1275955200
16880,2330,5.0,1265587200
16881,2330,5.0,1382054400
16882,2331,5.0,1377129600
16883,2331,5.0,1310688000
16884,2332,5.0,1261958400
16885,2333,1.0,1307318400
16886,2333,1.0,1283990400
16887,2333,2.0,1304121600
16888,2333,1.0,1281052800
16889,2334,5.0,1376697600
16890,2335,4.0,1329436800
16891,2335,4.0,1395878400
16892,2336,3.0,1371772800
16893,2336,2.0,1383696000
16894,2336,4.0,1335398400
16895,2336,4.0,1319068800
16896,2336,3.0,1355097600
16897,2337,4.0,1397520000
16898,2338,5.0,1355443200
16899,2338,5.0,1317513600
16900,2338,5.0,1372118400
16901,2339,1.0,1325548800
16902,2339,5.0,1355702400
16903,2340,3.0,1367107200
16904,2340,5.0,1355443200
16905,2340,5.0,1357776000
16906,2340,1.0,1354752000
16907,2340,2.0,1353628800
16908,2340,1.0,1306540800
16909,2340,1.0,1358380800
16910,2340,1.0,1357344000
16911,2340,4.0,1360972800
16912,2340,1.0,1305849600
16913,2340,4.0,1336262400
16914,2340,5.0,1328918400
16915,2340,1.0,1314748800
16916,2340,5.0,1357171200
16917,2340,1.0,1315008000
13964,2340,3.0,1353110400
16918,2340,5.0,1358812800
16919,2340,5.0,1358812800
16920,2340,1.0,1304294400
16921,2340,1.0,1318204800
16922,2340,5.0,1336953600
16923,2340,4.0,1350086400
16924,2340,1.0,1382486400
16925,2340,3.0,1308182400
14098,2341,5.0,1353801600
16926,2341,5.0,1347062400
16927,2341,4.0,1341360000
14549,2341,5.0,1331769600
16928,2341,5.0,1338854400
16929,2341,2.0,1404604800
16930,2342,1.0,1279324800
16931,2342,5.0,1276041600
16932,2343,2.0,1259971200
16933,2344,5.0,1264464000
16934,2345,4.0,1381104000
16935,2346,2.0,1376092800
16936,2347,2.0,1294358400
16937,2347,4.0,1341100800
13656,2347,5.0,1320019200
16938,2347,5.0,1257724800
16939,2347,4.0,1285718400
16940,2347,1.0,1292630400
16941,2347,2.0,1256342400
16942,2347,5.0,1331942400
16943,2347,1.0,1261008000
16944,2347,1.0,1341532800
16945,2347,2.0,1267401600
16946,2347,5.0,1351209600
16947,2347,5.0,1326931200
16948,2347,5.0,1264032000
16949,2347,4.0,1261958400
16950,2347,2.0,1287446400
16951,2347,1.0,1280448000
16952,2347,5.0,1271289600
16953,2347,5.0,1255046400
16954,2347,5.0,1328745600
16955,2347,5.0,1316908800
16956,2347,4.0,1257811200
16957,2347,1.0,1290729600
16958,2347,1.0,1278892800
16959,2347,5.0,1336262400
16960,2347,3.0,1356912000
16961,2347,4.0,1360540800
16962,2347,5.0,1359936000
16963,2347,3.0,1326844800
16964,2347,4.0,1348358400
16965,2347,5.0,1277337600
16966,2347,3.0,1267574400
16967,2347,4.0,1325203200
16968,2347,3.0,1268438400
16969,2347,5.0,1344816000
16970,2347,3.0,1291939200
16971,2347,3.0,1270080000
16972,2347,1.0,1260489600
16973,2347,2.0,1297814400
16974,2347,1.0,1323993600
16975,2347,1.0,1331510400
16976,2348,5.0,1296432000
16977,2349,2.0,1339632000
16978,2349,5.0,1366934400
16979,2349,1.0,1304640000
16980,2349,5.0,1306195200
16981,2349,5.0,1356566400
16982,2349,4.0,1271203200
16983,2349,5.0,1263686400
16984,2349,5.0,1301356800
16985,2349,3.0,1269820800
16986,2349,1.0,1298764800
16987,2349,3.0,1382140800
16988,2349,2.0,1382572800
16989,2349,3.0,1292371200
16990,2349,2.0,1348704000
16991,2349,5.0,1334534400
16992,2349,5.0,1369872000
16993,2349,5.0,1312761600
16994,2349,5.0,1343692800
16995,2349,4.0,1404086400
16996,2349,5.0,1404604800
16997,2349,2.0,1403481600
16998,2349,1.0,1381190400
16999,2349,3.0,1273622400
17000,2350,2.0,1299542400
17001,2350,5.0,1271203200
17002,2351,4.0,1343865600
17003,2352,5.0,1356825600
17004,2352,5.0,1315872000
17005,2353,5.0,1263081600
17006,2354,5.0,1309564800
17007,2354,5.0,1335052800
17008,2355,5.0,1385942400
17009,2355,2.0,1357603200
17010,2355,5.0,1363824000
15871,2356,5.0,1403222400
17011,2356,2.0,1341014400
17012,2356,5.0,1326412800
17013,2358,5.0,1391731200
17014,2358,1.0,1323907200
17015,2357,5.0,1320451200
17016,2357,5.0,1302048000
17017,2359,2.0,1334361600
17018,2359,4.0,1388361600
17019,2359,5.0,1364947200
17020,2359,5.0,1379116800
17021,2359,5.0,1357084800
17022,2359,5.0,1351468800
13955,2359,4.0,1402617600
17023,2359,5.0,1355097600
17024,2359,5.0,1334102400
17025,2359,4.0,1375401600
17026,2359,5.0,1381449600
17027,2359,5.0,1385078400
17028,2359,5.0,1374969600
17029,2359,4.0,1370563200
17030,2359,4.0,1362787200
17031,2359,5.0,1404950400
17032,2359,5.0,1394064000
17033,2359,5.0,1352592000
17034,2359,3.0,1368230400
4367,2359,5.0,1383350400
17035,2359,3.0,1374969600
17036,2359,4.0,1382918400
17037,2359,3.0,1389571200
17038,2359,4.0,1376697600
17039,2359,5.0,1369008000
17040,2359,4.0,1377216000
17041,2359,3.0,1383350400
17042,2359,5.0,1390176000
17043,2359,5.0,1390348800
17044,2359,5.0,1391472000
6946,2359,4.0,1393977600
13968,2359,5.0,1362787200
4029,2359,5.0,1354492800
17045,2359,5.0,1398297600
17046,2359,5.0,1358640000
17047,2359,5.0,1325894400
17048,2359,5.0,1349222400
17049,2359,5.0,1384732800
17050,2359,5.0,1376352000
17051,2359,5.0,1377475200
17052,2359,4.0,1384819200
17053,2359,5.0,1405123200
17054,2359,5.0,1335744000
17055,2359,4.0,1374796800
17056,2359,4.0,1394755200
17057,2359,5.0,1383264000
17058,2359,5.0,1388361600
17059,2359,5.0,1371772800
17060,2359,5.0,1373414400
17061,2359,3.0,1364860800
17062,2360,1.0,1402963200
17063,2360,5.0,1384905600
17064,2360,5.0,1389657600
17065,2360,5.0,1390867200
17066,2360,5.0,1393804800
17067,2360,5.0,1396051200
17068,2360,5.0,1398211200
17069,2360,5.0,1401321600
17070,2360,5.0,1373068800
17071,2360,5.0,1345334400
17072,2360,4.0,1374192000
17073,2360,5.0,1380931200
17074,2360,3.0,1366588800
17075,2361,4.0,1310515200
17076,2362,5.0,1405382400
17077,2362,4.0,1322524800
17078,2362,5.0,1391644800
17079,2362,5.0,1311811200
17080,2362,5.0,1284336000
17081,2362,5.0,1405036800
17082,2362,5.0,1311379200
17083,2362,1.0,1380844800
17084,2362,5.0,1341878400
17085,2362,4.0,1332374400
17086,2362,5.0,1391904000
17087,2362,5.0,1388448000
17088,2362,5.0,1385510400
17089,2362,4.0,1391212800
17090,2362,5.0,1382486400
17091,2362,5.0,1346284800
17092,2362,3.0,1297728000
17093,2362,5.0,1330473600
17094,2362,5.0,1400371200
17095,2362,5.0,1351814400
17096,2362,5.0,1296777600
17097,2362,5.0,1398556800
17098,2362,5.0,1336003200
17099,2362,5.0,1287446400
17100,2362,5.0,1359590400
17101,2362,5.0,1404518400
17102,2362,4.0,1405123200
17103,2362,1.0,1319760000
17104,2362,4.0,1304640000
17105,2362,5.0,1268179200
17106,2362,5.0,1385164800
17107,2362,5.0,1386806400
17108,2362,5.0,1258243200
17109,2362,5.0,1388620800
17110,2362,5.0,1324339200
17111,2362,4.0,1266192000
17112,2362,5.0,1326844800
17113,2362,5.0,1401148800
17114,2362,4.0,1355184000
17115,2362,5.0,1400112000
17116,2362,1.0,1316649600
17117,2362,4.0,1303862400
17118,2362,5.0,1260576000
17119,2362,5.0,1384819200
17120,2362,4.0,1390003200
17121,2362,5.0,1323302400
17122,2362,5.0,1325462400
17123,2363,4.0,1361836800
17124,2364,4.0,1274400000
17125,2365,4.0,1345161600
17126,2365,4.0,1358294400
17127,2366,5.0,1292889600
17128,2366,5.0,1343260800
17129,2367,5.0,1307318400
17130,2368,5.0,1298160000
17131,2368,5.0,1338163200
17132,2368,5.0,1356652800
17133,2368,5.0,1334620800
17134,2368,5.0,1336867200
17135,2368,2.0,1334966400
17136,2368,5.0,1377129600
17137,2369,5.0,1282521600
17138,2369,1.0,1266624000
17139,2369,5.0,1374451200
17140,2370,5.0,1386288000
17141,2371,5.0,1316649600
15153,2373,4.0,1275955200
17142,2373,3.0,1401062400
17143,2372,5.0,1354406400
17144,2374,1.0,1387843200
17145,2374,5.0,1359936000
17146,2374,5.0,1296518400
17147,2374,2.0,1380758400
17148,2374,4.0,1387929600
17149,2374,4.0,1387584000
17150,2374,5.0,1344297600
17151,2374,2.0,1380672000
17152,2375,5.0,1299715200
17153,2376,5.0,1379894400
17154,2376,1.0,1322697600
17155,2377,5.0,1277942400
17156,2377,5.0,1265587200
17157,2377,5.0,1277856000
17158,2378,2.0,1269734400
17159,2378,5.0,1335139200
17160,2378,2.0,1344384000
7571,2378,5.0,1393804800
17161,2378,5.0,1280793600
17162,2378,5.0,1374278400
17163,2378,5.0,1357603200
17164,2378,5.0,1377388800
17165,2378,4.0,1369094400
17166,2378,5.0,1290297600
17167,2378,1.0,1395964800
17168,2378,1.0,1302652800
17169,2378,5.0,1330819200
17170,2378,5.0,1283644800
17171,2378,4.0,1306886400
17172,2378,4.0,1401926400
17173,2378,5.0,1307923200
17174,2379,5.0,1381968000
17175,2379,1.0,1369180800
17176,2379,3.0,1366675200
17177,2379,3.0,1368576000
17178,2379,4.0,1306108800
17179,2379,5.0,1365465600
17180,2379,5.0,1376524800
17181,2379,5.0,1354492800
17182,2379,4.0,1347494400
17183,2379,5.0,1368403200
17184,2379,4.0,1376870400
17185,2379,2.0,1355011200
17186,2379,3.0,1360368000
17187,2379,1.0,1352851200
17188,2379,4.0,1360368000
17189,2379,1.0,1360195200
17190,2379,4.0,1355184000
17191,2379,4.0,1356652800
17192,2379,3.0,1357430400
17193,2379,5.0,1356393600
17194,2379,3.0,1352073600
17195,2379,1.0,1355184000
17196,2379,5.0,1360022400
17197,2379,3.0,1385424000
17198,2379,3.0,1355702400
17199,2379,2.0,1362009600
17200,2379,1.0,1365465600
17201,2379,2.0,1393286400
17202,2379,4.0,1357948800
17203,2379,5.0,1352332800
17204,2379,5.0,1360713600
17205,2379,2.0,1336953600
17206,2379,4.0,1316390400
17207,2379,2.0,1380758400
17208,2379,5.0,1356566400
17209,2379,5.0,1401062400
17210,2379,1.0,1388880000
17211,2379,4.0,1359590400
17212,2379,4.0,1354924800
17213,2379,4.0,1361318400
17214,2379,5.0,1353801600
17215,2379,5.0,1341014400
17216,2379,5.0,1355961600
17217,2379,5.0,1337990400
17218,2379,4.0,1358812800
17219,2379,1.0,1343260800
17220,2379,2.0,1343952000
17221,2379,3.0,1350432000
17222,2379,3.0,1364342400
17223,2379,3.0,1393459200
17224,2379,2.0,1354752000
17225,2379,5.0,1370131200
17226,2379,3.0,1360540800
17227,2379,4.0,1358553600
17228,2379,4.0,1367366400
17229,2379,1.0,1361836800
17230,2379,5.0,1345680000
17231,2379,1.0,1355961600
17232,2379,4.0,1357689600
17233,2379,2.0,1363046400
17234,2379,3.0,1368748800
17235,2379,5.0,1353888000
17236,2379,2.0,1349654400
17237,2379,1.0,1334188800
17238,2379,2.0,1354579200
17239,2379,3.0,1354320000
17240,2379,4.0,1354924800
17241,2379,5.0,1386288000
17242,2379,5.0,1357344000
17243,2379,4.0,1360281600
17244,2379,5.0,1357776000
17245,2379,5.0,1395878400
17246,2379,4.0,1348272000
17247,2379,4.0,1362700800
17248,2379,1.0,1343692800
17249,2379,1.0,1348444800
17250,2379,1.0,1356048000
17251,2379,4.0,1353888000
17252,2379,5.0,1357689600
17253,2379,4.0,1344643200
17254,2379,4.0,1356480000
17255,2379,3.0,1357862400
17256,2379,5.0,1353974400
17257,2379,2.0,1360972800
17258,2379,3.0,1374710400
17259,2379,2.0,1358294400
17260,2379,1.0,1358121600
17261,2379,5.0,1357776000
17262,2379,5.0,1353974400
17263,2379,3.0,1333411200
17264,2379,4.0,1329696000
17265,2379,3.0,1355702400
17266,2379,3.0,1383782400
17267,2379,3.0,1356480000
17268,2379,5.0,1358035200
17269,2379,5.0,1363824000
17270,2379,4.0,1388793600
17271,2379,4.0,1378166400
17272,2379,4.0,1354579200
17273,2379,1.0,1355011200
17274,2379,5.0,1366329600
17275,2379,4.0,1359158400
17276,2379,4.0,1356480000
17277,2379,5.0,1379289600
17278,2379,3.0,1350691200
17279,2379,3.0,1377561600
17280,2379,5.0,1381795200
17281,2379,4.0,1347408000
17282,2379,4.0,1353283200
17283,2379,1.0,1353110400
17284,2379,5.0,1372377600
17285,2379,5.0,1353974400
17286,2379,1.0,1356739200
17287,2379,4.0,1353110400
17288,2379,1.0,1351814400
17289,2379,4.0,1357603200
17290,2379,4.0,1306195200
17291,2379,2.0,1367452800
17292,2379,2.0,1386460800
17293,2379,1.0,1345507200
17294,2379,5.0,1354060800
17295,2379,5.0,1351123200
17296,2379,1.0,1353715200
17297,2379,5.0,1368489600
17298,2379,5.0,1370822400
17299,2379,5.0,1358035200
17300,2379,4.0,1351728000
17301,2379,4.0,1357084800
17302,2379,1.0,1365206400
17303,2379,4.0,1329696000
17304,2379,5.0,1357257600
17305,2379,3.0,1356652800
17306,2379,1.0,1379635200
17307,2379,5.0,1354579200
17308,2379,4.0,1355788800
17309,2379,4.0,1355443200
17310,2379,5.0,1355702400
17311,2379,4.0,1344556800
17312,2379,2.0,1346889600
17313,2379,4.0,1357430400
17314,2379,3.0,1347840000
17315,2379,5.0,1356652800
17316,2379,3.0,1361145600
17317,2379,1.0,1372723200
17318,2379,1.0,1364860800
17319,2379,2.0,1356739200
17320,2379,1.0,1355616000
17321,2379,1.0,1362355200
17322,2379,4.0,1379116800
17323,2379,4.0,1356566400
17324,2379,5.0,1365379200
17325,2379,3.0,1401580800
17326,2379,4.0,1356739200
17327,2379,3.0,1366588800
17328,2379,5.0,1376438400
17329,2379,5.0,1347926400
17330,2379,2.0,1363651200
17331,2379,4.0,1355961600
17332,2379,4.0,1356652800
17333,2379,4.0,1365811200
17334,2379,4.0,1358121600
17335,2379,5.0,1366070400
17336,2379,5.0,1355356800
17337,2379,3.0,1360972800
17338,2379,1.0,1355356800
17339,2379,3.0,1372204800
17340,2379,5.0,1399075200
17341,2379,5.0,1353456000
17342,2379,2.0,1347494400
17343,2379,4.0,1359849600
17344,2379,5.0,1341014400
17345,2379,4.0,1368144000
17346,2379,2.0,1349827200
17347,2379,4.0,1356480000
17348,2379,5.0,1350864000
17349,2379,1.0,1355184000
17350,2379,5.0,1353974400
17351,2379,5.0,1357257600
17352,2379,5.0,1357257600
17353,2379,3.0,1370822400
17354,2379,3.0,1374192000
17355,2379,5.0,1354665600
17356,2379,5.0,1357516800
17357,2379,5.0,1359504000
17358,2379,3.0,1385596800
17359,2379,1.0,1346716800
17360,2380,5.0,1263254400
17361,2381,5.0,1290988800
17362,2382,5.0,1376265600
17363,2382,2.0,1291680000
17364,2382,5.0,1352246400
17365,2382,5.0,1390348800
17366,2382,5.0,1390867200
17367,2382,5.0,1360800000
17368,2382,5.0,1359072000
17369,2382,5.0,1371772800
17370,2382,1.0,1364688000
17371,2382,4.0,1272326400
17372,2383,4.0,1373155200
5055,2383,2.0,1358726400
17373,2383,2.0,1348790400
17374,2383,5.0,1323993600
17375,2383,1.0,1374019200
17376,2383,1.0,1400889600
17377,2384,5.0,1292198400
17378,2384,5.0,1314921600
17379,2384,5.0,1305244800
17380,2385,5.0,1359676800
17381,2385,5.0,1385769600
17382,2385,5.0,1315440000
17383,2385,5.0,1265760000
17384,2385,5.0,1344470400
17385,2385,5.0,1331683200
17386,2386,5.0,1325721600
17387,2386,5.0,1272240000
17388,2387,5.0,1280102400
17389,2388,5.0,1358726400
17390,2388,5.0,1360972800
17391,2388,3.0,1376784000
17392,2388,5.0,1362096000
17393,2388,5.0,1374451200
17394,2389,4.0,1254787200
17395,2390,5.0,1401667200
17396,2390,5.0,1389312000
17397,2390,5.0,1272067200
17398,2390,5.0,1326672000
17399,2391,5.0,1384473600
17400,2391,5.0,1375747200
17401,2392,5.0,1284076800
17402,2392,3.0,1297036800
17403,2392,4.0,1309392000
17404,2392,5.0,1285372800
17405,2392,5.0,1307232000
17406,2393,5.0,1377475200
8192,2393,5.0,1322524800
17407,2395,1.0,1320710400
17408,2395,3.0,1341273600
17409,2395,4.0,1333756800
17410,2394,1.0,1265587200
17411,2396,5.0,1367280000
17412,2397,5.0,1357171200
17413,2397,4.0,1354924800
17414,2397,4.0,1253750400
17415,2397,5.0,1324684800
17416,2398,3.0,1291507200
17417,2398,1.0,1389571200
17418,2398,4.0,1314576000
17419,2398,1.0,1327881600
17420,2398,5.0,1279584000
17421,2398,5.0,1404172800
17422,2400,5.0,1349740800
17423,2400,2.0,1370736000
17424,2400,3.0,1358035200
17425,2399,5.0,1309392000
5917,2401,5.0,1303776000
17426,2403,5.0,1316736000
17427,2403,5.0,1355443200
17428,2403,4.0,1372550400
17429,2403,4.0,1386806400
17430,2402,4.0,1325203200
17431,2402,5.0,1311984000
17432,2402,4.0,1309132800
17433,2402,5.0,1293580800
17434,2402,4.0,1311206400
17429,2402,4.0,1386806400
17435,2402,1.0,1359331200
17436,2402,3.0,1364860800
17437,2402,1.0,1326931200
17438,2405,3.0,1289606400
17439,2405,5.0,1281052800
17440,2405,1.0,1384905600
17441,2405,4.0,1289433600
17442,2404,5.0,1261958400
17443,2404,5.0,1260316800
17444,2404,5.0,1265760000
17445,2404,4.0,1256774400
17446,2406,5.0,1367193600
17447,2406,5.0,1356566400
17448,2406,5.0,1333324800
17449,2406,5.0,1368835200
17450,2406,5.0,1325289600
17451,2406,5.0,1374796800
17452,2406,5.0,1358294400
17453,2406,5.0,1365120000
17454,2406,2.0,1331856000
17455,2406,5.0,1364688000
17456,2406,5.0,1353715200
17457,2406,5.0,1358208000
17458,2406,5.0,1367452800
17459,2406,5.0,1359936000
17460,2406,4.0,1362787200
17461,2407,5.0,1252713600
17462,2408,1.0,1361404800
17463,2409,5.0,1373241600
17464,2409,5.0,1374019200
17465,2409,4.0,1358294400
17466,2409,5.0,1356825600
17467,2409,5.0,1402531200
17468,2409,5.0,1404864000
17469,2409,4.0,1369872000
17470,2409,1.0,1391040000
17471,2409,5.0,1360540800
17472,2409,2.0,1383696000
17473,2409,5.0,1391212800
17474,2409,5.0,1401321600
17475,2409,5.0,1325980800
17476,2409,5.0,1380672000
17477,2409,3.0,1355011200
17478,2409,5.0,1274659200
17479,2409,4.0,1375660800
17480,2409,5.0,1392681600
17481,2409,5.0,1362960000
17482,2409,5.0,1385337600
17483,2409,5.0,1375747200
17484,2409,3.0,1395878400
17485,2409,5.0,1394755200
17486,2409,4.0,1354320000
17487,2409,1.0,1282176000
17488,2409,5.0,1358812800
2035,2409,5.0,1339632000
17489,2409,3.0,1337731200
17490,2409,5.0,1325548800
17491,2409,2.0,1397347200
17492,2409,1.0,1384992000
17493,2409,5.0,1383523200
17494,2409,5.0,1382054400
17495,2409,5.0,1399766400
17496,2409,5.0,1310256000
17497,2409,5.0,1353801600
17498,2409,5.0,1395273600
17499,2409,5.0,1390953600
17500,2409,4.0,1388707200
17501,2409,5.0,1372809600
17502,2409,5.0,1366329600
17503,2409,5.0,1343692800
17504,2409,5.0,1383782400
17505,2409,5.0,1373587200
17506,2409,5.0,1379462400
17507,2409,4.0,1336780800
17508,2409,1.0,1384560000
17509,2409,5.0,1383436800
17510,2409,5.0,1376524800
17511,2409,5.0,1279411200
17512,2409,5.0,1369699200
17513,2409,5.0,1393632000
17514,2409,5.0,1325203200
17515,2409,5.0,1349913600
17516,2409,5.0,1353974400
17517,2409,5.0,1392076800
17518,2409,5.0,1366934400
17519,2409,3.0,1274745600
17520,2409,5.0,1346284800
17521,2409,4.0,1367280000
17522,2409,1.0,1380585600
17523,2409,5.0,1394668800
17524,2409,3.0,1385424000
17525,2409,1.0,1391731200
17526,2409,1.0,1373241600
17527,2409,3.0,1374019200
17528,2409,5.0,1377129600
17529,2409,5.0,1370563200
17530,2409,5.0,1397865600
17531,2409,5.0,1391126400
17532,2409,4.0,1271635200
17533,2409,5.0,1388707200
17534,2409,4.0,1339804800
17535,2409,5.0,1386892800
17536,2409,5.0,1399766400
17537,2409,1.0,1390521600
17538,2409,5.0,1379894400
17539,2409,5.0,1393459200
17540,2409,3.0,1393977600
17541,2409,5.0,1390176000
17542,2409,5.0,1382918400
17543,2409,5.0,1376092800
17544,2409,5.0,1402704000
17545,2409,5.0,1384041600
17546,2409,4.0,1379376000
13669,2409,4.0,1398643200
17547,2409,5.0,1404777600
17548,2409,5.0,1297296000
17549,2409,3.0,1392163200
17550,2409,3.0,1403222400
17551,2409,5.0,1385078400
17552,2409,1.0,1284249600
17553,2409,5.0,1376265600
17554,2409,5.0,1402876800
17555,2409,5.0,1347321600
17556,2409,5.0,1353888000
17557,2409,5.0,1376784000
17558,2409,5.0,1393545600
17559,2409,5.0,1332288000
17560,2409,5.0,1369180800
17561,2409,5.0,1381968000
17562,2409,4.0,1395619200
17563,2409,5.0,1388448000
17564,2409,5.0,1356048000
17565,2409,5.0,1377216000
17566,2409,5.0,1323216000
17567,2409,5.0,1390953600
17568,2409,5.0,1391644800
8592,2409,2.0,1319760000
17569,2409,5.0,1397088000
17570,2409,5.0,1289347200
17571,2409,1.0,1285545600
17572,2409,5.0,1397260800
17573,2409,5.0,1356307200
17574,2409,1.0,1402358400
17575,2409,5.0,1262390400
17576,2409,5.0,1393372800
17577,2409,5.0,1386028800
17578,2409,5.0,1388880000
17579,2409,5.0,1374710400
17580,2409,1.0,1368576000
17581,2409,5.0,1383523200
17582,2409,5.0,1386028800
17583,2409,5.0,1391904000
17584,2409,5.0,1359936000
17585,2410,5.0,1274140800
17586,2410,1.0,1299110400
17587,2410,1.0,1277164800
17588,2410,5.0,1275609600
17589,2410,3.0,1275782400
17590,2410,1.0,1282089600
17591,2411,2.0,1391472000
17592,2411,1.0,1387584000
17593,2411,4.0,1389398400
17594,2411,5.0,1363564800
17595,2412,5.0,1374883200
17596,2412,4.0,1335830400
17597,2412,4.0,1364860800
17598,2412,1.0,1386201600
17599,2412,5.0,1356048000
17600,2413,5.0,1375833600
17601,2413,4.0,1348099200
17602,2413,5.0,1275091200
17603,2413,4.0,1378684800
17604,2413,5.0,1361923200
17605,2414,5.0,1351468800
17606,2415,5.0,1388620800
17607,2415,5.0,1388880000
17608,2415,5.0,1320969600
17609,2415,5.0,1393804800
17610,2415,5.0,1311897600
17611,2415,5.0,1390348800
17612,2416,4.0,1307664000
17613,2416,4.0,1315612800
17614,2416,5.0,1312156800
17615,2417,5.0,1311897600
17616,2417,4.0,1347148800
17617,2417,3.0,1354752000
17618,2417,5.0,1381276800
17619,2417,2.0,1342828800
17620,2417,5.0,1374624000
17621,2417,5.0,1358467200
17622,2417,5.0,1310169600
17623,2417,5.0,1335484800
17624,2417,4.0,1324598400
17625,2417,4.0,1334880000
17626,2417,5.0,1319587200
17627,2417,4.0,1348876800
17628,2417,5.0,1286409600
17629,2417,5.0,1354406400
14371,2417,1.0,1327881600
17630,2417,5.0,1286755200
17631,2417,3.0,1270771200
17632,2417,5.0,1353628800
17633,2417,4.0,1309824000
17634,2417,2.0,1321315200
17635,2417,2.0,1301097600
17636,2418,4.0,1384905600
17637,2418,3.0,1386460800
17638,2418,4.0,1304553600
17639,2418,3.0,1312588800
17640,2418,1.0,1340236800
17641,2418,1.0,1313539200
17642,2418,3.0,1319068800
17643,2418,5.0,1333152000
17644,2418,5.0,1375142400
17645,2418,1.0,1370131200
17646,2418,4.0,1280102400
17647,2418,5.0,1402099200
17648,2419,5.0,1388534400
17649,2420,5.0,1401926400
17650,2421,5.0,1259712000
17651,2422,5.0,1349568000
17652,2423,5.0,1286668800
17653,2423,5.0,1286928000
17654,2424,5.0,1402185600
17655,2424,5.0,1323993600
17656,2424,5.0,1366588800
17657,2424,5.0,1383264000
17658,2424,5.0,1390953600
17659,2425,5.0,1356825600
17660,2425,5.0,1358553600
17661,2426,5.0,1322870400
17662,2426,5.0,1292976000
17663,2427,5.0,1396915200
17664,2427,2.0,1380758400
17665,2428,5.0,1397347200
17666,2429,5.0,1336521600
17667,2429,5.0,1377302400
17668,2429,3.0,1390780800
17669,2429,4.0,1362873600
17670,2429,5.0,1313798400
17671,2430,5.0,1328486400
17672,2431,1.0,1362268800
11205,2431,5.0,1359590400
17673,2432,5.0,1357603200
17674,2433,5.0,1265328000
17675,2434,5.0,1265587200
17676,2434,1.0,1259798400
17677,2434,3.0,1265587200
17678,2437,1.0,1316044800
17679,2437,1.0,1322006400
17680,2437,5.0,1333497600
17681,2435,5.0,1376956800
17682,2435,5.0,1290470400
17683,2436,5.0,1338508800
17684,2436,5.0,1323216000
17685,2436,5.0,1296604800
17686,2438,3.0,1372377600
17687,2438,5.0,1354147200
17688,2438,5.0,1291075200
17689,2438,5.0,1259452800
17690,2438,3.0,1318204800
17691,2439,4.0,1365120000
17692,2439,3.0,1368576000
17693,2439,5.0,1375660800
17694,2439,5.0,1365120000
17695,2440,5.0,1368576000
17696,2441,4.0,1301529600
17697,2441,5.0,1300406400
17698,2441,3.0,1330300800
17699,2443,5.0,1387324800
17700,2443,5.0,1344384000
17701,2443,5.0,1315180800
17702,2443,5.0,1373500800
17703,2443,4.0,1373328000
17704,2442,1.0,1294272000
17705,2442,5.0,1290297600
17706,2444,5.0,1362700800
17707,2444,5.0,1372982400
7938,2444,5.0,1400198400
17708,2444,5.0,1400112000
17709,2444,5.0,1403913600
17710,2444,5.0,1395964800
17711,2445,5.0,1283731200
17712,2446,4.0,1298160000
17713,2447,5.0,1378857600
17714,2447,5.0,1346889600
17715,2447,5.0,1316649600
17716,2447,5.0,1357603200
17717,2447,5.0,1342656000
17718,2447,5.0,1361232000
17719,2447,2.0,1365811200
17720,2448,5.0,1395964800
17721,2448,5.0,1374710400
17722,2448,3.0,1403568000
17723,2448,4.0,1400544000
17724,2448,5.0,1373587200
17725,2448,5.0,1396224000
17726,2448,1.0,1400630400
17727,2449,1.0,1328572800
17728,2449,5.0,1366934400
17729,2449,4.0,1381190400
17730,2449,3.0,1315785600
17731,2449,5.0,1389744000
17732,2449,5.0,1404777600
17733,2449,1.0,1398816000
17734,2449,5.0,1388707200
17735,2449,5.0,1371772800
17736,2449,5.0,1379116800
17737,2449,4.0,1363737600
17738,2449,5.0,1306886400
17739,2449,5.0,1359676800
17740,2449,5.0,1362873600
17741,2449,5.0,1361577600
17742,2449,5.0,1356566400
17743,2450,4.0,1273622400
17744,2451,5.0,1403136000
17745,2451,5.0,1382313600
17746,2451,5.0,1321833600
17747,2451,5.0,1279497600
17748,2451,4.0,1379548800
17749,2451,1.0,1277337600
17750,2451,4.0,1400544000
1674,2451,5.0,1299196800
17751,2451,5.0,1386633600
17752,2453,5.0,1368489600
17753,2452,5.0,1378339200
17754,2454,5.0,1353974400
17755,2454,1.0,1262044800
9818,2455,1.0,1281312000
17756,2455,2.0,1283385600
17757,2456,5.0,1324684800
17758,2456,5.0,1271116800
17759,2457,5.0,1353369600
17760,2458,4.0,1296950400
17761,2459,1.0,1273968000
17762,2459,5.0,1281744000
17763,2459,5.0,1274313600
17764,2459,4.0,1273449600
17765,2460,3.0,1360627200
17766,2460,5.0,1365811200
17767,2460,5.0,1362787200
17768,2460,1.0,1378684800
17769,2460,1.0,1320278400
17770,2460,5.0,1350345600
17771,2461,4.0,1302307200
17772,2461,5.0,1372204800
17773,2462,5.0,1297814400
5647,2463,3.0,1352678400
17774,2463,5.0,1355616000
17775,2464,5.0,1362096000
17776,2464,4.0,1405123200
17777,2466,1.0,1365379200
17778,2466,4.0,1356912000
17779,2465,5.0,1368230400
17780,2465,5.0,1362268800
17781,2465,5.0,1392249600
436,2467,5.0,1278633600
17782,2468,5.0,1314489600
17783,2468,5.0,1331683200
17784,2469,5.0,1315699200
17785,2470,5.0,1349481600
17786,2470,5.0,1395360000
17787,2470,5.0,1356048000
17788,2470,5.0,1382313600
17789,2470,5.0,1345420800
17790,2470,5.0,1311033600
17791,2470,5.0,1263081600
17792,2470,5.0,1385251200
17793,2470,5.0,1380844800
8042,2470,5.0,1367884800
17794,2471,4.0,1370131200
17795,2472,5.0,1374710400
17796,2473,4.0,1316563200
17797,2475,4.0,1352937600
17798,2474,4.0,1289088000
17799,2474,1.0,1317340800
17800,2474,4.0,1294012800
17801,2476,1.0,1400803200
17802,2476,1.0,1379548800
17803,2476,5.0,1393718400
17804,2477,1.0,1318291200
17805,2477,5.0,1306368000
17806,2477,5.0,1386374400
17807,2478,5.0,1357516800
17808,2478,5.0,1313107200
17809,2478,5.0,1356825600
17810,2479,5.0,1379548800
17811,2480,5.0,1283817600
17812,2480,5.0,1297296000
17813,2481,5.0,1287446400
14019,2486,2.0,1393718400
17814,2486,5.0,1354320000
17815,2486,2.0,1361404800
17816,2486,4.0,1374364800
17817,2486,3.0,1390176000
17818,2486,5.0,1353283200
17819,2486,5.0,1340323200
17820,2486,5.0,1358035200
17821,2486,5.0,1364860800
17822,2486,4.0,1336694400
17823,2486,4.0,1331251200
17824,2486,3.0,1394323200
17825,2486,5.0,1327795200
17826,2486,5.0,1315958400
17827,2486,5.0,1370131200
17828,2486,5.0,1366329600
17829,2486,3.0,1346198400
13144,2486,2.0,1386115200
5158,2486,3.0,1357516800
17830,2486,5.0,1358467200
17831,2486,4.0,1367020800
17832,2486,1.0,1371427200
17833,2486,5.0,1341187200
17834,2486,5.0,1363219200
16501,2486,5.0,1355356800
17835,2486,1.0,1380153600
2045,2486,5.0,1312156800
17530,2486,5.0,1397865600
17836,2486,5.0,1391990400
17837,2486,5.0,1353801600
17838,2486,5.0,1346889600
17839,2486,5.0,1371686400
17840,2486,5.0,1398643200
14212,2486,5.0,1329350400
14045,2486,5.0,1345334400
17841,2486,5.0,1362960000
17842,2486,5.0,1354406400
17843,2486,5.0,1355184000
17844,2486,3.0,1379721600
16782,2486,3.0,1351036800
17845,2486,1.0,1364860800
16102,2486,2.0,1356307200
17846,2486,4.0,1369958400
17847,2486,5.0,1365984000
17848,2486,5.0,1315785600
17849,2486,5.0,1302307200
17850,2486,4.0,1340841600
17851,2486,5.0,1353456000
17852,2486,5.0,1374019200
17853,2486,4.0,1364256000
17854,2486,2.0,1323648000
17855,2486,5.0,1310083200
17856,2486,5.0,1378684800
17857,2482,5.0,1357084800
17858,2485,5.0,1389484800
17859,2484,5.0,1305849600
17860,2484,5.0,1332547200
17861,2483,5.0,1316390400
17862,2483,3.0,1269475200
17863,2487,5.0,1314489600
17864,2488,5.0,1339372800
17865,2489,5.0,1275868800
17866,2489,5.0,1275868800
17867,2489,5.0,1349913600
17868,2490,5.0,1385337600
17869,2490,4.0,1390608000
17870,2490,2.0,1365638400
17871,2490,1.0,1363737600
17872,2490,1.0,1359936000
17873,2490,1.0,1390262400
17874,2490,5.0,1355961600
17875,2490,5.0,1338249600
17876,2490,4.0,1392681600
17877,2490,1.0,1389312000
17878,2490,5.0,1360800000
17879,2490,5.0,1392336000
17880,2490,5.0,1274745600
17881,2490,4.0,1289692800
17882,2490,5.0,1396310400
17883,2490,3.0,1394323200
17884,2490,1.0,1355270400
17885,2490,1.0,1364688000
17886,2490,1.0,1375920000
17887,2490,1.0,1361923200
17888,2490,5.0,1285200000
17889,2490,1.0,1360022400
17890,2490,1.0,1351900800
17891,2490,1.0,1376956800
17892,2490,1.0,1397865600
17893,2490,1.0,1326585600
17894,2490,1.0,1359331200
17895,2490,1.0,1404000000
17896,2490,1.0,1376179200
17897,2490,1.0,1358985600
17898,2490,1.0,1361836800
17899,2490,1.0,1399420800
17900,2490,2.0,1360195200
17901,2490,4.0,1387324800
17902,2490,1.0,1350259200
17903,2490,1.0,1341446400
17904,2490,1.0,1399766400
17905,2490,2.0,1365811200
17906,2490,4.0,1343779200
17907,2490,5.0,1381795200
17908,2490,1.0,1358553600
17909,2490,1.0,1394064000
17910,2490,2.0,1390953600
17911,2490,4.0,1400544000
17912,2490,1.0,1337212800
17913,2490,3.0,1357689600
17914,2490,1.0,1394928000
17915,2490,1.0,1365033600
17916,2490,1.0,1369872000
17917,2490,5.0,1373500800
17918,2490,1.0,1360195200
17919,2490,1.0,1389398400
17920,2490,1.0,1376438400
17921,2490,5.0,1336780800
17922,2490,5.0,1365292800
17923,2490,1.0,1331856000
17924,2490,4.0,1332979200
17925,2490,5.0,1385769600
17926,2490,1.0,1364428800
17927,2490,1.0,1342656000
17928,2490,5.0,1339632000
17929,2490,1.0,1358812800
17930,2490,1.0,1389744000
17931,2490,5.0,1389657600
17932,2490,1.0,1267488000
17933,2490,1.0,1389225600
17934,2490,1.0,1361404800
10492,2490,1.0,1363219200
17935,2490,4.0,1345939200
17936,2490,5.0,1391644800
17937,2490,1.0,1385769600
17938,2490,1.0,1382486400
17939,2490,1.0,1392249600
17940,2490,5.0,1332460800
17941,2490,3.0,1382832000
17942,2490,5.0,1332720000
17943,2490,1.0,1388361600
17944,2490,5.0,1393372800
17945,2490,5.0,1340582400
17946,2490,1.0,1382227200
17947,2490,1.0,1357257600
17948,2490,3.0,1370908800
17949,2490,1.0,1364515200
17950,2490,4.0,1304553600
17951,2491,5.0,1267228800
17952,2492,5.0,1310169600
17953,2492,2.0,1376524800
17954,2493,5.0,1369008000
17955,2493,5.0,1368057600
17956,2493,5.0,1389830400
17957,2493,5.0,1392336000
17958,2494,5.0,1325980800
17959,2495,3.0,1289260800
17960,2496,3.0,1273622400
17961,2496,3.0,1269734400
17962,2496,3.0,1268870400
17963,2497,5.0,1394755200
17964,2497,3.0,1371427200
17965,2497,5.0,1369440000
17966,2497,4.0,1370131200
17967,2497,4.0,1381708800
3508,2497,4.0,1284595200
17968,2497,5.0,1367452800
17969,2497,4.0,1375747200
17970,2497,3.0,1394496000
17971,2497,2.0,1284681600
17972,2497,5.0,1362873600
17973,2498,5.0,1378684800
17974,2498,4.0,1399939200
17975,2498,1.0,1398470400
17976,2499,4.0,1351728000
17977,2499,5.0,1367884800
17978,2500,2.0,1370563200
17979,2500,5.0,1310169600
17980,2500,1.0,1346889600
17981,2501,5.0,1354924800
17982,2501,5.0,1291680000
17983,2502,5.0,1389744000
17984,2502,2.0,1327795200
17985,2502,5.0,1362096000
17986,2502,5.0,1353888000
17987,2504,5.0,1331424000
17988,2504,4.0,1367107200
17989,2505,5.0,1348099200
17990,2505,5.0,1362960000
17991,2503,5.0,1311984000
17992,2503,4.0,1320364800
17984,2503,4.0,1327795200
17993,2503,5.0,1351036800
17994,2503,5.0,1334793600
17995,2506,1.0,1287705600
17996,2507,5.0,1283904000
17997,2508,5.0,1324598400
17998,2509,4.0,1283126400
17999,2509,5.0,1306886400
18000,2509,1.0,1354147200
18001,2510,5.0,1382572800
18002,2511,4.0,1299801600
18003,2512,5.0,1368316800
18004,2513,5.0,1374710400
18005,2513,5.0,1401926400
18006,2513,5.0,1366156800
18007,2513,5.0,1357689600
18008,2513,3.0,1388620800
18009,2513,5.0,1399075200
18010,2513,5.0,1388448000
18011,2513,5.0,1369353600
18012,2513,5.0,1390867200
18013,2513,5.0,1338508800
18014,2514,4.0,1280620800
18015,2515,2.0,1395619200
18016,2516,5.0,1353196800
18017,2517,5.0,1373155200
18018,2517,5.0,1371081600
18019,2517,5.0,1376438400
18020,2517,2.0,1375574400
18021,2517,1.0,1364601600
18022,2518,4.0,1358812800
18023,2520,3.0,1296000000
18024,2520,4.0,1303257600
18025,2520,4.0,1375747200
18026,2520,1.0,1308787200
18027,2519,5.0,1320451200
18028,2521,5.0,1357776000
18029,2522,5.0,1337212800
18030,2522,5.0,1372464000
18031,2522,2.0,1383004800
18032,2522,5.0,1304121600
18033,2522,5.0,1328832000
18034,2522,4.0,1328227200
18035,2522,4.0,1387670400
18036,2522,5.0,1334793600
18037,2522,3.0,1344988800
18038,2522,5.0,1311811200
18039,2522,4.0,1327622400
18040,2522,5.0,1282435200
18041,2522,3.0,1284681600
18042,2522,2.0,1289174400
18043,2522,5.0,1322524800
18044,2522,5.0,1269216000
18045,2522,5.0,1277424000
18046,2522,5.0,1300665600
18047,2522,4.0,1299628800
18048,2522,5.0,1283558400
18049,2522,2.0,1270080000
18050,2522,3.0,1272672000
18051,2522,5.0,1355184000
18052,2522,5.0,1271808000
18053,2522,5.0,1300320000
18054,2522,2.0,1289952000
18055,2522,3.0,1316044800
18056,2522,4.0,1271635200
18057,2522,5.0,1270857600
18058,2522,3.0,1272326400
18059,2522,5.0,1274054400
18060,2522,3.0,1331942400
18061,2522,4.0,1306454400
18062,2522,5.0,1265587200
18063,2522,4.0,1297036800
18064,2522,5.0,1297900800
18065,2522,5.0,1333670400
18066,2522,1.0,1338768000
18067,2522,3.0,1329696000
18068,2523,5.0,1298851200
18069,2524,5.0,1322438400
18070,2524,5.0,1283904000
18071,2524,5.0,1293667200
18072,2524,5.0,1337558400
18073,2524,5.0,1364947200
18074,2524,1.0,1312416000
18075,2524,3.0,1372723200
18076,2524,4.0,1375920000
18077,2524,1.0,1338336000
18078,2525,5.0,1343001600
18079,2525,4.0,1317168000
18080,2526,2.0,1302652800
18081,2526,3.0,1292198400
18082,2527,5.0,1362441600
18083,2527,5.0,1317686400
18084,2527,4.0,1375228800
18085,2527,5.0,1377993600
18086,2527,5.0,1328745600
18087,2527,5.0,1380931200
18088,2527,5.0,1397001600
18089,2527,4.0,1385251200
11708,2527,4.0,1375401600
18090,2527,4.0,1358640000
18091,2527,3.0,1391558400
18092,2528,5.0,1393459200
18093,2528,4.0,1381104000
18094,2528,5.0,1371945600
18095,2528,5.0,1378944000
18096,2529,4.0,1316995200
18097,2530,5.0,1301616000
18098,2531,5.0,1262649600
18099,2531,4.0,1297209600
18100,2532,4.0,1316563200
18101,2532,5.0,1278892800
18102,2532,5.0,1302998400
18103,2534,5.0,1281484800
18104,2533,2.0,1285459200
18105,2533,4.0,1281744000
18106,2535,5.0,1363651200
18107,2536,5.0,1388448000
18108,2536,5.0,1370822400
18109,2536,4.0,1299283200
18110,2537,4.0,1287014400
18111,2538,5.0,1375056000
18112,2538,5.0,1356739200
18113,2539,5.0,1271376000
18114,2540,4.0,1342051200
18115,2541,5.0,1350518400
18116,2542,5.0,1316649600
18117,2542,3.0,1324339200
18118,2543,1.0,1392076800
18119,2544,4.0,1357603200
18120,2544,4.0,1327104000
18121,2544,3.0,1343088000
18122,2544,5.0,1316995200
18123,2544,5.0,1323302400
18124,2544,3.0,1311465600
18125,2545,5.0,1371772800
18126,2545,5.0,1320969600
18127,2546,5.0,1309132800
18128,2546,5.0,1395705600
18129,2547,1.0,1282953600
18130,2548,5.0,1405555200
18131,2548,1.0,1379116800
18132,2548,3.0,1400025600
18133,2548,5.0,1381190400
18134,2548,5.0,1395187200
18135,2548,5.0,1402272000
18136,2548,5.0,1388620800
18137,2548,2.0,1383264000
18138,2548,5.0,1384732800
18139,2548,5.0,1397088000
18140,2548,3.0,1361836800
18141,2548,5.0,1385856000
18142,2548,5.0,1375056000
18143,2548,5.0,1379635200
18144,2548,5.0,1402876800
18145,2548,5.0,1394668800
18146,2548,5.0,1376006400
18147,2548,5.0,1382832000
18148,2548,3.0,1403136000
18149,2548,5.0,1378857600
18150,2548,5.0,1377388800
18151,2548,5.0,1405209600
18152,2548,1.0,1402272000
18153,2548,4.0,1364515200
18154,2548,5.0,1386288000
18155,2548,2.0,1378944000
18156,2548,5.0,1404518400
18157,2548,5.0,1370044800
18158,2548,3.0,1380326400
18159,2548,5.0,1382400000
18160,2548,1.0,1383436800
18161,2548,5.0,1381276800
18162,2549,5.0,1282435200
18163,2549,5.0,1303257600
18164,2549,5.0,1194393600
18165,2549,4.0,1370390400
18166,2549,5.0,1387238400
18167,2549,5.0,1201132800
18168,2550,4.0,1393459200
18169,2550,5.0,1345420800
18170,2550,4.0,1373328000
15935,2550,5.0,1262908800
18171,2550,4.0,1383436800
18172,2550,3.0,1392595200
18173,2551,3.0,1316995200
18174,2552,5.0,1269043200
18175,2553,1.0,1322611200
18176,2554,5.0,1354665600
18177,2554,5.0,1361145600
18178,2554,5.0,1393286400
18179,2554,1.0,1379635200
18180,2555,5.0,1331596800
18181,2556,5.0,1360368000
18182,2556,1.0,1357776000
18183,2556,5.0,1354665600
18184,2556,4.0,1359676800
18185,2556,5.0,1352160000
18186,2556,4.0,1357430400
18187,2557,5.0,1313798400
18188,2557,5.0,1304812800
18189,2558,1.0,1405814400
18190,2558,4.0,1405296000
18191,2558,4.0,1405987200
18192,2558,1.0,1405209600
18193,2558,5.0,1341187200
18194,2558,5.0,1400025600
18195,2558,5.0,1367884800
18196,2558,5.0,1376870400
18197,2558,5.0,1372550400
18198,2558,5.0,1400025600
18199,2558,5.0,1323043200
18200,2558,5.0,1395878400
18201,2558,4.0,1302825600
18202,2558,5.0,1364947200
18203,2558,5.0,1381536000
18204,2558,5.0,1397433600
18205,2558,1.0,1400457600
18206,2558,4.0,1385683200
18207,2558,5.0,1388534400
18208,2558,5.0,1316217600
18209,2558,1.0,1404259200
18210,2558,5.0,1366934400
18211,2558,5.0,1399766400
18212,2558,5.0,1295308800
18213,2558,5.0,1371513600
18214,2558,5.0,1397520000
18215,2558,3.0,1394668800
18216,2558,4.0,1379980800
18217,2558,5.0,1326326400
18218,2558,3.0,1386460800
18219,2558,4.0,1378684800
18220,2558,5.0,1389830400
18221,2558,1.0,1400457600
18222,2558,1.0,1366329600
18223,2558,5.0,1375056000
18224,2558,4.0,1301961600
18225,2558,5.0,1384732800
18226,2558,1.0,1363651200
18227,2558,5.0,1363996800
18228,2558,5.0,1322697600
18229,2558,5.0,1368921600
18230,2558,5.0,1380585600
18231,2558,5.0,1355184000
18232,2558,4.0,1404864000
18233,2558,3.0,1396310400
18234,2558,5.0,1371772800
18235,2558,2.0,1383177600
18236,2558,5.0,1377734400
18237,2558,4.0,1361232000
18238,2558,4.0,1293580800
18239,2558,4.0,1380585600
18240,2558,5.0,1384560000
18241,2558,1.0,1394755200
18242,2558,1.0,1396483200
18243,2558,3.0,1383004800
18244,2558,4.0,1291766400
18245,2558,5.0,1398038400
18246,2558,4.0,1400112000
18247,2558,3.0,1402358400
18248,2558,5.0,1382313600
18249,2558,5.0,1388361600
18250,2558,3.0,1398384000
18251,2558,2.0,1369785600
18252,2558,5.0,1383177600
18253,2558,5.0,1385510400
18254,2558,3.0,1349740800
18255,2558,5.0,1400371200
18256,2558,5.0,1395532800
18257,2558,5.0,1328054400
18258,2558,5.0,1372809600
18259,2558,2.0,1371859200
18260,2558,5.0,1392595200
18261,2558,5.0,1392076800
18262,2558,2.0,1395014400
18263,2558,5.0,1386288000
18264,2558,3.0,1376179200
18265,2558,5.0,1377648000
18266,2558,5.0,1357776000
18267,2558,5.0,1389830400
18268,2558,3.0,1382918400
18269,2558,5.0,1363305600
18270,2558,5.0,1397520000
18271,2558,1.0,1402012800
18272,2558,1.0,1377388800
18273,2558,4.0,1386201600
18274,2558,5.0,1392681600
18275,2558,5.0,1374105600
18276,2558,5.0,1377734400
18277,2558,5.0,1383782400
18278,2558,3.0,1404172800
18279,2558,4.0,1381795200
18280,2558,5.0,1366761600
18281,2558,1.0,1402444800
18282,2558,5.0,1379548800
18283,2558,5.0,1359158400
18284,2558,5.0,1392249600
18285,2558,4.0,1395360000
18286,2558,5.0,1368835200
18287,2558,5.0,1383868800
18288,2558,4.0,1285545600
18289,2558,5.0,1357603200
18290,2558,5.0,1392076800
18291,2558,5.0,1371168000
18292,2558,3.0,1363046400
18293,2558,5.0,1356048000
18294,2558,5.0,1388361600
18295,2558,5.0,1381190400
18296,2558,4.0,1383868800
18297,2558,4.0,1310342400
18298,2558,2.0,1327104000
18299,2558,5.0,1404691200
18300,2558,5.0,1391212800
18301,2558,5.0,1399939200
18302,2558,5.0,1376524800
18303,2558,5.0,1337040000
18304,2558,5.0,1396656000
18305,2558,1.0,1386633600
18306,2558,5.0,1278979200
18307,2558,5.0,1352592000
15431,2558,5.0,1397606400
18308,2558,5.0,1393459200
18309,2558,5.0,1400112000
18310,2558,5.0,1394496000
18311,2558,5.0,1397692800
18312,2558,5.0,1365465600
18313,2558,5.0,1324944000
18314,2558,5.0,1384387200
18315,2558,1.0,1373328000
18316,2558,5.0,1377129600
18317,2558,5.0,1353628800
18318,2558,2.0,1367798400
18319,2558,1.0,1382140800
18320,2558,5.0,1380758400
18321,2558,5.0,1384819200
18322,2558,5.0,1377734400
18323,2558,5.0,1404432000
18324,2558,5.0,1377043200
18325,2558,4.0,1376956800
18326,2558,5.0,1375315200
18327,2558,5.0,1296691200
18328,2558,4.0,1383955200
17298,2558,5.0,1368144000
18329,2558,5.0,1324857600
18330,2558,5.0,1366588800
18331,2558,5.0,1357689600
18332,2558,5.0,1395619200
18333,2558,5.0,1392076800
18334,2558,5.0,1389225600
18335,2558,5.0,1338163200
18336,2558,1.0,1401667200
18337,2558,5.0,1390867200
18338,2558,5.0,1368662400
18339,2558,2.0,1313193600
18340,2558,5.0,1333670400
18341,2558,4.0,1396828800
18342,2558,1.0,1357603200
18343,2558,1.0,1305072000
18344,2558,5.0,1398038400
18345,2558,4.0,1363564800
18346,2558,4.0,1317427200
18347,2558,4.0,1401321600
2875,2558,5.0,1364083200
18348,2558,5.0,1368835200
18349,2558,5.0,1365206400
18350,2558,4.0,1308009600
18351,2558,1.0,1376352000
18352,2558,5.0,1330905600
18353,2558,5.0,1395792000
18354,2558,5.0,1398297600
18355,2558,1.0,1394841600
18356,2558,4.0,1401235200
18357,2558,4.0,1402272000
18358,2558,4.0,1347408000
18359,2558,5.0,1221955200
18360,2558,1.0,1399852800
18361,2558,3.0,1393372800
18362,2558,5.0,1383782400
18363,2558,5.0,1343779200
18364,2558,3.0,1317686400
18365,2558,4.0,1373673600
18366,2558,5.0,1384819200
18367,2558,5.0,1369699200
18368,2558,5.0,1340841600
18369,2558,5.0,1371427200
18370,2558,3.0,1353369600
18371,2558,5.0,1377129600
18372,2558,5.0,1392076800
18373,2558,1.0,1403827200
18374,2558,5.0,1369699200
18375,2558,5.0,1398556800
18376,2558,3.0,1288396800
18377,2558,5.0,1399420800
18378,2558,5.0,1375142400
18379,2558,5.0,1367712000
18380,2558,4.0,1400716800
18381,2558,5.0,1370131200
18382,2558,3.0,1385337600
18383,2558,5.0,1398470400
18384,2558,4.0,1403568000
18385,2558,5.0,1389830400
18386,2558,5.0,1361232000
18387,2558,5.0,1377993600
18388,2558,5.0,1391904000
18389,2558,4.0,1368057600
18390,2558,5.0,1379721600
18391,2559,2.0,1366156800
18392,2559,3.0,1382659200
18393,2559,5.0,1404691200
18394,2559,4.0,1299715200
18395,2559,5.0,1365465600
18396,2559,4.0,1375488000
18397,2559,4.0,1373414400
18398,2559,1.0,1316995200
18399,2559,3.0,1351036800
18400,2559,5.0,1274918400
18401,2559,5.0,1342483200
18402,2559,4.0,1386288000
18403,2559,1.0,1285200000
18404,2559,3.0,1374105600
18405,2559,4.0,1356307200
18406,2559,3.0,1379894400
18407,2559,1.0,1384473600
18408,2559,5.0,1350950400
18409,2559,5.0,1380672000
18410,2559,1.0,1307750400
18411,2559,5.0,1364428800
18412,2559,2.0,1293580800
18413,2559,1.0,1387238400
18414,2559,3.0,1373673600
18415,2559,3.0,1300492800
18416,2559,4.0,1379980800
18417,2559,5.0,1404691200
18418,2559,1.0,1396742400
18419,2559,5.0,1401235200
18420,2559,1.0,1318896000
18421,2559,4.0,1403654400
18422,2559,5.0,1384387200
18423,2559,5.0,1404950400
18424,2559,1.0,1403568000
18425,2559,3.0,1353888000
18426,2559,2.0,1366761600
18427,2559,3.0,1366588800
18428,2559,5.0,1312934400
18429,2559,5.0,1302566400
18430,2559,1.0,1392163200
18431,2559,5.0,1278374400
18432,2559,2.0,1331510400
18433,2559,1.0,1331251200
18434,2559,5.0,1397347200
18435,2559,1.0,1375920000
18436,2559,1.0,1387670400
18437,2560,2.0,1320364800
18438,2560,5.0,1296604800
18439,2561,5.0,1339027200
18440,2561,5.0,1315267200
18441,2561,4.0,1388188800
18442,2562,5.0,1405382400
18443,2562,5.0,1309392000
18444,2562,2.0,1358467200
18445,2562,3.0,1393977600
18446,2563,3.0,1315785600
18447,2563,3.0,1361491200
18448,2563,5.0,1339027200
18449,2564,4.0,1324857600
18450,2565,5.0,1392076800
18451,2566,1.0,1340841600
18452,2566,2.0,1276905600
18453,2566,5.0,1277510400
18454,2567,5.0,1306454400
18455,2568,5.0,1383609600
18456,2569,5.0,1385856000
18457,2569,4.0,1362009600
18458,2569,5.0,1380153600
18459,2569,4.0,1366761600
18460,2569,5.0,1404604800
18461,2569,3.0,1372032000
18462,2569,5.0,1378080000
18463,2569,4.0,1382227200
18464,2569,5.0,1359849600
18465,2569,5.0,1366675200
15947,2569,5.0,1350345600
18466,2569,5.0,1316908800
18467,2569,5.0,1377993600
18468,2569,5.0,1377820800
18469,2569,5.0,1387756800
18470,2569,4.0,1363305600
18471,2569,5.0,1323388800
18472,2569,5.0,1341878400
18473,2569,5.0,1376352000
18474,2569,4.0,1402876800
130,2569,5.0,1395360000
18475,2569,5.0,1310947200
18476,2569,5.0,1363910400
18477,2570,5.0,1289433600
18478,2570,5.0,1278374400
18479,2571,2.0,1387411200
18480,2571,5.0,1405036800
18481,2571,5.0,1376524800
18482,2571,5.0,1352160000
18483,2571,5.0,1360454400
18484,2571,4.0,1370563200
18485,2572,1.0,1369180800
18486,2573,3.0,1300406400
18487,2574,5.0,1365379200
18488,2575,5.0,1387497600
18489,2575,5.0,1396137600
18490,2575,5.0,1401408000
18491,2575,5.0,1405209600
18492,2575,5.0,1383004800
18493,2575,5.0,1363737600
18494,2575,5.0,1366156800
18495,2575,5.0,1397260800
18496,2577,1.0,1332720000
18497,2577,1.0,1382572800
18498,2577,5.0,1308700800
18499,2577,5.0,1356307200
18500,2577,3.0,1356048000
18501,2577,1.0,1358294400
18502,2577,5.0,1291507200
18503,2577,5.0,1367107200
18504,2577,5.0,1325635200
5133,2576,5.0,1353801600
18505,2576,4.0,1389052800
18506,2580,5.0,1363046400
18507,2578,5.0,1346803200
18508,2578,5.0,1368662400
18509,2578,5.0,1362873600
18510,2578,1.0,1399420800
18511,2578,5.0,1331596800
18512,2579,3.0,1360886400
18513,2579,5.0,1323648000
18514,2581,5.0,1343088000
18515,2582,5.0,1360022400
18516,2582,4.0,1359936000
18517,2582,5.0,1367625600
18518,2582,5.0,1373328000
18519,2582,5.0,1360540800
18520,2582,3.0,1363996800
18521,2582,1.0,1397952000
18522,2582,5.0,1353369600
18523,2583,5.0,1377129600
18524,2584,3.0,1303776000
18525,2585,2.0,1268784000
18526,2585,3.0,1269043200
18527,2585,5.0,1267574400
18528,2585,4.0,1271289600
18529,2585,4.0,1266969600
18530,2585,4.0,1264723200
18531,2585,5.0,1269734400
18532,2585,5.0,1267488000
18533,2585,5.0,1265673600
18534,2585,5.0,1268524800
18535,2585,4.0,1269302400
18536,2585,5.0,1270080000
18537,2585,5.0,1266364800
18538,2585,3.0,1267660800
18539,2585,4.0,1266451200
18540,2585,5.0,1270339200
18541,2585,4.0,1270598400
18542,2585,3.0,1363219200
18543,2585,4.0,1273104000
11336,2586,5.0,1293062400
18544,2586,3.0,1369353600
18545,2586,5.0,1343606400
18546,2586,5.0,1342483200
3682,2586,5.0,1394150400
18547,2586,5.0,1359072000
18548,2587,5.0,1394496000
18549,2588,3.0,1311552000
18550,2589,3.0,1329436800
18551,2590,4.0,1279411200
18552,2590,3.0,1299628800
7856,2591,5.0,1368057600
18553,2592,3.0,1368489600
18554,2593,5.0,1392249600
18555,2593,5.0,1381622400
18556,2593,5.0,1287446400
18557,2593,5.0,1361232000
3864,2594,5.0,1338249600
18558,2594,4.0,1273881600
18559,2595,1.0,1267488000
18560,2596,5.0,1376438400
18561,2596,3.0,1321920000
18562,2597,5.0,1363651200
18563,2598,5.0,1282608000
15968,2599,5.0,1356307200
18564,2600,5.0,1274745600
18565,2600,3.0,1367625600
18566,2600,5.0,1340755200
18567,2602,5.0,1383609600
1190,2602,5.0,1312070400
18568,2602,1.0,1301184000
18569,2601,5.0,1388016000
18570,2603,4.0,1270684800
18571,2604,3.0,1401667200
18572,2605,5.0,1313798400
18573,2606,5.0,1373241600
18574,2607,1.0,1353715200
18575,2607,3.0,1354752000
18576,2607,1.0,1352073600
18577,2607,1.0,1339545600
18578,2608,5.0,1286150400
18579,2609,2.0,1287705600
18580,2610,5.0,1280016000
18581,2611,4.0,1362441600
18582,2611,5.0,1391472000
18583,2611,4.0,1359158400
18584,2611,5.0,1341100800
18585,2612,5.0,1359158400
18586,2614,1.0,1381881600
18587,2614,1.0,1303171200
18588,2614,5.0,1356307200
8590,2614,5.0,1356998400
18589,2614,2.0,1382572800
18590,2614,5.0,1398556800
18591,2614,3.0,1318896000
18592,2613,3.0,1313539200
18593,2615,5.0,1369526400
18594,2616,5.0,1399852800
18595,2616,5.0,1384473600
18596,2617,1.0,1327881600
18597,2617,3.0,1292112000
18598,2617,1.0,1364169600
18599,2617,5.0,1390089600
18600,2617,1.0,1384128000
18601,2617,1.0,1283904000
18602,2617,2.0,1311984000
18603,2617,5.0,1374624000
16925,2617,1.0,1307059200
18604,2618,1.0,1390694400
18605,2618,5.0,1362614400
18606,2619,5.0,1296864000
18607,2619,4.0,1294099200
18608,2619,2.0,1283904000
18609,2619,1.0,1276992000
18610,2619,2.0,1293062400
18611,2619,1.0,1353456000
18612,2619,1.0,1316822400
18613,2619,4.0,1348963200
18614,2620,1.0,1297123200
18615,2621,5.0,1392854400
18616,2622,5.0,1313884800
18617,2622,2.0,1356998400
18618,2622,5.0,1351728000
18619,2622,1.0,1354233600
18620,2622,1.0,1311120000
18621,2623,2.0,1346889600
18622,2623,1.0,1327104000
18623,2624,2.0,1328054400
18624,2625,5.0,1377561600
18625,2625,5.0,1351382400
18626,2625,5.0,1374710400
18627,2625,1.0,1390780800
18628,2625,5.0,1247616000
18629,2625,5.0,1382918400
18630,2625,3.0,1359590400
18631,2626,5.0,1268611200
1736,2627,4.0,1268524800
18632,2627,3.0,1273449600
18633,2627,1.0,1289433600
18634,2627,5.0,1309910400
18635,2628,5.0,1380412800
18636,2629,1.0,1309392000
18637,2629,5.0,1339804800
18638,2630,1.0,1400544000
18639,2630,4.0,1391040000
18640,2630,5.0,1392076800
18641,2630,5.0,1377907200
18642,2630,5.0,1294704000
18643,2630,5.0,1390694400
18644,2630,1.0,1351555200
18645,2630,5.0,1340496000
18646,2631,5.0,1323993600
18647,2632,5.0,1336608000
123,2633,5.0,1270857600
18648,2633,5.0,1399248000
18649,2634,5.0,1363996800
18650,2634,5.0,1286668800
18651,2638,3.0,1360108800
18652,2638,4.0,1357257600
6590,2638,5.0,1389312000
18653,2638,4.0,1389830400
7750,2635,2.0,1349913600
18654,2636,3.0,1355961600
15498,2636,2.0,1357171200
16267,2636,5.0,1319760000
18655,2636,5.0,1377820800
18656,2636,3.0,1380672000
18657,2636,5.0,1401667200
18658,2637,1.0,1328918400
10572,2639,5.0,1349654400
18659,2641,4.0,1383350400
18660,2641,4.0,1343433600
18661,2641,4.0,1353888000
18662,2641,5.0,1381363200
18663,2640,4.0,1293321600
18664,2640,4.0,1364342400
18665,2640,5.0,1386115200
18666,2640,5.0,1295049600
18667,2644,5.0,1383177600
18668,2642,3.0,1387065600
18669,2643,1.0,1345334400
18670,2646,1.0,1361577600
18671,2651,1.0,1368057600
2877,2651,5.0,1107734400
18672,2651,5.0,1369440000
6713,2645,5.0,1335484800
18673,2647,4.0,1293840000
18674,2653,5.0,1360627200
18675,2650,5.0,1333497600
18676,2648,5.0,1376179200
17937,2652,5.0,1324425600
18677,2649,5.0,1278806400
2045,2654,5.0,1288483200
18678,2654,5.0,1279670400
18679,2654,5.0,1336521600
18680,2654,5.0,1375660800
1716,2654,2.0,1322697600
18681,2654,5.0,1236384000
18682,2654,4.0,1283817600
18683,2656,5.0,1344556800
18684,2661,5.0,1358121600
18685,2655,5.0,1309996800
18686,2655,5.0,1309046400
18687,2655,4.0,1313193600
18688,2655,5.0,1315094400
18689,2655,4.0,1311379200
18690,2655,5.0,1364860800
15179,2657,5.0,1372291200
18691,2659,5.0,1324080000
18692,2659,4.0,1316476800
17401,2660,5.0,1271721600
18693,2658,5.0,1344902400
18694,2662,5.0,1392076800
18695,2664,4.0,1354147200
18696,2663,5.0,1362873600
18697,2665,5.0,1362182400
18698,2665,5.0,1323216000
18699,2665,1.0,1386460800
18700,2665,5.0,1403568000
18701,2666,4.0,1314662400
18702,2666,2.0,1309478400
18703,2666,5.0,1371513600
18704,2666,1.0,1372291200
18705,2666,5.0,1368230400
18706,2666,5.0,1358985600
18707,2666,1.0,1344211200
18708,2666,3.0,1392940800
18709,2666,4.0,1316649600
18710,2666,2.0,1339545600
18711,2666,5.0,1395878400
18712,2666,3.0,1359331200
18713,2666,4.0,1356739200
18714,2666,5.0,1400716800
18715,2666,3.0,1355702400
18716,2667,5.0,1368748800
18717,2667,3.0,1369094400
18718,2667,5.0,1382227200
18719,2667,4.0,1326412800
18720,2668,5.0,1269129600
18721,2669,4.0,1400457600
18722,2670,5.0,1362960000
18723,2670,1.0,1365724800
18724,2671,5.0,1323129600
18725,2671,4.0,1334534400
18726,2673,5.0,1364947200
18727,2673,4.0,1362873600
18728,2673,1.0,1302825600
18729,2673,5.0,1304380800
18730,2673,5.0,1323475200
18731,2672,3.0,1323734400
12531,2672,5.0,1326067200
1716,2672,4.0,1284595200
18732,2674,4.0,1271116800
18733,2675,5.0,1267142400
18734,2676,1.0,1278979200
18735,2678,5.0,1387152000
18736,2677,5.0,1285804800
18737,2679,1.0,1294099200
18738,2680,1.0,1311897600
18739,2680,2.0,1300838400
18740,2681,5.0,1291507200
18741,2681,5.0,1328054400
5893,2682,5.0,1363478400
18742,2682,5.0,1357948800
18743,2682,5.0,1396224000
18744,2682,5.0,1358294400
18745,2683,5.0,1355356800
18746,2683,5.0,1383091200
18747,2684,5.0,1302220800
18748,2684,5.0,1388707200
18749,2684,2.0,1299801600
18750,2686,5.0,1383436800
18751,2686,5.0,1338076800
18752,2686,5.0,1326672000
18753,2685,5.0,1383091200
18754,2685,5.0,1376265600
18755,2685,5.0,1389225600
18756,2687,3.0,1329436800
18757,2688,2.0,1326499200
18758,2688,4.0,1394409600
18759,2688,5.0,1375833600
18760,2688,5.0,1379116800
18761,2688,5.0,1355788800
18762,2688,5.0,1345852800
18763,2688,5.0,1297123200
18764,2688,5.0,1404777600
18765,2688,5.0,1333843200
18766,2688,5.0,1389052800
18767,2688,1.0,1378598400
18768,2688,5.0,1368662400
18769,2688,5.0,1333497600
18770,2688,5.0,1358899200
18771,2688,2.0,1325721600
17136,2688,5.0,1320710400
2346,2689,5.0,1378771200
18772,2689,3.0,1378598400
18773,2689,5.0,1354579200
18774,2689,3.0,1375920000
18775,2689,5.0,1339372800
18776,2689,5.0,1351036800
18761,2689,5.0,1355788800
18777,2689,4.0,1383696000
18778,2689,4.0,1355270400
18779,2689,2.0,1373587200
18780,2689,5.0,1365724800
18781,2689,3.0,1367625600
9403,2689,1.0,1326067200
18782,2689,5.0,1337385600
18783,2689,1.0,1354233600
18784,2689,3.0,1373068800
18785,2689,5.0,1365552000
18786,2689,5.0,1387238400
18787,2689,5.0,1380844800
18788,2689,2.0,1391299200
18789,2689,5.0,1400198400
18790,2689,4.0,1364774400
18791,2690,1.0,1383350400
18792,2690,5.0,1278633600
18793,2691,5.0,1342828800
18794,2691,3.0,1341014400
18795,2693,4.0,1363737600
18796,2693,5.0,1320710400
18797,2693,5.0,1293494400
18798,2692,5.0,1339977600
18799,2692,5.0,1291334400
18800,2694,5.0,1392336000
18801,2695,5.0,1292889600
11964,2696,5.0,1328486400
18802,2697,5.0,1388275200
18803,2697,5.0,1361836800
18804,2697,5.0,1317859200
18805,2697,2.0,1350864000
18806,2697,5.0,1391990400
18807,2697,5.0,1377648000
18808,2697,5.0,1371168000
18809,2697,5.0,1363478400
18810,2697,5.0,1312156800
18811,2697,5.0,1379635200
18812,2697,5.0,1365033600
18813,2697,5.0,1357257600
18814,2697,5.0,1373068800
18815,2697,5.0,1294185600
18816,2697,5.0,1317427200
18817,2697,2.0,1379203200
18818,2697,5.0,1339891200
18819,2697,5.0,1386720000
18820,2697,5.0,1363910400
18821,2697,4.0,1272672000
18822,2697,5.0,1330560000
18823,2697,3.0,1395705600
18824,2697,4.0,1317600000
18825,2697,5.0,1309737600
18826,2697,4.0,1357084800
18827,2697,5.0,1388966400
18828,2697,5.0,1306281600
18829,2697,5.0,1385337600
18830,2697,4.0,1389052800
18831,2697,5.0,1355270400
18832,2697,5.0,1375920000
18833,2697,5.0,1298678400
18834,2697,5.0,1398124800
18835,2697,5.0,1395878400
18836,2697,2.0,1354406400
18837,2697,5.0,1396742400
18838,2697,4.0,1376956800
18839,2697,5.0,1404777600
18840,2697,5.0,1347580800
18841,2697,5.0,1334016000
18842,2697,5.0,1337040000
18843,2697,1.0,1359590400
18844,2697,5.0,1332201600
18845,2698,5.0,1370476800
18846,2698,1.0,1359936000
18847,2698,1.0,1388016000
18848,2699,5.0,1334016000
18849,2700,4.0,1368748800
18850,2701,3.0,1358985600
18851,2701,5.0,1374019200
18852,2701,5.0,1296345600
18853,2701,5.0,1348272000
18854,2701,1.0,1402272000
18855,2701,5.0,1363651200
18856,2701,3.0,1392249600
18857,2701,5.0,1370217600
18858,2701,5.0,1300665600
18859,2701,5.0,1357257600
18860,2701,5.0,1277251200
18055,2701,5.0,1316044800
18861,2701,5.0,1394928000
18862,2701,5.0,1287532800
18863,2701,5.0,1370649600
18864,2701,5.0,1370995200
18865,2702,5.0,1269302400
18866,2702,5.0,1269043200
18867,2702,5.0,1271548800
18868,2702,5.0,1271462400
18869,2703,5.0,1378080000
18870,2704,5.0,1319500800
18871,2704,1.0,1311465600
18872,2704,5.0,1399852800
18873,2704,2.0,1364256000
18874,2704,1.0,1257897600
18875,2704,4.0,1325635200
18876,2704,5.0,1307145600
18877,2704,3.0,1404172800
18878,2705,3.0,1286755200
18879,2706,5.0,1395705600
18880,2706,5.0,1283644800
18881,2706,1.0,1356998400
18882,2707,4.0,1294444800
18883,2708,5.0,1300320000
18884,2709,5.0,1370044800
18885,2709,5.0,1332633600
18886,2710,5.0,1282780800
18887,2711,5.0,1344124800
18888,2712,5.0,1367884800
18889,2712,4.0,1373587200
18890,2712,5.0,1392508800
18891,2712,3.0,1350172800
18892,2712,4.0,1377648000
18893,2712,5.0,1346630400
18894,2712,4.0,1317859200
18895,2712,5.0,1351987200
18896,2712,5.0,1333152000
18897,2712,5.0,1363910400
18898,2712,5.0,1368057600
18899,2713,5.0,1284681600
18900,2714,5.0,1274745600
18901,2715,5.0,1278201600
18902,2716,1.0,1325030400
18903,2717,5.0,1347494400
18904,2717,4.0,1324166400
18905,2717,5.0,1295913600
18906,2717,5.0,1370044800
18907,2717,5.0,1368230400
18908,2717,4.0,1378339200
18909,2718,5.0,1403136000
18910,2719,1.0,1300579200
18911,2720,5.0,1353888000
18912,2720,4.0,1352937600
18913,2720,5.0,1365379200
18914,2720,5.0,1379030400
18915,2721,5.0,1378252800
18916,2721,5.0,1358726400
18917,2721,5.0,1401926400
18918,2721,5.0,1372118400
18919,2721,5.0,1367280000
18920,2721,4.0,1399420800
18921,2721,5.0,1389830400
18922,2721,5.0,1390348800
18923,2721,5.0,1381276800
18924,2721,5.0,1354838400
18925,2721,5.0,1384905600
18926,2721,5.0,1388620800
18927,2721,5.0,1403913600
18928,2721,5.0,1398297600
18929,2721,5.0,1360281600
18930,2721,5.0,1372204800
18931,2721,5.0,1402790400
18932,2721,5.0,1375488000
18933,2721,5.0,1354147200
18934,2721,5.0,1404777600
18935,2721,5.0,1356652800
18936,2721,2.0,1404000000
18937,2722,3.0,1333584000
18938,2723,3.0,1356307200
18939,2724,5.0,1349740800
18940,2724,4.0,1390262400
18941,2724,5.0,1367798400
18942,2726,5.0,1368230400
18943,2726,4.0,1361577600
18944,2726,5.0,1323388800
18945,2725,3.0,1389052800
18946,2725,2.0,1399507200
18947,2725,5.0,1369785600
18948,2725,5.0,1360972800
18949,2725,5.0,1390435200
18950,2727,5.0,1402185600
18951,2728,5.0,1344470400
18952,2728,5.0,1326067200
18953,2731,2.0,1370476800
18954,2729,1.0,1230076800
18955,2729,5.0,1360108800
18956,2730,5.0,1303776000
18957,2732,5.0,1394323200
899,2733,3.0,1362182400
18958,2734,1.0,1390694400
18959,2735,5.0,1351814400
18960,2735,5.0,1281312000
18961,2736,1.0,1383004800
18962,2737,2.0,1320624000
18963,2738,5.0,1299715200
18964,2739,1.0,1392422400
18965,2740,4.0,1303603200
18966,2741,5.0,1358899200
17814,2742,4.0,1354492800
18967,2742,4.0,1357516800
18968,2742,5.0,1326499200
18969,2742,1.0,1346976000
8184,2742,5.0,1385337600
18970,2742,4.0,1345334400
18971,2743,5.0,1355702400
18972,2743,5.0,1361318400
18973,2743,5.0,1359158400
18974,2743,5.0,1345075200
18975,2743,5.0,1279238400
18976,2744,4.0,1372377600
18977,2745,2.0,1372982400
18978,2746,5.0,1360108800
18979,2746,4.0,1385424000
18980,2747,1.0,1382400000
18981,2747,5.0,1383350400
18982,2747,5.0,1353715200
18983,2748,5.0,1285632000
18984,2749,5.0,1401840000
18985,2749,5.0,1405036800
18986,2749,5.0,1396051200
18987,2750,5.0,1278201600
18988,2751,5.0,1318550400
18989,2751,5.0,1318550400
18990,2752,5.0,1280793600
18991,2752,5.0,1331510400
18992,2753,5.0,1389744000
18993,2753,5.0,1319846400
18994,2753,5.0,1341619200
18995,2753,5.0,1278633600
18996,2753,5.0,1295654400
18997,2753,5.0,1291507200
18998,2753,5.0,1365206400
18999,2753,5.0,1381104000
19000,2753,5.0,1397865600
19001,2753,5.0,1377907200
19002,2753,5.0,1326585600
19003,2753,5.0,1393632000
19004,2753,5.0,1361750400
19005,2753,5.0,1356739200
19006,2753,5.0,1369699200
19007,2753,5.0,1279152000
19008,2753,5.0,1329523200
19009,2753,5.0,1376006400
19010,2753,5.0,1277942400
19011,2753,5.0,1349913600
19012,2753,5.0,1305158400
19013,2754,1.0,1311552000
19014,2755,5.0,1358726400
19015,2756,5.0,1345680000
19016,2756,3.0,1346630400
19017,2756,4.0,1327622400
19018,2756,5.0,1344297600
19019,2756,5.0,1373155200
19020,2756,1.0,1385769600
19021,2756,2.0,1375488000
19022,2756,5.0,1358208000
19023,2756,5.0,1336867200
19024,2756,5.0,1378252800
19025,2757,5.0,1391126400
19026,2758,5.0,1307404800
19027,2759,3.0,1386633600
19028,2760,5.0,1291161600
19029,2760,5.0,1386460800
19030,2760,5.0,1319068800
19031,2760,4.0,1332288000
6036,2760,5.0,1310256000
19032,2761,1.0,1339718400
19033,2761,5.0,1360627200
19034,2761,5.0,1350950400
19035,2761,4.0,1327363200
19036,2763,5.0,1383004800
19037,2762,5.0,1349049600
19038,2762,5.0,1389139200
19039,2762,3.0,1398556800
19040,2762,4.0,1390953600
19041,2764,5.0,1354665600
19042,2765,5.0,1308960000
19043,2766,2.0,1319760000
19044,2767,4.0,1302998400
19045,2768,4.0,1310083200
19046,2770,5.0,1393977600
19047,2770,1.0,1382745600
19048,2770,5.0,1388966400
19049,2770,5.0,1346889600
19050,2770,5.0,1372550400
19051,2770,5.0,1368662400
19052,2770,4.0,1354752000
19053,2770,5.0,1403049600
19054,2770,5.0,1378944000
19055,2770,5.0,1359849600
19056,2770,5.0,1363132800
19057,2770,5.0,1367280000
19058,2770,1.0,1393804800
19059,2770,5.0,1325980800
19060,2770,5.0,1404777600
19061,2769,5.0,1293408000
19062,2769,4.0,1298160000
19063,2771,4.0,1368403200
19064,2772,5.0,1381622400
19065,2773,5.0,1298160000
19066,2773,5.0,1361664000
19067,2774,5.0,1377388800
19068,2775,5.0,1323216000
19069,2775,5.0,1305590400
19070,2775,3.0,1326240000
19071,2775,5.0,1358380800
19072,2775,4.0,1339977600
19073,2775,2.0,1338163200
19074,2775,5.0,1356912000
19075,2775,1.0,1353628800
19076,2775,3.0,1328918400
19077,2775,5.0,1380153600
19078,2775,5.0,1392595200
19079,2775,5.0,1325635200
19080,2775,5.0,1310428800
19081,2775,5.0,1354924800
19082,2775,5.0,1368144000
19083,2776,2.0,1353715200
19084,2776,5.0,1315958400
19085,2776,5.0,1376784000
7387,2776,5.0,1366934400
19086,2777,5.0,1278892800
19087,2777,5.0,1356048000
19088,2778,5.0,1374451200
19089,2779,5.0,1291507200
19090,2779,5.0,1344038400
19091,2779,5.0,1281916800
19092,2780,1.0,1387929600
19093,2780,4.0,1382486400
19094,2780,5.0,1314403200
19095,2781,5.0,1299024000
19096,2781,3.0,1361577600
19097,2781,1.0,1400025600
19098,2781,1.0,1238112000
19099,2781,5.0,1384646400
19100,2781,4.0,1251849600
19101,2781,5.0,1345680000
19102,2781,1.0,1332806400
19103,2781,5.0,1376265600
19104,2781,5.0,1390780800
19105,2781,5.0,1363910400
19106,2781,5.0,1310515200
19107,2781,5.0,1230076800
19108,2781,5.0,1377388800
19109,2781,1.0,1240790400
19110,2781,5.0,1368144000
5685,2781,2.0,1355961600
19111,2781,2.0,1380240000
19112,2781,5.0,1403222400
19113,2781,4.0,1242259200
19114,2782,5.0,1366588800
19115,2783,5.0,1394496000
19116,2784,5.0,1403481600
19117,2786,5.0,1395273600
19118,2785,1.0,1406073600
19119,2785,3.0,1405468800
19120,2785,1.0,1403136000
19121,2785,5.0,1284422400
19122,2785,4.0,1266192000
19123,2785,5.0,1363564800
19124,2785,5.0,1378512000
19125,2785,4.0,1389052800
19126,2785,1.0,1328313600
19127,2785,5.0,1393459200
19128,2785,3.0,1365379200
19129,2785,3.0,1342051200
19130,2785,5.0,1285891200
19131,2785,1.0,1376524800
19132,2785,5.0,1315785600
19133,2785,2.0,1308096000
19134,2785,5.0,1337990400
19135,2785,3.0,1333238400
19136,2785,3.0,1275696000
19137,2785,5.0,1396137600
19138,2785,4.0,1404518400
19139,2785,5.0,1398384000
19140,2785,5.0,1389916800
19141,2785,2.0,1392249600
19142,2785,5.0,1362614400
19143,2785,4.0,1362096000
19144,2785,5.0,1389484800
19145,2785,5.0,1394064000
19146,2785,5.0,1296086400
19147,2785,4.0,1394841600
19148,2785,5.0,1257984000
19149,2785,5.0,1348444800
19150,2785,5.0,1350000000
19151,2785,2.0,1383004800
19152,2785,5.0,1389744000
19153,2785,5.0,1363910400
19154,2785,5.0,1364083200
19155,2785,1.0,1395705600
19156,2785,5.0,1394755200
3383,2785,5.0,1261958400
19157,2785,5.0,1317427200
19158,2785,5.0,1377475200
19159,2785,4.0,1389398400
19160,2785,3.0,1358899200
19161,2785,5.0,1275868800
19162,2785,5.0,1359676800
19163,2785,4.0,1270252800
19164,2785,3.0,1318204800
19165,2785,3.0,1348012800
19166,2785,4.0,1361318400
19167,2785,5.0,1256688000
19168,2785,4.0,1332720000
19169,2785,5.0,1383782400
19170,2785,3.0,1265500800
19171,2785,3.0,1262995200
19172,2785,1.0,1249344000
19173,2785,5.0,1251849600
19174,2785,5.0,1251504000
19175,2785,3.0,1375142400
19176,2785,4.0,1390003200
19177,2785,5.0,1397865600
19178,2785,3.0,1258848000
19179,2785,5.0,1366502400
19180,2785,5.0,1353283200
19181,2785,5.0,1362960000
1147,2785,4.0,1355875200
19182,2785,5.0,1252022400
19183,2785,5.0,1333324800
19184,2785,2.0,1399161600
19185,2785,1.0,1397865600
19186,2785,5.0,1404691200
19187,2785,5.0,1262995200
13926,2785,5.0,1312416000
19188,2785,2.0,1396569600
19189,2785,5.0,1301011200
19190,2785,1.0,1312070400
19191,2785,3.0,1314662400
19192,2785,3.0,1379116800
19193,2785,5.0,1362700800
19194,2785,5.0,1259193600
19195,2785,1.0,1380758400
19196,2785,1.0,1384473600
19197,2785,1.0,1386288000
19198,2785,5.0,1322956800
19199,2785,4.0,1303776000
19200,2785,2.0,1338422400
19201,2785,3.0,1315699200
19202,2785,5.0,1361491200
19203,2785,5.0,1267142400
19204,2785,5.0,1317427200
19205,2785,4.0,1294272000
19206,2785,5.0,1275436800
19207,2785,3.0,1271289600
19208,2785,5.0,1381536000
19209,2785,4.0,1326240000
19210,2785,5.0,1257984000
19211,2785,4.0,1264550400
19212,2785,4.0,1327104000
19213,2785,4.0,1281916800
19214,2785,5.0,1304380800
5158,2785,1.0,1357516800
19215,2785,1.0,1377907200
19216,2785,1.0,1321142400
19217,2785,1.0,1404086400
19218,2785,4.0,1369872000
19219,2785,3.0,1372550400
19220,2785,3.0,1398988800
19221,2785,3.0,1344297600
19222,2785,4.0,1387584000
19223,2785,5.0,1325721600
19224,2785,1.0,1302134400
19225,2785,2.0,1350086400
19226,2785,1.0,1399593600
19227,2785,5.0,1388707200
19228,2785,5.0,1294444800
19229,2785,4.0,1354838400
19230,2785,3.0,1380326400
7117,2785,5.0,1334361600
19231,2785,5.0,1261008000
19232,2785,1.0,1389139200
19233,2785,1.0,1251417600
19234,2785,3.0,1287532800
19235,2785,5.0,1361059200
19236,2785,5.0,1292976000
19237,2785,5.0,1261008000
19238,2785,5.0,1395446400
19239,2785,3.0,1310428800
19240,2785,2.0,1345161600
19241,2785,1.0,1393200000
19242,2785,1.0,1353024000
19243,2785,5.0,1264291200
19244,2785,5.0,1372291200
19245,2785,5.0,1299196800
19246,2785,3.0,1387238400
19247,2785,4.0,1391558400
19248,2785,3.0,1388275200
19249,2785,1.0,1250812800
10132,2785,5.0,1256515200
19250,2785,5.0,1277337600
19251,2785,2.0,1393459200
19252,2785,3.0,1301875200
19253,2785,4.0,1389657600
19254,2785,5.0,1280188800
19255,2785,2.0,1255478400
19256,2785,5.0,1254009600
19257,2785,3.0,1400716800
19258,2785,3.0,1366934400
19259,2785,1.0,1321747200
19260,2785,5.0,1260576000
19261,2785,5.0,1397433600
19262,2785,5.0,1303776000
19263,2785,5.0,1263859200
19264,2785,5.0,1366848000
19265,2785,4.0,1404864000
19266,2785,2.0,1377648000
19267,2785,5.0,1326758400
19268,2785,2.0,1305590400
8051,2785,1.0,1265155200
19269,2785,1.0,1388707200
19270,2785,5.0,1370304000
19271,2785,1.0,1376179200
19272,2785,5.0,1279929600
19273,2785,4.0,1251676800
19274,2785,3.0,1401408000
19275,2785,1.0,1388016000
19276,2785,3.0,1259712000
19277,2785,4.0,1320883200
19278,2785,5.0,1329004800
19279,2785,1.0,1368576000
19280,2785,1.0,1390262400
19281,2785,4.0,1327190400
19282,2785,5.0,1286496000
7166,2785,1.0,1398038400
19283,2785,5.0,1281052800
19284,2785,5.0,1365465600
19285,2785,1.0,1389052800
19286,2785,5.0,1262908800
19287,2785,5.0,1384128000
19288,2785,4.0,1389657600
19289,2785,2.0,1402531200
19290,2785,1.0,1393459200
19291,2785,1.0,1249430400
19292,2785,1.0,1380153600
19293,2785,5.0,1395187200
19294,2785,5.0,1313280000
19295,2785,5.0,1393545600
19296,2785,5.0,1353974400
19297,2785,2.0,1330214400
19298,2785,5.0,1291766400
19299,2785,5.0,1269216000
19300,2785,4.0,1320105600
19301,2785,1.0,1261180800
19302,2785,5.0,1251331200
19303,2785,3.0,1349049600
19304,2785,3.0,1332288000
19305,2785,3.0,1355270400
19306,2785,4.0,1266364800
19307,2785,2.0,1358726400
19308,2785,1.0,1340236800
17955,2785,3.0,1398384000
19309,2785,3.0,1390176000
19310,2785,5.0,1253664000
19311,2785,2.0,1344124800
19312,2785,2.0,1349913600
19313,2785,4.0,1250380800
19314,2785,5.0,1290470400
19315,2785,1.0,1403049600
19316,2785,4.0,1267660800
19317,2785,1.0,1382486400
19318,2785,3.0,1373068800
19319,2785,5.0,1266105600
19320,2785,3.0,1359676800
19321,2785,5.0,1252281600
19322,2785,1.0,1274745600
19323,2785,1.0,1404432000
19324,2785,4.0,1356566400
19325,2785,5.0,1291593600
19326,2785,4.0,1388966400
19327,2785,5.0,1361491200
19328,2785,4.0,1268784000
19329,2785,4.0,1259625600
19330,2785,5.0,1398816000
19331,2785,5.0,1396137600
19332,2785,2.0,1385510400
19333,2785,1.0,1314057600
19334,2785,5.0,1355011200
19335,2785,1.0,1389139200
19336,2785,5.0,1376697600
19337,2785,5.0,1353283200
19338,2785,1.0,1310169600
19339,2785,4.0,1360454400
19340,2785,3.0,1361318400
19341,2785,4.0,1254787200
19342,2785,5.0,1355097600
19343,2785,5.0,1391644800
19344,2785,1.0,1372723200
19345,2785,5.0,1325289600
19346,2785,5.0,1405123200
14047,2785,5.0,1264636800
19347,2785,5.0,1369785600
19348,2785,5.0,1360540800
19349,2785,2.0,1378512000
19350,2785,3.0,1295481600
19351,2785,5.0,1362096000
19352,2785,4.0,1253577600
19353,2785,2.0,1267833600
19354,2785,3.0,1375056000
19355,2785,5.0,1365465600
19356,2785,2.0,1361836800
19357,2785,5.0,1325721600
19358,2785,1.0,1395619200
11873,2785,3.0,1403654400
19359,2785,4.0,1359763200
19360,2785,4.0,1396656000
19361,2785,2.0,1257984000
19362,2785,2.0,1396742400
19363,2785,5.0,1272672000
19364,2785,1.0,1286323200
19365,2785,5.0,1355356800
19366,2785,5.0,1384387200
1073,2785,5.0,1344902400
19367,2785,3.0,1365292800
12313,2785,4.0,1285804800
19368,2785,2.0,1347062400
19369,2785,5.0,1274400000
19370,2785,4.0,1299801600
19371,2785,4.0,1308528000
19372,2785,3.0,1296345600
19373,2785,3.0,1384560000
19374,2785,4.0,1378944000
19375,2785,4.0,1250985600
19376,2785,4.0,1362787200
19377,2785,5.0,1361404800
19378,2785,3.0,1277942400
15279,2785,3.0,1389225600
19379,2785,1.0,1265241600
19380,2785,5.0,1311292800
19381,2785,5.0,1286323200
19382,2785,4.0,1251417600
19383,2785,5.0,1372291200
19384,2785,4.0,1268092800
19385,2785,5.0,1324339200
19386,2785,1.0,1391212800
19387,2785,3.0,1388620800
19388,2785,4.0,1356912000
19389,2785,2.0,1332720000
19390,2785,3.0,1359590400
19391,2785,5.0,1395705600
19392,2785,5.0,1297209600
19393,2785,4.0,1373328000
19394,2785,5.0,1358467200
19395,2785,5.0,1316995200
19396,2785,1.0,1397606400
19397,2785,1.0,1258588800
19398,2785,4.0,1401667200
19399,2785,5.0,1303257600
16024,2785,4.0,1313971200
19400,2785,5.0,1316044800
19401,2785,4.0,1348444800
16431,2785,5.0,1369267200
19402,2785,3.0,1404432000
19403,2785,4.0,1377734400
19404,2787,5.0,1368489600
19405,2788,5.0,1401408000
19406,2788,5.0,1323302400
19407,2788,5.0,1306540800
19408,2788,1.0,1305158400
17401,2789,5.0,1271808000
19409,2790,5.0,1355961600
19410,2791,3.0,1346284800
19411,2791,5.0,1397088000
19412,2791,1.0,1319587200
19413,2791,1.0,1318723200
19414,2791,5.0,1336089600
19415,2791,5.0,1355356800
19416,2791,5.0,1392768000
19417,2791,2.0,1374364800
19418,2791,5.0,1388275200
19419,2791,4.0,1353715200
19420,2791,3.0,1394496000
19421,2792,3.0,1374796800
19422,2792,1.0,1393718400
19423,2792,1.0,1373587200
19424,2792,1.0,1302480000
19425,2793,5.0,1356739200
19426,2793,3.0,1359849600
19427,2794,4.0,1376611200
19428,2794,5.0,1362614400
19429,2794,4.0,1305158400
19430,2794,2.0,1371513600
19431,2794,5.0,1372204800
19432,2794,5.0,1361491200
19433,2794,3.0,1379808000
19434,2795,5.0,1362614400
19435,2796,5.0,1278892800
19436,2796,3.0,1279584000
19437,2797,5.0,1356134400
19438,2798,5.0,1287619200
19439,2799,2.0,1391731200
19440,2800,4.0,1361577600
19441,2800,5.0,1330041600
19442,2800,5.0,1334102400
19443,2800,5.0,1360108800
19444,2800,5.0,1317945600
19445,2800,5.0,1337212800
19446,2800,5.0,1311033600
19447,2800,3.0,1342569600
19448,2800,4.0,1359331200
19449,2800,5.0,1374883200
19450,2800,3.0,1358553600
19451,2800,5.0,1356134400
19452,2800,1.0,1386806400
19453,2800,3.0,1367020800
19454,2800,5.0,1318291200
19455,2801,5.0,1280620800
19456,2802,5.0,1324252800
19457,2802,5.0,1338768000
19458,2802,5.0,1304380800
19459,2802,5.0,1344470400
19460,2802,5.0,1280102400
19461,2802,4.0,1384819200
19462,2802,5.0,1325116800
19463,2802,5.0,1378512000
19464,2802,5.0,1330300800
19465,2802,5.0,1354147200
14428,2802,4.0,1328140800
19466,2802,5.0,1315526400
19467,2802,5.0,1347408000
19468,2802,4.0,1300665600
19469,2802,5.0,1299369600
19470,2802,5.0,1290470400
19471,2802,5.0,1293494400
19472,2802,5.0,1354579200
19473,2802,5.0,1321488000
19474,2802,5.0,1275868800
19475,2802,4.0,1282521600
19476,2802,5.0,1401408000
19477,2802,2.0,1280188800
19478,2802,5.0,1312934400
19479,2802,5.0,1276300800
19480,2802,5.0,1286928000
19481,2802,4.0,1278460800
19482,2802,5.0,1278028800
19483,2802,5.0,1310601600
19484,2802,5.0,1277251200
19485,2802,4.0,1338940800
19486,2802,4.0,1335657600
19487,2802,5.0,1357776000
19488,2802,4.0,1283299200
19489,2802,5.0,1354060800
19490,2802,5.0,1344988800
19491,2802,5.0,1339632000
19492,2802,1.0,1346284800
19493,2802,1.0,1354838400
19494,2802,5.0,1277942400
19495,2802,5.0,1355702400
19496,2802,5.0,1297555200
19497,2802,5.0,1318291200
19498,2802,5.0,1380758400
19499,2802,5.0,1315958400
19500,2802,5.0,1274140800
19501,2802,5.0,1279670400
19502,2802,5.0,1283644800
19503,2802,5.0,1278115200
19504,2802,5.0,1384819200
19505,2802,5.0,1315612800
19506,2802,5.0,1281744000
19507,2802,5.0,1355875200
19508,2802,4.0,1315440000
19509,2802,1.0,1356825600
19510,2802,5.0,1357257600
19511,2802,3.0,1363305600
19512,2802,5.0,1325376000
19513,2802,5.0,1312502400
19514,2802,5.0,1306195200
19515,2802,5.0,1288051200
19516,2802,5.0,1334966400
19517,2802,5.0,1336521600
19518,2802,5.0,1312502400
19519,2802,5.0,1303516800
19520,2802,5.0,1347408000
19521,2802,5.0,1340496000
19522,2802,5.0,1390521600
19523,2802,5.0,1290124800
19524,2802,5.0,1332288000
13926,2802,5.0,1323734400
19525,2802,5.0,1277769600
19526,2802,4.0,1311206400
19527,2802,5.0,1336694400
19528,2802,5.0,1357516800
19529,2802,5.0,1358726400
14486,2802,2.0,1303776000
19530,2802,5.0,1324944000
19531,2802,4.0,1311379200
19532,2802,1.0,1310947200
19533,2802,5.0,1322092800
19534,2802,5.0,1284508800
19535,2802,5.0,1276560000
19536,2802,5.0,1305763200
19537,2802,5.0,1372982400
19538,2802,5.0,1356825600
19539,2802,5.0,1281484800
19540,2802,5.0,1355443200
19541,2802,5.0,1329177600
19542,2802,3.0,1275868800
19543,2802,4.0,1350691200
19544,2802,3.0,1357430400
19545,2802,2.0,1315094400
19546,2802,5.0,1354752000
19547,2802,5.0,1279843200
19548,2802,5.0,1351641600
19549,2802,5.0,1346803200
19550,2802,5.0,1303689600
19551,2802,5.0,1329955200
19552,2802,5.0,1390262400
19553,2802,5.0,1276646400
19554,2802,5.0,1311724800
19555,2802,5.0,1282262400
19556,2802,1.0,1345593600
19557,2802,5.0,1325376000
19558,2802,5.0,1361836800
19559,2802,5.0,1358553600
19560,2802,5.0,1282608000
19561,2802,4.0,1397001600
19562,2802,4.0,1340928000
19563,2802,5.0,1306454400
19564,2802,4.0,1326153600
19565,2802,5.0,1290643200
13289,2802,3.0,1337472000
19566,2802,5.0,1292371200
19567,2802,4.0,1364342400
19568,2802,5.0,1311811200
15511,2802,5.0,1376524800
19569,2802,5.0,1274745600
19570,2802,5.0,1343174400
19571,2802,5.0,1307232000
7752,2802,5.0,1300406400
19572,2802,3.0,1322784000
19573,2802,5.0,1305676800
19574,2802,5.0,1303689600
19575,2802,5.0,1344729600
19576,2802,5.0,1287446400
19577,2802,5.0,1385078400
19578,2802,5.0,1285545600
8020,2802,5.0,1347062400
19579,2802,5.0,1273708800
19580,2802,5.0,1295568000
19581,2802,5.0,1324512000
19582,2802,5.0,1276128000
19583,2802,1.0,1302393600
19584,2802,5.0,1323475200
19585,2802,5.0,1361577600
19586,2802,5.0,1315526400
19587,2802,5.0,1277942400
19588,2802,4.0,1384214400
19589,2802,5.0,1301443200
19590,2802,5.0,1330992000
19591,2802,4.0,1354147200
19592,2802,5.0,1284595200
19593,2802,1.0,1387238400
19594,2802,5.0,1308700800
19595,2802,5.0,1305676800
19596,2802,5.0,1325808000
19597,2802,5.0,1329782400
19598,2802,5.0,1311379200
19599,2802,5.0,1326585600
19600,2802,4.0,1309564800
19601,2802,5.0,1323302400
19602,2802,5.0,1329868800
19603,2802,5.0,1314057600
19604,2802,5.0,1294099200
19605,2802,5.0,1309478400
19606,2802,5.0,1358899200
1894,2802,5.0,1305158400
19607,2802,2.0,1312934400
19608,2802,5.0,1336089600
15483,2802,5.0,1278288000
19609,2802,5.0,1276214400
19610,2802,2.0,1321228800
19611,2802,5.0,1355961600
19612,2802,5.0,1325376000
19613,2802,5.0,1309305600
19614,2802,5.0,1352764800
19615,2802,5.0,1275091200
19616,2802,5.0,1352764800
19617,2802,5.0,1367366400
19618,2802,5.0,1355961600
19619,2802,5.0,1340755200
19620,2802,5.0,1337990400
19621,2802,5.0,1342483200
5676,2802,5.0,1278892800
19622,2802,5.0,1294444800
19623,2802,5.0,1339804800
19624,2802,3.0,1375315200
19625,2802,5.0,1281225600
19626,2802,5.0,1281398400
19627,2802,5.0,1386374400
19628,2802,5.0,1338076800
19629,2802,5.0,1329350400
19630,2802,5.0,1298160000
19631,2802,4.0,1294272000
19632,2802,5.0,1365033600
19633,2802,5.0,1342915200
19634,2802,3.0,1327795200
19635,2802,5.0,1293753600
19636,2802,5.0,1287532800
19637,2802,4.0,1385769600
19638,2802,2.0,1360108800
19639,2802,5.0,1303776000
19640,2802,5.0,1307664000
19641,2802,5.0,1346371200
19642,2802,4.0,1321142400
19643,2802,5.0,1280275200
19644,2802,5.0,1280966400
19645,2802,5.0,1325980800
19646,2802,5.0,1313539200
19647,2802,4.0,1324166400
19648,2802,5.0,1284854400
19649,2802,5.0,1396569600
19650,2802,5.0,1288828800
19651,2802,5.0,1294272000
19652,2802,5.0,1294704000
19653,2802,5.0,1279238400
19654,2802,5.0,1360540800
19655,2802,4.0,1317168000
19656,2802,5.0,1277683200
19657,2802,5.0,1361059200
19658,2802,5.0,1327708800
19659,2802,3.0,1385337600
19660,2802,5.0,1315612800
19661,2802,5.0,1312329600
19662,2802,5.0,1287100800
19663,2802,5.0,1389052800
19664,2802,5.0,1337817600
19665,2802,5.0,1282176000
19666,2802,5.0,1345680000
19667,2802,3.0,1333756800
19668,2802,1.0,1344816000
19669,2802,5.0,1275177600
19670,2802,4.0,1350604800
19671,2802,5.0,1299974400
19672,2803,4.0,1298937600
19673,2803,5.0,1299801600
19674,2803,3.0,1353715200
19675,2803,5.0,1384041600
19676,2803,4.0,1293667200
19677,2803,4.0,1374105600
19678,2804,2.0,1295308800
19679,2804,5.0,1328832000
19680,2805,3.0,1331078400
19681,2805,5.0,1337212800
19682,2805,5.0,1327881600
19683,2805,5.0,1323734400
19684,2805,5.0,1342483200
19685,2807,1.0,1398902400
19686,2807,5.0,1398211200
19687,2807,5.0,1306108800
19688,2807,5.0,1358899200
19689,2807,5.0,1295049600
19690,2806,4.0,1378252800
19691,2806,5.0,1344902400
19692,2808,5.0,1391385600
19693,2809,3.0,1324425600
19694,2809,5.0,1338076800
19695,2809,1.0,1336176000
19696,2809,2.0,1396396800
19697,2809,1.0,1337644800
19698,2809,1.0,1336867200
19699,2809,5.0,1300579200
19700,2810,5.0,1304899200
19701,2810,1.0,1293408000
19702,2811,5.0,1386288000
19703,2811,5.0,1294876800
19704,2811,4.0,1368057600
19705,2813,5.0,1388620800
19706,2813,4.0,1397433600
19707,2814,4.0,1398038400
19708,2814,4.0,1393891200
19709,2814,5.0,1378425600
19710,2814,5.0,1274659200
19711,2812,4.0,1394150400
19712,2815,2.0,1384905600
14545,2816,5.0,1347667200
19713,2816,4.0,1364688000
19714,2816,5.0,1342656000
19715,2816,5.0,1360886400
10789,2816,1.0,1342483200
19716,2818,5.0,1391385600
19717,2818,3.0,1305936000
11029,2818,4.0,1292630400
3654,2817,4.0,1287792000
19718,2817,4.0,1302393600
19719,2817,2.0,1353196800
19720,2819,5.0,1353974400
19721,2819,4.0,1344124800
19722,2819,5.0,1366329600
19723,2819,5.0,1377820800
19724,2819,4.0,1378684800
19725,2819,5.0,1370822400
19726,2819,4.0,1384387200
19727,2819,5.0,1376352000
19728,2819,5.0,1374019200
19729,2819,5.0,1372982400
19730,2819,5.0,1359244800
19731,2819,4.0,1379894400
19732,2820,5.0,1392508800
19733,2820,5.0,1396569600
19734,2821,1.0,1329091200
19735,2821,5.0,1402444800
19736,2821,3.0,1384732800
1292,2821,3.0,1389139200
19737,2821,4.0,1404691200
1606,2821,5.0,1381104000
19738,2821,5.0,1389744000
19739,2821,5.0,1401408000
19740,2821,3.0,1385596800
19741,2821,5.0,1313280000
19742,2821,4.0,1346630400
19743,2821,5.0,1362355200
19744,2821,5.0,1395360000
19745,2821,4.0,1395792000
19746,2821,5.0,1351641600
19747,2821,3.0,1389398400
19748,2821,5.0,1344297600
19749,2822,5.0,1337472000
19750,2822,1.0,1393632000
19751,2822,5.0,1392854400
19752,2822,4.0,1356998400
19753,2822,4.0,1370822400
19754,2822,5.0,1397520000
19755,2822,5.0,1398729600
19756,2822,3.0,1397606400
19757,2822,5.0,1376352000
19758,2822,5.0,1387756800
19759,2822,2.0,1383091200
19760,2823,5.0,1357084800
19761,2824,5.0,1307232000
19762,2824,2.0,1282089600
19763,2824,5.0,1374451200
19764,2825,5.0,1279584000
19765,2826,5.0,1277078400
19766,2827,5.0,1287273600
19767,2827,5.0,1342137600
19768,2827,5.0,1341619200
19769,2828,1.0,1342656000
19770,2828,1.0,1347667200
19771,2828,5.0,1370217600
19772,2828,3.0,1396310400
19773,2828,1.0,1339286400
19774,2829,5.0,1343952000
19775,2831,5.0,1370131200
19776,2830,3.0,1295481600
19777,2832,4.0,1306972800
19778,2832,5.0,1357344000
19779,2832,1.0,1328832000
19780,2832,5.0,1352678400
19781,2832,4.0,1346112000
19782,2832,2.0,1329177600
19783,2832,3.0,1340064000
19784,2832,3.0,1373932800
19785,2832,4.0,1375142400
19786,2832,4.0,1310515200
19787,2832,4.0,1328140800
19788,2832,5.0,1290643200
19789,2832,2.0,1326758400
19790,2832,4.0,1398211200
19791,2832,3.0,1383609600
19792,2832,5.0,1358640000
19793,2832,1.0,1322179200
19794,2832,4.0,1325030400
19795,2832,5.0,1329264000
19796,2832,3.0,1338076800
19797,2832,3.0,1286582400
19798,2832,5.0,1310083200
19799,2832,4.0,1283472000
19800,2832,4.0,1326326400
19801,2832,4.0,1303862400
19802,2832,5.0,1337904000
19803,2832,4.0,1310688000
19804,2832,4.0,1337472000
19805,2832,5.0,1370131200
19806,2832,4.0,1340668800
16722,2832,1.0,1327881600
19807,2832,3.0,1315612800
19808,2832,4.0,1337904000
19809,2832,5.0,1330214400
19810,2832,2.0,1337558400
19811,2832,3.0,1359676800
19812,2832,1.0,1336867200
19813,2832,3.0,1363132800
19814,2832,5.0,1367020800
19815,2832,5.0,1356307200
19816,2832,5.0,1379635200
19817,2832,5.0,1324080000
19818,2832,4.0,1321833600
19819,2832,5.0,1362441600
19820,2832,5.0,1317772800
19821,2832,5.0,1332115200
19822,2832,4.0,1345334400
19823,2832,5.0,1330387200
19824,2832,5.0,1381795200
19825,2832,2.0,1351382400
19826,2832,4.0,1286841600
19827,2832,3.0,1370390400
19828,2832,3.0,1358899200
19829,2832,5.0,1331164800
19830,2832,5.0,1307750400
19831,2832,4.0,1383696000
19832,2832,5.0,1318204800
19833,2832,4.0,1386806400
19834,2832,1.0,1365120000
19835,2832,5.0,1365292800
19836,2832,2.0,1378771200
19837,2832,5.0,1403481600
19838,2832,4.0,1312761600
19839,2832,5.0,1279670400
16408,2832,3.0,1380153600
19840,2832,1.0,1330041600
19841,2832,3.0,1301356800
19842,2832,1.0,1349913600
16673,2832,4.0,1366934400
19843,2832,5.0,1340496000
19844,2832,1.0,1336262400
19845,2833,4.0,1283990400
19846,2834,5.0,1341878400
19847,2835,5.0,1326326400
19848,2835,5.0,1361664000
19849,2836,4.0,1344729600
19850,2837,4.0,1357776000
19851,2837,5.0,1318377600
19852,2837,5.0,1278288000
19853,2837,5.0,1322438400
19854,2837,5.0,1376179200
19855,2837,5.0,1273881600
19856,2838,5.0,1326844800
19857,2839,5.0,1327449600
19858,2839,5.0,1327363200
19859,2839,5.0,1327363200
19860,2839,5.0,1327536000
19861,2840,4.0,1380240000
19862,2840,5.0,1306195200
19863,2840,4.0,1339027200
19864,2840,5.0,1311897600
19865,2841,5.0,1363564800
19866,2841,5.0,1390176000
19867,2841,5.0,1380585600
19868,2841,3.0,1359936000
19869,2841,4.0,1362700800
19870,2841,3.0,1373673600
19871,2841,5.0,1300233600
19872,2841,2.0,1372377600
19873,2841,5.0,1353715200
19874,2841,4.0,1351555200
19875,2841,3.0,1359849600
19876,2841,5.0,1383868800
19877,2841,3.0,1369872000
19878,2841,4.0,1350345600
19879,2841,5.0,1394928000
19880,2841,4.0,1380326400
19881,2841,5.0,1367539200
19882,2842,5.0,1308873600
19883,2843,3.0,1383609600
19884,2843,5.0,1337385600
7747,2843,5.0,1323216000
19885,2843,5.0,1351209600
19886,2843,5.0,1349568000
19887,2843,5.0,1332633600
19888,2843,5.0,1351555200
19889,2843,5.0,1356739200
19890,2843,5.0,1339372800
19891,2844,5.0,1405036800
19892,2844,5.0,1301875200
19893,2844,5.0,1346803200
19894,2844,5.0,1330646400
19895,2845,5.0,1365552000
19896,2846,5.0,1350259200
19897,2847,2.0,1339372800
19898,2848,5.0,1359072000
19899,2848,2.0,1363305600
19900,2848,5.0,1364860800
13841,2848,5.0,1357603200
19901,2848,4.0,1378425600
19902,2849,5.0,1285113600
19903,2849,1.0,1341273600
19904,2850,5.0,1376956800
19905,2851,1.0,1405814400
19906,2851,5.0,1374105600
19907,2851,3.0,1349913600
19908,2851,5.0,1373587200
19909,2851,4.0,1378857600
19910,2851,3.0,1400198400
19911,2851,5.0,1399161600
19912,2851,1.0,1402790400
19913,2852,1.0,1310083200
19914,2853,4.0,1355011200
19915,2853,3.0,1387065600
19916,2854,5.0,1388880000
19917,2854,5.0,1390521600
19918,2854,2.0,1404691200
12643,2854,5.0,1383523200
19919,2854,5.0,1391644800
19920,2855,5.0,1388534400
19921,2855,1.0,1376006400
19922,2855,5.0,1364774400
19923,2855,1.0,1358812800
19924,2856,5.0,1279843200
19925,2856,5.0,1278460800
19926,2856,1.0,1302220800
19927,2857,4.0,1382659200
19928,2857,5.0,1396742400
19929,2857,5.0,1400544000
19930,2860,5.0,1314403200
19931,2858,5.0,1362268800
5917,2862,2.0,1312588800
19932,2859,5.0,1344902400
19933,2859,1.0,1364428800
19934,2859,5.0,1326672000
19935,2859,5.0,1358726400
19936,2859,4.0,1357862400
19937,2859,5.0,1361664000
19938,2859,1.0,1377820800
19939,2863,5.0,1358985600
18510,2863,1.0,1402790400
19940,2864,5.0,1358121600
19941,2864,5.0,1377907200
19942,2861,5.0,1329868800
19943,2865,5.0,1371772800
19944,2866,5.0,1305504000
19945,2867,5.0,1291766400
19946,2867,5.0,1340496000
19947,2867,5.0,1326844800
19948,2867,5.0,1302652800
19949,2867,1.0,1388880000
19950,2867,5.0,1298073600
19951,2868,5.0,1319241600
1716,2869,4.0,1366588800
888,2869,5.0,1338508800
19952,2870,5.0,1331337600
19953,2871,5.0,1378252800
19954,2872,4.0,1333497600
19955,2873,4.0,1341446400
19956,2874,4.0,1321401600
19957,2874,1.0,1314662400
19958,2875,5.0,1315440000
19959,2876,5.0,1389571200
19960,2877,4.0,1388966400
19961,2878,5.0,1389052800
19962,2879,5.0,1384473600
19963,2879,3.0,1375401600
19964,2879,4.0,1358121600
19965,2880,5.0,1289174400
19966,2881,5.0,1291593600
19967,2881,2.0,1288051200
19968,2881,4.0,1308873600
19969,2881,5.0,1293408000
19970,2881,4.0,1308268800
19971,2881,5.0,1299974400
19972,2881,2.0,1299542400
19973,2881,1.0,1303948800
19974,2881,5.0,1301270400
19975,2881,4.0,1308182400
19976,2881,4.0,1370217600
19977,2881,3.0,1368144000
19978,2881,4.0,1286928000
19967,2882,5.0,1288051200
19979,2882,5.0,1369008000
19980,2883,5.0,1322179200
19981,2883,5.0,1289347200
19982,2883,5.0,1316995200
19983,2883,1.0,1288137600
19984,2884,5.0,1341792000
19985,2884,5.0,1336435200
19986,2884,5.0,1304294400
19987,2885,4.0,1395878400
19988,2885,4.0,1374364800
19989,2886,4.0,1388707200
19990,2887,5.0,1291507200
19991,2888,1.0,1285804800
19992,2888,5.0,1301443200
19993,2889,5.0,1284249600
19994,2889,5.0,1299369600
19995,2890,5.0,1296777600
19996,2890,5.0,1304035200
19997,2891,5.0,1305849600
19998,2891,5.0,1295740800
19999,2891,5.0,1294790400
20000,2891,5.0,1308787200
20001,2891,5.0,1307577600
20002,2892,4.0,1291075200
20003,2893,3.0,1358380800
20004,2894,5.0,1384041600
20005,2894,5.0,1375228800
20006,2896,5.0,1392940800
20007,2896,1.0,1369958400
20008,2896,4.0,1374710400
20009,2896,3.0,1328313600
20010,2902,5.0,1388880000
20011,2902,5.0,1305763200
20012,2898,1.0,1357084800
20013,2898,4.0,1381881600
20014,2903,5.0,1365379200
8102,2903,5.0,1343779200
20015,2903,5.0,1360886400
20016,2903,4.0,1306368000
20017,2903,5.0,1393200000
20018,2903,5.0,1377734400
20019,2903,5.0,1300838400
2871,2900,5.0,1315267200
20020,2899,5.0,1317340800
20021,2899,5.0,1330646400
20022,2895,5.0,1316217600
20023,2901,5.0,1364428800
20024,2897,1.0,1373414400
20025,2904,5.0,1278892800
20026,2905,5.0,1375142400
20027,2905,5.0,1360195200
20028,2905,4.0,1355184000
20029,2905,5.0,1332201600
20030,2905,1.0,1357603200
20031,2905,5.0,1362873600
20032,2905,3.0,1385856000
20033,2906,3.0,1285200000
20034,2908,5.0,1349222400
20035,2907,1.0,1396915200
20036,2907,3.0,1373760000
20037,2907,5.0,1371686400
20038,2907,5.0,1320883200
20039,2907,2.0,1385424000
20040,2907,2.0,1388361600
20041,2907,5.0,1374278400
20042,2907,4.0,1382659200
20043,2907,2.0,1374278400
20044,2907,5.0,1297641600
20045,2907,1.0,1364428800
20046,2907,4.0,1332460800
20047,2909,5.0,1381276800
20048,2909,5.0,1397606400
20049,2909,2.0,1286323200
20050,2909,5.0,1396137600
16629,2909,4.0,1349913600
20051,2910,5.0,1280620800
15444,2911,5.0,1298678400
20052,2912,2.0,1325808000
20053,2912,4.0,1392768000
20054,2914,5.0,1341532800
20055,2914,5.0,1302048000
20056,2913,1.0,1368403200
20057,2915,1.0,1378771200
20058,2915,5.0,1368403200
20059,2915,5.0,1377302400
20060,2915,5.0,1341273600
20061,2915,5.0,1384041600
20062,2915,5.0,1356048000
20063,2915,5.0,1402185600
20064,2915,2.0,1281139200
20065,2915,5.0,1327104000
20066,2915,2.0,1388102400
20067,2915,5.0,1305936000
5441,2915,3.0,1355961600
20068,2915,1.0,1405036800
20069,2916,4.0,1332460800
20070,2916,5.0,1344556800
20071,2916,1.0,1365638400
20072,2916,2.0,1299283200
20073,2916,5.0,1355529600
20074,2916,5.0,1351987200
20075,2916,4.0,1325980800
20076,2916,5.0,1330560000
20077,2916,5.0,1387756800
20078,2916,5.0,1386201600
20079,2916,4.0,1363824000
20080,2916,1.0,1357344000
20081,2916,5.0,1351036800
20082,2916,4.0,1348790400
20083,2916,5.0,1357430400
20084,2916,5.0,1375315200
20085,2916,5.0,1403827200
20086,2916,5.0,1321142400
20087,2916,5.0,1385942400
20088,2916,5.0,1346457600
20089,2916,1.0,1364342400
20090,2916,2.0,1362182400
20091,2916,5.0,1368662400
20092,2916,5.0,1363478400
20093,2916,1.0,1298678400
20094,2916,5.0,1334275200
20095,2916,3.0,1364428800
20096,2916,4.0,1372291200
20097,2916,5.0,1365552000
20098,2916,5.0,1322697600
20099,2916,4.0,1335312000
20100,2916,5.0,1340236800
20101,2916,5.0,1297382400
20102,2916,5.0,1368576000
20103,2916,2.0,1283558400
20104,2916,5.0,1353801600
20105,2916,2.0,1384041600
20106,2916,5.0,1366675200
20107,2916,4.0,1402012800
20108,2916,5.0,1340841600
20109,2916,4.0,1335657600
20110,2916,4.0,1324166400
20111,2916,2.0,1346457600
20112,2916,3.0,1369440000
20113,2916,1.0,1333584000
20114,2916,1.0,1363910400
20115,2916,5.0,1364774400
20116,2916,5.0,1359676800
20117,2916,4.0,1337644800
20118,2916,1.0,1394323200
7765,2916,5.0,1369526400
20119,2916,5.0,1322438400
20120,2916,5.0,1315958400
20121,2916,5.0,1354665600
20122,2916,5.0,1367884800
20123,2916,5.0,1292544000
20124,2916,5.0,1365292800
20125,2916,1.0,1362700800
20126,2916,4.0,1362096000
20127,2916,4.0,1367539200
20128,2916,5.0,1367884800
20129,2916,1.0,1392076800
20130,2916,5.0,1323993600
20131,2916,5.0,1346716800
20132,2916,1.0,1295481600
20133,2916,5.0,1373500800
20134,2916,5.0,1351036800
20135,2916,3.0,1369353600
20136,2916,4.0,1252713600
20137,2916,5.0,1313971200
20138,2916,5.0,1309219200
20139,2916,5.0,1357084800
20140,2916,3.0,1278979200
17830,2916,2.0,1364256000
20141,2916,5.0,1402444800
20142,2916,5.0,1370908800
20143,2916,5.0,1324425600
20144,2916,5.0,1366934400
20145,2916,2.0,1334707200
20146,2916,2.0,1314576000
20147,2916,2.0,1339545600
20148,2916,1.0,1350432000
20149,2916,4.0,1322697600
20150,2916,5.0,1326585600
20151,2916,1.0,1316649600
20152,2916,5.0,1349395200
20153,2916,3.0,1372291200
20154,2916,5.0,1305331200
20155,2916,5.0,1385769600
20156,2916,5.0,1348012800
20157,2916,5.0,1350259200
20158,2916,5.0,1328486400
6945,2916,3.0,1301443200
20159,2916,1.0,1282435200
20160,2916,4.0,1313193600
20161,2916,5.0,1330819200
20162,2916,5.0,1368489600
20163,2916,5.0,1341532800
20164,2916,5.0,1364860800
20165,2916,4.0,1390867200
20166,2916,5.0,1373155200
20167,2916,5.0,1306454400
20168,2916,5.0,1332547200
20169,2916,4.0,1311638400
20170,2916,3.0,1341705600
20171,2916,3.0,1366156800
20172,2916,3.0,1364083200
20173,2916,2.0,1281312000
20174,2916,5.0,1365465600
20175,2916,5.0,1300579200
20176,2916,3.0,1366675200
20177,2916,5.0,1349136000
20178,2916,2.0,1393113600
20179,2916,1.0,1346976000
20180,2916,5.0,1359504000
20181,2916,1.0,1345507200
20182,2916,5.0,1311984000
20183,2916,5.0,1299369600
20184,2916,2.0,1349395200
20185,2916,5.0,1298332800
20186,2916,5.0,1344470400
20187,2916,5.0,1349654400
20188,2916,1.0,1397001600
20189,2916,5.0,1359590400
20190,2916,1.0,1340150400
20191,2916,5.0,1358035200
20192,2916,5.0,1362528000
20193,2916,5.0,1375660800
20194,2916,5.0,1371945600
20195,2916,4.0,1368230400
20196,2916,1.0,1392076800
20197,2916,5.0,1262649600
20198,2916,1.0,1359244800
20199,2916,3.0,1362009600
20200,2916,5.0,1271116800
20201,2916,5.0,1369872000
20202,2916,4.0,1351900800
20203,2916,1.0,1348704000
20204,2916,5.0,1359244800
20205,2916,1.0,1405209600
20206,2916,4.0,1368921600
20207,2916,5.0,1320105600
20208,2916,5.0,1318550400
20209,2916,1.0,1349222400
20210,2916,1.0,1342051200
20211,2916,5.0,1364515200
20212,2916,1.0,1333584000
16176,2916,4.0,1353974400
20213,2916,4.0,1353283200
20214,2916,5.0,1361404800
20215,2916,5.0,1360281600
20216,2916,5.0,1337558400
20217,2916,5.0,1350950400
20218,2916,2.0,1336867200
20219,2916,1.0,1370736000
19889,2916,5.0,1323216000
20220,2916,5.0,1325289600
20221,2916,3.0,1333843200
8798,2916,5.0,1357084800
20222,2916,4.0,1382486400
20223,2916,2.0,1336780800
20224,2916,5.0,1364169600
20225,2916,5.0,1370476800
20226,2916,1.0,1355443200
20227,2916,5.0,1358208000
20228,2916,4.0,1339891200
20229,2916,5.0,1355443200
20230,2916,5.0,1348185600
20231,2916,5.0,1300406400
20232,2916,5.0,1371427200
20233,2916,1.0,1335830400
20234,2916,5.0,1294963200
20235,2916,1.0,1337126400
20236,2916,4.0,1325203200
20237,2916,5.0,1328486400
20238,2916,5.0,1368576000
20239,2916,5.0,1364860800
20240,2916,4.0,1366761600
20241,2916,1.0,1350432000
20242,2916,5.0,1360368000
8551,2916,4.0,1389916800
20243,2916,5.0,1324857600
17567,2916,5.0,1342137600
20244,2916,5.0,1323043200
20245,2916,5.0,1365206400
20246,2916,4.0,1400889600
20247,2916,5.0,1284940800
20248,2916,3.0,1327276800
20249,2916,3.0,1369008000
20250,2916,2.0,1340841600
20251,2916,5.0,1322352000
20252,2916,5.0,1370995200
20253,2916,5.0,1348963200
20254,2916,3.0,1337299200
20255,2916,5.0,1355011200
20256,2916,5.0,1344988800
20257,2916,4.0,1316995200
20258,2916,5.0,1360886400
20259,2916,4.0,1309478400
20260,2916,4.0,1365292800
20261,2916,1.0,1381363200
20262,2916,1.0,1359676800
20263,2916,4.0,1386806400
20264,2916,5.0,1353110400
20265,2916,4.0,1362700800
20266,2916,5.0,1396051200
20267,2916,1.0,1312156800
20268,2916,4.0,1345680000
20099,2918,5.0,1335312000
20269,2918,5.0,1357689600
20270,2918,5.0,1334275200
20271,2918,5.0,1349308800
20272,2918,5.0,1322956800
20273,2918,5.0,1350432000
10689,2918,5.0,1315353600
20274,2917,2.0,1290297600
20275,2917,5.0,1341446400
20276,2917,4.0,1325980800
20277,2917,5.0,1365984000
20278,2917,5.0,1271462400
20279,2917,4.0,1174608000
20280,2917,5.0,1285372800
20281,2917,5.0,1317600000
20282,2917,2.0,1282521600
20283,2917,5.0,1335484800
20284,2917,5.0,1340496000
20285,2917,1.0,1381795200
20286,2917,5.0,1375488000
20287,2917,1.0,1342483200
20288,2917,3.0,1286409600
20289,2919,4.0,1395964800
20290,2920,5.0,1354320000
20291,2920,1.0,1366675200
20292,2920,5.0,1374710400
20293,2922,4.0,1340323200
20294,2922,5.0,1396051200
18199,2922,5.0,1366502400
20295,2922,5.0,1363305600
20296,2922,2.0,1374105600
20297,2922,5.0,1359676800
20298,2922,5.0,1301788800
20299,2922,5.0,1299974400
20300,2922,1.0,1351209600
20301,2922,4.0,1348012800
20302,2922,5.0,1400371200
20303,2922,5.0,1323820800
20304,2922,5.0,1377475200
20305,2922,5.0,1317945600
20306,2922,5.0,1358035200
20307,2922,5.0,1387411200
20308,2922,5.0,1397433600
20309,2922,5.0,1376611200
20310,2922,4.0,1309564800
20311,2922,4.0,1365465600
20312,2922,5.0,1368835200
5972,2922,2.0,1318636800
20313,2922,4.0,1369440000
20314,2922,5.0,1390003200
20315,2922,4.0,1330214400
20316,2922,3.0,1378598400
20317,2922,5.0,1370131200
20318,2922,5.0,1371168000
20319,2922,5.0,1372636800
20320,2922,3.0,1345593600
20321,2922,5.0,1317772800
20322,2922,4.0,1364428800
20323,2922,5.0,1371600000
20324,2922,1.0,1376352000
20325,2922,5.0,1390176000
20326,2922,2.0,1336262400
20327,2922,5.0,1355788800
20328,2922,2.0,1385769600
20329,2922,5.0,1379635200
20330,2922,4.0,1396224000
20331,2922,1.0,1296864000
20332,2922,5.0,1337904000
20333,2922,5.0,1374019200
20334,2922,2.0,1393459200
8070,2922,4.0,1314662400
20335,2922,5.0,1311033600
20336,2922,5.0,1369353600
20337,2922,5.0,1380067200
20338,2922,5.0,1372032000
20339,2922,5.0,1314576000
20340,2922,5.0,1304294400
20341,2922,5.0,1356825600
20342,2922,3.0,1404518400
20343,2922,5.0,1400544000
20344,2922,4.0,1395100800
20345,2922,4.0,1385164800
20346,2922,3.0,1376438400
20347,2922,2.0,1377129600
20348,2922,5.0,1335657600
20349,2922,5.0,1365897600
20350,2922,4.0,1383004800
20351,2922,5.0,1402704000
7477,2922,5.0,1313539200
20352,2922,5.0,1360627200
10879,2922,5.0,1387497600
20353,2922,5.0,1346976000
20354,2922,2.0,1396569600
20355,2922,5.0,1397260800
20356,2922,5.0,1403827200
20357,2922,4.0,1361750400
20358,2922,5.0,1323388800
20359,2922,5.0,1386720000
20360,2922,3.0,1312502400
20361,2922,4.0,1342742400
10591,2922,5.0,1392163200
20362,2922,4.0,1288828800
20363,2922,5.0,1295913600
20364,2922,5.0,1299110400
20365,2922,5.0,1395187200
20366,2922,2.0,1376956800
20367,2922,3.0,1381881600
20368,2922,5.0,1299196800
20369,2922,5.0,1337126400
20370,2922,4.0,1329350400
20371,2922,5.0,1383782400
20372,2922,5.0,1405123200
20373,2922,5.0,1354665600
20374,2922,5.0,1341964800
20375,2922,5.0,1404000000
20376,2922,5.0,1358812800
20377,2922,5.0,1352419200
20378,2922,5.0,1382054400
20379,2922,5.0,1364083200
20380,2922,1.0,1297123200
20381,2922,5.0,1378598400
20382,2922,2.0,1389571200
20383,2922,5.0,1305936000
20384,2922,4.0,1321401600
20385,2922,5.0,1301270400
20386,2922,1.0,1390348800
20387,2922,5.0,1384992000
747,2922,1.0,1371772800
20388,2922,5.0,1311638400
20389,2922,5.0,1361664000
20390,2922,5.0,1343347200
13443,2922,5.0,1355529600
20391,2922,5.0,1401062400
20392,2922,4.0,1332460800
20393,2922,2.0,1332720000
20394,2922,1.0,1400025600
20395,2922,4.0,1374796800
20396,2922,5.0,1334620800
20397,2922,4.0,1404432000
20398,2922,5.0,1381795200
20399,2922,5.0,1404864000
20400,2922,5.0,1309824000
20401,2922,4.0,1388448000
20402,2922,5.0,1373760000
20403,2922,4.0,1329004800
20404,2922,5.0,1403481600
20405,2922,5.0,1376956800
20406,2922,5.0,1365033600
20407,2922,1.0,1351123200
20408,2922,5.0,1401753600
20409,2922,4.0,1351728000
20410,2922,5.0,1327708800
20411,2922,3.0,1313884800
20412,2922,5.0,1383091200
10610,2922,5.0,1383436800
10953,2922,3.0,1383609600
20413,2922,5.0,1367798400
20414,2922,5.0,1374537600
20415,2922,5.0,1320883200
20416,2922,5.0,1337040000
20417,2922,1.0,1396051200
20418,2922,5.0,1365120000
20419,2922,1.0,1391472000
20420,2922,4.0,1383782400
20421,2922,4.0,1376870400
20422,2922,5.0,1385337600
20423,2922,1.0,1311897600
20424,2922,5.0,1377302400
20425,2922,3.0,1395705600
20426,2922,5.0,1292198400
20427,2922,5.0,1366848000
20428,2922,5.0,1357516800
20429,2922,5.0,1391990400
20430,2922,5.0,1325116800
20431,2922,5.0,1356220800
20432,2922,5.0,1400716800
20433,2922,5.0,1364860800
20434,2922,5.0,1314316800
20435,2922,5.0,1362700800
20436,2922,5.0,1395619200
20437,2922,5.0,1312675200
20438,2922,2.0,1403222400
20439,2922,5.0,1379289600
20440,2922,5.0,1313280000
20441,2922,5.0,1375401600
10621,2922,1.0,1337126400
20442,2922,5.0,1386720000
20443,2922,5.0,1353801600
20444,2922,5.0,1398988800
20445,2922,3.0,1315353600
20446,2922,2.0,1383436800
20447,2922,1.0,1354838400
20448,2922,5.0,1403222400
20449,2922,5.0,1391126400
1229,2922,5.0,1363478400
20450,2922,2.0,1402963200
20451,2922,3.0,1359590400
20452,2922,4.0,1340755200
20453,2922,5.0,1328659200
20454,2922,5.0,1327104000
20455,2922,2.0,1393286400
20456,2922,2.0,1334793600
20457,2922,5.0,1313280000
20458,2922,2.0,1376352000
20459,2922,2.0,1345939200
11907,2922,4.0,1323648000
20460,2922,5.0,1394841600
20461,2922,2.0,1388102400
20462,2922,5.0,1307232000
20463,2922,5.0,1379203200
20464,2922,1.0,1341187200
20465,2922,3.0,1384300800
20466,2922,4.0,1303862400
20467,2922,1.0,1290988800
20468,2922,5.0,1314576000
20469,2922,5.0,1323475200
20470,2922,5.0,1387584000
20471,2922,5.0,1357171200
20472,2922,1.0,1395014400
20473,2922,1.0,1388361600
20474,2922,5.0,1287014400
20475,2922,5.0,1400371200
20476,2922,4.0,1387065600
20477,2922,2.0,1362528000
20478,2922,5.0,1371168000
20479,2922,4.0,1363824000
20480,2922,5.0,1394236800
20481,2922,1.0,1380758400
20482,2922,5.0,1331424000
20483,2922,4.0,1317859200
20484,2922,5.0,1404432000
20485,2922,1.0,1311552000
20486,2922,1.0,1362960000
20487,2922,5.0,1339200000
20488,2922,1.0,1339804800
20489,2922,5.0,1349308800
20490,2922,5.0,1388707200
20491,2922,5.0,1376265600
20492,2922,1.0,1373587200
20493,2922,5.0,1304294400
20494,2922,5.0,1404345600
4550,2921,3.0,1368403200
20495,2921,5.0,1398816000
4556,2921,2.0,1371686400
20496,2921,5.0,1332028800
20497,2921,5.0,1325980800
20498,2921,1.0,1293667200
20499,2921,5.0,1389744000
20500,2921,1.0,1397347200
20501,2921,4.0,1379721600
20502,2921,5.0,1319414400
20503,2921,4.0,1325548800
20504,2921,2.0,1355788800
20505,2921,5.0,1388620800
20506,2921,5.0,1400025600
20507,2921,4.0,1361491200
4575,2921,5.0,1385510400
20508,2921,5.0,1333584000
20509,2921,4.0,1353974400
20510,2921,4.0,1372636800
20511,2921,5.0,1352505600
20512,2921,5.0,1365638400
20513,2921,2.0,1336608000
20514,2921,1.0,1374796800
20515,2921,5.0,1360972800
20516,2921,5.0,1347753600
20517,2921,5.0,1396137600
20518,2921,1.0,1382745600
20519,2921,3.0,1374364800
20520,2921,2.0,1360022400
20521,2921,2.0,1387497600
20522,2921,5.0,1396396800
20523,2921,5.0,1363910400
20524,2921,4.0,1354752000
20525,2921,5.0,1332201600
20526,2921,5.0,1360108800
20527,2921,1.0,1322870400
20528,2921,5.0,1372291200
20529,2921,4.0,1367884800
20454,2921,2.0,1321228800
1306,2921,3.0,1356480000
20530,2921,4.0,1286496000
11907,2921,1.0,1319587200
20531,2921,3.0,1302134400
20532,2921,5.0,1386460800
20533,2921,3.0,1372464000
20534,2921,5.0,1375401600
20535,2921,4.0,1298332800
18620,2921,4.0,1338249600
20536,2921,4.0,1304294400
20537,2921,4.0,1336521600
20538,2923,5.0,1331078400
20539,2923,1.0,1381363200
20540,2924,5.0,1374105600
20541,2925,5.0,1355875200
20542,2925,5.0,1344988800
20543,2926,5.0,1279670400
20544,2926,5.0,1327708800
20545,2927,5.0,1335744000
20546,2927,5.0,1396051200
20547,2927,5.0,1384387200
20548,2927,4.0,1385251200
1770,2927,2.0,1381017600
20549,2927,4.0,1385337600
20550,2928,5.0,1337731200
20551,2929,5.0,1358380800
20552,2930,5.0,1298073600
20553,2931,5.0,1370390400
20554,2931,4.0,1331424000
20555,2932,1.0,1290038400
20556,2933,4.0,1345766400
20557,2933,4.0,1398816000
20558,2933,5.0,1376956800
20559,2933,4.0,1315699200
20560,2933,5.0,1392681600
17591,2933,5.0,1391472000
20561,2933,1.0,1392854400
20562,2933,5.0,1354665600
20563,2933,1.0,1361577600
20564,2934,5.0,1385596800
20565,2935,5.0,1353283200
20566,2936,4.0,1388707200
20567,2937,3.0,1320192000
10878,2938,5.0,1278460800
6894,2939,5.0,1292025600
20568,2940,5.0,1378252800
20569,2941,4.0,1394064000
20570,2941,5.0,1372118400
20571,2941,4.0,1366243200
20572,2941,2.0,1301788800
20573,2941,5.0,1396742400
20574,2941,5.0,1323820800
20575,2941,3.0,1390867200
20576,2941,1.0,1339718400
20577,2941,1.0,1375660800
20578,2941,5.0,1300665600
20579,2941,1.0,1399507200
20580,2941,5.0,1374192000
20581,2941,1.0,1356652800
20582,2941,1.0,1365724800
20583,2941,4.0,1307318400
20584,2941,5.0,1331683200
20585,2941,4.0,1299801600
20586,2941,5.0,1345161600
20587,2941,1.0,1381968000
20588,2941,5.0,1306195200
20589,2941,1.0,1300665600
20590,2941,4.0,1358726400
20591,2941,5.0,1345248000
20592,2941,5.0,1342310400
20593,2941,1.0,1321228800
20594,2941,5.0,1343001600
20595,2941,1.0,1390003200
20596,2941,2.0,1357516800
20597,2941,2.0,1344643200
20598,2941,1.0,1363132800
20599,2941,1.0,1397001600
20600,2941,5.0,1378080000
20601,2941,1.0,1356566400
20602,2941,5.0,1323993600
20603,2941,1.0,1309824000
20604,2941,3.0,1370995200
20605,2941,5.0,1393804800
20606,2941,5.0,1382313600
20607,2942,5.0,1393200000
20608,2942,5.0,1393545600
20609,2944,5.0,1388448000
20610,2944,5.0,1335830400
20611,2944,5.0,1398643200
20612,2944,2.0,1388448000
20613,2944,5.0,1390176000
20614,2944,5.0,1338422400
20615,2943,1.0,1392681600
20616,2943,5.0,1326067200
20617,2945,5.0,1293408000
20618,2946,4.0,1373760000
20619,2946,5.0,1348876800
20620,2946,5.0,1307750400
20621,2946,2.0,1316476800
20622,2946,4.0,1315180800
20623,2946,4.0,1361145600
20624,2946,5.0,1319587200
20625,2946,5.0,1296691200
20626,2946,5.0,1359936000
20627,2946,5.0,1342483200
20628,2946,5.0,1368835200
20629,2946,5.0,1348444800
20630,2946,5.0,1392940800
20631,2947,4.0,1354406400
20632,2947,4.0,1136073600
20633,2947,5.0,1364515200
20634,2947,5.0,1379116800
20635,2947,1.0,1396051200
20636,2947,5.0,1364256000
20637,2947,5.0,1325203200
20638,2947,5.0,1197590400
20639,2947,5.0,1368576000
20640,2947,3.0,1336953600
20641,2947,4.0,1320537600
20642,2947,5.0,1335916800
20643,2947,4.0,1196208000
20644,2947,4.0,1314144000
20645,2947,5.0,1346889600
20646,2947,5.0,1362960000
20647,2947,3.0,1366329600
20648,2947,5.0,1339545600
20121,2947,5.0,1354665600
20649,2947,5.0,1355356800
20650,2947,5.0,1179187200
20651,2947,5.0,1342051200
20652,2947,2.0,1366761600
20653,2947,5.0,1325203200
20654,2947,5.0,1168214400
20655,2947,5.0,1308441600
20656,2947,5.0,1327017600
20657,2947,5.0,1335312000
12896,2947,2.0,1196467200
20658,2947,4.0,1171843200
20659,2947,5.0,1371427200
20660,2947,5.0,1367280000
20661,2947,5.0,1322179200
20662,2947,3.0,1360368000
20663,2947,5.0,1309219200
20664,2947,5.0,1314316800
20665,2947,5.0,1349740800
20666,2947,1.0,1355702400
20667,2947,5.0,1349308800
20668,2947,5.0,1350172800
19890,2947,5.0,1339372800
20669,2947,5.0,1369008000
20670,2947,5.0,1370822400
20671,2947,4.0,1366243200
8549,2948,3.0,1325289600
20672,2948,5.0,1371859200
20673,2949,5.0,1383955200
4985,2949,5.0,1366848000
20674,2950,2.0,1384473600
20675,2950,2.0,1350259200
20676,2950,5.0,1363219200
20677,2951,5.0,1390694400
20678,2952,5.0,1323475200
20679,2952,5.0,1288742400
20680,2952,5.0,1359590400
20681,2952,5.0,1333324800
20682,2952,5.0,1294790400
20683,2952,5.0,1303171200
20684,2952,5.0,1281225600
20685,2952,5.0,1318464000
20686,2952,5.0,1301356800
20687,2953,5.0,1355011200
20688,2953,5.0,1363219200
20689,2953,5.0,1361750400
20690,2953,5.0,1387238400
20691,2953,4.0,1400976000
20692,2953,5.0,1365206400
20693,2954,5.0,1361923200
20694,2954,4.0,1357689600
20695,2954,5.0,1352505600
20696,2954,5.0,1382054400
13153,2954,5.0,1353283200
20697,2954,3.0,1375488000
20698,2954,5.0,1375747200
20699,2954,5.0,1313798400
20700,2954,5.0,1378771200
20701,2954,4.0,1358380800
20702,2954,5.0,1391040000
20703,2954,4.0,1356998400
20704,2954,5.0,1297987200
20705,2954,5.0,1381622400
20706,2954,5.0,1354752000
20707,2954,3.0,1389225600
20708,2954,5.0,1380931200
20709,2954,5.0,1294617600
20710,2954,5.0,1376179200
20711,2954,5.0,1343606400
20712,2954,4.0,1348185600
20713,2954,5.0,1385683200
20714,2954,5.0,1375660800
20715,2954,5.0,1392508800
20716,2954,4.0,1359331200
20717,2954,5.0,1320624000
20718,2954,5.0,1374364800
20719,2954,5.0,1367884800
20720,2954,5.0,1362009600
20721,2954,5.0,1362441600
20722,2954,5.0,1336780800
20723,2955,4.0,1345593600
20724,2956,4.0,1362960000
20725,2957,5.0,1276992000
20726,2958,4.0,1286755200
20727,2960,5.0,1296864000
20728,2960,5.0,1285718400
20729,2959,3.0,1284076800
7019,2961,1.0,1321315200
20730,2961,2.0,1388448000
20731,2961,2.0,1353888000
20732,2961,1.0,1343952000
20733,2961,5.0,1357776000
20734,2961,5.0,1370390400
20735,2961,5.0,1355529600
20736,2961,5.0,1366588800
20737,2961,5.0,1341964800
20738,2961,5.0,1361664000
20739,2961,5.0,1331424000
20740,2961,5.0,1356307200
20741,2961,5.0,1361664000
20742,2961,4.0,1373760000
20743,2961,5.0,1338336000
20744,2961,2.0,1360800000
20745,2961,3.0,1395792000
20746,2961,5.0,1362096000
20747,2961,5.0,1325548800
20748,2961,5.0,1369440000
20749,2961,1.0,1321920000
20750,2961,5.0,1356134400
20751,2961,4.0,1340064000
20752,2961,5.0,1319760000
20753,2962,5.0,1317772800
20754,2962,2.0,1318636800
20755,2962,1.0,1320278400
20756,2963,5.0,1293840000
20757,2963,5.0,1324252800
20758,2963,5.0,1331510400
20759,2963,5.0,1362614400
20760,2964,5.0,1357516800
20761,2965,5.0,1376265600
20762,2965,3.0,1387065600
20763,2965,5.0,1388880000
20764,2965,5.0,1379721600
20765,2965,5.0,1357171200
20766,2965,4.0,1390435200
20767,2965,5.0,1376092800
20768,2965,5.0,1385078400
20769,2965,5.0,1395187200
20770,2965,5.0,1351382400
20771,2965,5.0,1356566400
20772,2966,4.0,1399420800
20773,2966,5.0,1383609600
20774,2966,5.0,1384646400
20775,2966,4.0,1358035200
20776,2966,5.0,1400198400
20777,2966,4.0,1327968000
20778,2966,4.0,1396224000
20779,2966,5.0,1375315200
20780,2966,5.0,1399420800
20781,2966,5.0,1393113600
20782,2966,5.0,1393113600
20783,2966,5.0,1320624000
20784,2966,5.0,1365811200
20785,2966,5.0,1392681600
20786,2966,5.0,1294444800
20787,2966,5.0,1325635200
20770,2966,5.0,1351382400
20788,2966,4.0,1368748800
20789,2966,5.0,1367884800
20790,2966,5.0,1379721600
20791,2966,5.0,1378512000
20792,2967,5.0,1371254400
20793,2967,3.0,1297728000
20794,2967,5.0,1389657600
20795,2967,5.0,1328659200
20796,2967,3.0,1391299200
17967,2967,4.0,1374105600
20797,2967,5.0,1386460800
20798,2967,5.0,1364774400
20799,2967,5.0,1362528000
20800,2967,5.0,1354406400
20801,2968,5.0,1305763200
20802,2969,5.0,1360540800
20803,2970,5.0,1356998400
20804,2971,1.0,1389052800
20805,2973,4.0,1326758400
20806,2973,1.0,1329955200
20807,2973,5.0,1361750400
20808,2973,3.0,1344729600
20809,2973,3.0,1302307200
20810,2972,5.0,1284336000
20811,2972,5.0,1294790400
20812,2974,5.0,1312848000
20813,2975,2.0,1308441600
20814,2975,5.0,1405209600
20815,2975,5.0,1368230400
20816,2976,4.0,1359936000
20817,2977,1.0,1355097600
20818,2977,5.0,1369180800
20819,2977,5.0,1394409600
20820,2977,5.0,1372032000
20821,2977,2.0,1368835200
20822,2977,5.0,1295481600
20823,2977,5.0,1370908800
20824,2977,5.0,1343779200
20825,2977,2.0,1395360000
14257,2977,4.0,1353801600
20826,2977,4.0,1294790400
20827,2978,5.0,1339459200
20828,2979,1.0,1333584000
20829,2979,1.0,1301788800
20830,2979,5.0,1297987200
20831,2979,5.0,1320364800
20832,2980,5.0,1388793600
20833,2981,4.0,1288051200
20834,2982,5.0,1317168000
20835,2982,5.0,1292803200
20836,2983,5.0,1357603200
20837,2983,5.0,1385596800
18477,2983,5.0,1357689600
20838,2983,4.0,1335139200
20839,2983,4.0,1372204800
20840,2983,5.0,1350864000
20841,2983,1.0,1371081600
20842,2983,5.0,1310860800
20843,2983,3.0,1395705600
19724,2983,3.0,1378684800
20844,2983,5.0,1381276800
20845,2983,5.0,1370044800
20846,2983,5.0,1333065600
20847,2983,4.0,1377388800
20848,2983,5.0,1382659200
20849,2983,5.0,1368144000
20850,2983,5.0,1376092800
6945,2983,5.0,1375401600
20851,2983,5.0,1374796800
20852,2983,5.0,1374192000
20853,2983,4.0,1379894400
20854,2983,5.0,1378425600
20855,2983,5.0,1391904000
20856,2983,5.0,1373241600
20857,2983,5.0,1378252800
20858,2983,5.0,1380758400
20859,2983,4.0,1384473600
20860,2983,5.0,1369353600
20861,2983,5.0,1364860800
20862,2983,2.0,1363219200
20863,2983,5.0,1380672000
20864,2983,3.0,1371427200
6526,2983,2.0,1373500800
20865,2983,5.0,1380672000
20866,2983,5.0,1380672000
20867,2983,5.0,1369785600
20868,2983,5.0,1375660800
20869,2983,5.0,1370822400
20870,2983,5.0,1358121600
20871,2983,3.0,1375401600
20872,2983,4.0,1380672000
20873,2983,2.0,1377475200
20874,2983,3.0,1368144000
20875,2983,5.0,1372204800
20876,2983,3.0,1377820800
20877,2984,5.0,1360540800
20878,2985,4.0,1323734400
20879,2985,5.0,1299456000
20880,2985,4.0,1325289600
20881,2985,5.0,1373241600
20882,2985,5.0,1355356800
20883,2986,5.0,1368576000
20884,2987,5.0,1363132800
20885,2988,5.0,1386201600
20886,2989,2.0,1368489600
20887,2990,5.0,1404691200
20888,2991,5.0,1398556800
20889,2991,5.0,1383264000
20890,2991,5.0,1368403200
20891,2991,5.0,1390780800
20892,2991,5.0,1386028800
20893,2991,5.0,1399248000
20894,2992,1.0,1351123200
6736,2993,5.0,1333756800
20895,2993,1.0,1346889600
20896,2993,4.0,1338854400
20897,2993,5.0,1369612800
20898,2993,5.0,1345593600
20899,2993,5.0,1341360000
20900,2993,5.0,1367625600
20901,2993,5.0,1379203200
20902,2993,5.0,1351814400
20903,2993,5.0,1375056000
20904,2993,3.0,1363910400
20905,2993,5.0,1349222400
20906,2993,5.0,1377734400
20907,2993,5.0,1373587200
20908,2993,1.0,1395619200
20909,2993,4.0,1348272000
20910,2993,5.0,1379894400
20911,2993,4.0,1353974400
20912,2993,1.0,1404345600
20913,2993,3.0,1364774400
20914,2993,5.0,1344211200
20915,2993,5.0,1356134400
17006,2994,4.0,1309564800
20916,2995,5.0,1403913600
3393,2996,5.0,1337472000
20917,2996,5.0,1387843200
20918,2996,1.0,1339977600
20919,2997,5.0,1343347200
20920,2997,5.0,1353801600
20921,2998,5.0,1298764800
20922,2999,3.0,1360454400
20923,3000,1.0,1297728000
20924,3000,5.0,1296604800
20925,3000,5.0,1295481600
20926,3001,1.0,1311292800
20927,3002,1.0,1284854400
20928,3003,5.0,1300579200
20929,3004,4.0,1289174400
10475,3004,5.0,1318809600
20930,3005,5.0,1380931200
20931,3005,4.0,1392854400
20932,3005,5.0,1311984000
20933,3005,5.0,1324339200
20934,3005,5.0,1362441600
20935,3005,5.0,1396569600
14871,3005,5.0,1368489600
20936,3005,4.0,1386028800
20937,3005,5.0,1362960000
20938,3005,5.0,1296518400
20939,3005,1.0,1395619200
20940,3005,5.0,1361232000
20941,3005,5.0,1371686400
20942,3005,2.0,1385251200
8102,3005,5.0,1308528000
20943,3005,5.0,1369699200
20944,3005,5.0,1391385600
20945,3005,5.0,1353196800
20946,3005,3.0,1361145600
20947,3005,5.0,1381017600
20948,3005,5.0,1391644800
20949,3005,2.0,1383782400
20950,3006,5.0,1280448000
20951,3006,1.0,1370822400
20952,3007,5.0,1303430400
20953,3007,5.0,1298678400
20954,3008,5.0,1290643200
20955,3009,5.0,1298937600
20956,3009,5.0,1293062400
20957,3009,5.0,1378944000
20958,3010,5.0,1395273600
20959,3010,5.0,1301443200
20960,3010,5.0,1278547200
20961,3011,5.0,1379203200
20962,3012,5.0,1390780800
20963,3013,5.0,1334880000
20964,3013,4.0,1349395200
20965,3013,5.0,1366675200
20966,3013,4.0,1393027200
20967,3013,1.0,1358294400
20968,3013,3.0,1384041600
20969,3013,5.0,1390435200
20970,3013,5.0,1335139200
20971,3013,2.0,1347148800
20972,3013,3.0,1355529600
20973,3013,5.0,1388620800
20974,3013,5.0,1391385600
20975,3013,5.0,1392163200
20976,3013,5.0,1397088000
20977,3013,5.0,1292198400
20978,3013,3.0,1327190400
13860,3013,5.0,1379894400
20979,3013,4.0,1392768000
20980,3013,5.0,1363737600
20981,3013,4.0,1381708800
20982,3013,5.0,1300665600
20983,3013,5.0,1396569600
20984,3013,5.0,1390780800
20985,3013,4.0,1393977600
20986,3013,5.0,1396396800
20987,3013,5.0,1390521600
20988,3013,5.0,1389052800
20989,3013,5.0,1389225600
20990,3014,5.0,1347235200
20991,3014,5.0,1395619200
20992,3014,5.0,1391126400
20993,3014,5.0,1385510400
20994,3014,5.0,1367712000
20995,3015,1.0,1296691200
20996,3015,4.0,1300838400
20997,3016,3.0,1279411200
20998,3017,1.0,1368748800
20999,3018,4.0,1367625600
21000,3019,3.0,1309651200
21001,3019,5.0,1312070400
21002,3019,3.0,1377475200
21003,3019,5.0,1362873600
21004,3020,4.0,1285372800
21005,3021,1.0,1356739200
21006,3022,5.0,1297987200
21007,3023,5.0,1396137600
21008,3023,5.0,1380758400
21009,3024,5.0,1392854400
21010,3025,1.0,1346803200
21011,3025,5.0,1375401600
21012,3025,5.0,1368403200
21013,3025,5.0,1337990400
21014,3025,5.0,1366675200
21015,3025,5.0,1374796800
21016,3025,5.0,1327968000
21017,3025,5.0,1374969600
21018,3026,5.0,1288396800
21019,3027,5.0,1333670400
21020,3028,5.0,1284076800
21021,3029,5.0,1324598400
21022,3029,5.0,1385942400
21023,3029,5.0,1399852800
21024,3030,4.0,1403136000
21025,3030,5.0,1339804800
21026,3030,5.0,1386460800
21027,3031,5.0,1366848000
21028,3032,5.0,1388102400
21029,3033,1.0,1295049600
21030,3034,5.0,1364169600
21031,3035,5.0,1294876800
21032,3036,5.0,1352160000
21033,3037,5.0,1299196800
21034,3037,3.0,1298592000
21035,3037,5.0,1304899200
21036,3037,5.0,1298332800
21037,3037,5.0,1294185600
21038,3037,5.0,1300665600
21039,3037,5.0,1303603200
21040,3037,5.0,1301702400
21041,3037,5.0,1298246400
21042,3037,1.0,1297900800
21043,3037,5.0,1320537600
21044,3037,1.0,1370649600
21045,3037,1.0,1327363200
21046,3037,5.0,1297900800
21047,3037,5.0,1363824000
21048,3037,5.0,1297900800
21049,3037,5.0,1300320000
21050,3037,5.0,1304294400
21051,3037,5.0,1292889600
21052,3037,3.0,1373587200
21053,3037,5.0,1362873600
21054,3037,5.0,1332720000
21055,3037,5.0,1340841600
21056,3037,2.0,1331510400
21057,3037,2.0,1307318400
21058,3037,5.0,1331596800
21059,3037,5.0,1296777600
21060,3037,5.0,1399248000
21061,3037,5.0,1301529600
21062,3037,5.0,1355529600
21063,3037,5.0,1367798400
21064,3037,3.0,1298160000
21065,3037,3.0,1297814400
21066,3037,5.0,1350259200
21067,3037,4.0,1397347200
21068,3037,1.0,1306022400
21069,3037,5.0,1369526400
21070,3037,5.0,1360972800
21071,3037,5.0,1300233600
21072,3037,4.0,1303084800
21073,3037,3.0,1302739200
21074,3037,3.0,1304553600
21075,3037,5.0,1398470400
21076,3037,5.0,1330905600
21077,3037,5.0,1299456000
21078,3037,5.0,1310428800
21079,3037,4.0,1309046400
21080,3037,5.0,1296432000
21081,3037,1.0,1363046400
21082,3037,5.0,1375574400
21083,3037,3.0,1300665600
21084,3037,3.0,1297987200
21085,3037,5.0,1298678400
21086,3037,4.0,1299542400
21087,3037,5.0,1307577600
21088,3037,4.0,1301443200
21089,3037,5.0,1300147200
21090,3037,2.0,1304035200
21091,3037,5.0,1376092800
21092,3037,5.0,1296172800
21093,3037,5.0,1341446400
21094,3037,5.0,1392163200
21095,3037,1.0,1298332800
21096,3037,2.0,1337212800
21097,3037,3.0,1361836800
21098,3037,5.0,1297987200
21099,3037,5.0,1397001600
21100,3037,5.0,1297641600
21101,3037,5.0,1368921600
21102,3038,5.0,1368403200
21103,3039,4.0,1385164800
21104,3039,4.0,1396742400
21105,3039,5.0,1390348800
21106,3040,1.0,1386460800
21107,3040,5.0,1376092800
21108,3041,5.0,1405382400
21109,3041,3.0,1401580800
21110,3041,2.0,1333670400
21111,3041,1.0,1351036800
21112,3041,4.0,1402099200
21113,3041,5.0,1370995200
21114,3041,5.0,1330473600
21115,3041,3.0,1333756800
21116,3041,1.0,1354406400
21117,3041,4.0,1375660800
21118,3041,5.0,1374192000
21119,3041,4.0,1358035200
21120,3041,4.0,1370908800
21121,3041,5.0,1317427200
21122,3041,2.0,1356998400
21123,3041,2.0,1365379200
21124,3041,2.0,1391904000
21125,3041,1.0,1337731200
21126,3041,5.0,1346976000
21127,3041,5.0,1404345600
21128,3041,4.0,1376179200
21129,3041,1.0,1388275200
21130,3041,5.0,1346803200
21131,3041,5.0,1343088000
21132,3041,5.0,1378944000
21133,3041,5.0,1404086400
21134,3041,4.0,1336262400
21135,3041,3.0,1377475200
21136,3041,2.0,1374710400
21137,3041,5.0,1384560000
21138,3041,5.0,1354147200
21139,3041,5.0,1375574400
21140,3041,5.0,1325548800
21141,3041,5.0,1375056000
21142,3043,5.0,1357689600
21143,3042,5.0,1361404800
21144,3042,1.0,1374796800
21145,3042,5.0,1330819200
21146,3042,3.0,1349654400
21147,3044,5.0,1404864000
21148,3045,4.0,1357344000
8225,3045,5.0,1389657600
21149,3045,5.0,1401580800
21150,3046,5.0,1313798400
21151,3046,5.0,1330041600
21152,3046,2.0,1364774400
21153,3046,4.0,1370822400
21154,3046,5.0,1365724800
21155,3047,3.0,1348099200
21156,3047,5.0,1353283200
21157,3047,5.0,1404518400
21158,3047,5.0,1374105600
21159,3047,5.0,1397952000
21160,3048,4.0,1356739200
21161,3049,3.0,1341705600
21162,3050,5.0,1324252800
8432,3050,4.0,1337299200
21163,3050,5.0,1331942400
21164,3050,1.0,1327276800
21165,3050,2.0,1352419200
21166,3050,1.0,1325721600
21167,3050,5.0,1357948800
21168,3050,5.0,1385856000
21169,3050,5.0,1338422400
21170,3050,5.0,1330560000
21171,3050,5.0,1363564800
21172,3050,5.0,1323993600
21173,3050,5.0,1323216000
15817,3050,1.0,1332720000
21174,3051,4.0,1384646400
21175,3052,5.0,1367539200
21176,3052,5.0,1358208000
21177,3052,4.0,1349827200
21178,3052,5.0,1330992000
21179,3053,5.0,1307577600
2702,3054,1.0,1334620800
21180,3055,5.0,1282435200
21181,3056,1.0,1311638400
21182,3056,5.0,1328572800
21183,3057,5.0,1298678400
21184,3057,5.0,1307318400
21185,3057,5.0,1315353600
21186,3057,1.0,1291593600
21187,3058,2.0,1364428800
3931,3058,1.0,1373846400
21188,3058,5.0,1392422400
21189,3058,5.0,1357603200
21190,3058,5.0,1388016000
21191,3058,5.0,1336089600
21192,3058,5.0,1401321600
21193,3059,1.0,1404345600
21194,3060,5.0,1343001600
21195,3061,5.0,1337904000
21196,3061,2.0,1353196800
8134,3061,5.0,1318723200
21197,3061,5.0,1379635200
21198,3061,5.0,1315008000
21199,3061,4.0,1357257600
21200,3061,5.0,1298160000
21201,3061,3.0,1348358400
21202,3061,5.0,1400025600
21203,3061,2.0,1355788800
21204,3061,5.0,1359158400
21107,3061,2.0,1385683200
21205,3061,5.0,1364169600
21206,3062,5.0,1294358400
21207,3062,5.0,1352851200
21208,3062,5.0,1288396800
21209,3062,5.0,1353369600
21210,3062,5.0,1339459200
21211,3063,5.0,1375747200
21212,3064,5.0,1337126400
21213,3064,4.0,1358208000
21214,3064,4.0,1338854400
21215,3065,5.0,1292284800
21216,3066,5.0,1387497600
21217,3067,5.0,1327363200
21218,3067,5.0,1371340800
21219,3068,5.0,1341187200
21220,3069,1.0,1365206400
21221,3069,1.0,1359504000
21222,3069,5.0,1343779200
21223,3069,5.0,1340928000
9929,3069,2.0,1360108800
21224,3069,1.0,1368057600
21225,3069,1.0,1343779200
21226,3069,1.0,1368057600
21227,3069,5.0,1374192000
21228,3069,1.0,1339027200
21229,3069,5.0,1317686400
21230,3069,5.0,1323043200
21231,3069,5.0,1354060800
21232,3069,5.0,1323734400
21233,3069,1.0,1389744000
21234,3069,5.0,1363305600
21235,3069,1.0,1330819200
21236,3069,4.0,1332633600
21237,3069,4.0,1346976000
21238,3069,5.0,1366156800
21239,3069,4.0,1332806400
21240,3069,1.0,1336176000
21241,3070,1.0,1396137600
21242,3070,5.0,1368057600
21243,3070,1.0,1309910400
21244,3070,3.0,1316390400
21245,3070,1.0,1316822400
21246,3071,5.0,1315094400
21247,3072,5.0,1317686400
21248,3073,2.0,1400889600
21249,3073,2.0,1362441600
21250,3073,5.0,1353283200
21251,3073,5.0,1369872000
21252,3073,2.0,1382918400
21253,3073,5.0,1361145600
21254,3073,3.0,1346025600
21255,3074,5.0,1364860800
21256,3074,3.0,1379030400
21257,3074,3.0,1396569600
21258,3075,5.0,1365465600
21259,3075,5.0,1346976000
21260,3075,5.0,1360195200
21261,3075,5.0,1347580800
21262,3075,5.0,1356480000
21263,3075,5.0,1354665600
21264,3075,2.0,1347667200
21265,3075,5.0,1363219200
21266,3075,5.0,1365638400
10006,3075,5.0,1359936000
21267,3075,4.0,1331942400
21268,3075,2.0,1367625600
21269,3075,4.0,1365724800
21270,3075,1.0,1347148800
21271,3075,5.0,1365465600
21272,3075,3.0,1364256000
21273,3075,1.0,1362268800
21274,3075,5.0,1361836800
21275,3075,5.0,1335916800
21276,3075,2.0,1390694400
21277,3075,5.0,1328832000
21278,3075,4.0,1316995200
21279,3075,5.0,1356825600
21280,3075,5.0,1343952000
21281,3075,5.0,1316044800
21282,3075,4.0,1344556800
21283,3075,3.0,1339113600
21284,3075,5.0,1365120000
21285,3075,5.0,1355097600
21286,3075,5.0,1335744000
21287,3075,4.0,1391385600
13704,3075,3.0,1340150400
21288,3075,3.0,1366329600
21289,3075,5.0,1365638400
21290,3075,3.0,1357430400
21291,3076,5.0,1300665600
21292,3077,3.0,1326758400
21293,3077,5.0,1357344000
21294,3077,5.0,1352851200
21295,3077,5.0,1342742400
21296,3077,5.0,1335225600
21297,3077,5.0,1340150400
18304,3077,5.0,1381795200
21298,3077,5.0,1306281600
21299,3077,2.0,1305763200
21300,3078,5.0,1376524800
21301,3078,2.0,1376352000
21302,3079,5.0,1375142400
21303,3080,4.0,1301529600
21304,3081,5.0,1405900800
21305,3081,5.0,1392940800
21306,3081,4.0,1368316800
21307,3081,5.0,1354752000
21308,3081,1.0,1390262400
21309,3081,5.0,1304640000
21310,3081,5.0,1367020800
21311,3081,5.0,1398297600
21312,3081,5.0,1369958400
21313,3081,5.0,1369699200
21314,3081,5.0,1326412800
21315,3081,5.0,1359331200
21316,3081,2.0,1397692800
21317,3081,3.0,1326412800
21318,3081,5.0,1389744000
21319,3081,5.0,1325808000
21320,3081,3.0,1394496000
21321,3081,2.0,1359244800
21322,3081,5.0,1360800000
21323,3081,4.0,1349568000
21324,3081,5.0,1376784000
21325,3081,5.0,1389744000
21326,3081,5.0,1357257600
21327,3081,4.0,1389139200
21328,3081,5.0,1358467200
21329,3081,3.0,1356652800
21330,3081,5.0,1397952000
21331,3081,5.0,1383955200
21332,3081,5.0,1315180800
21333,3081,5.0,1346371200
21334,3081,5.0,1404518400
21335,3081,5.0,1355356800
21336,3081,5.0,1373328000
21337,3081,5.0,1394409600
21338,3081,5.0,1391644800
21339,3081,5.0,1405123200
21340,3081,5.0,1390780800
21341,3081,5.0,1397779200
21342,3081,5.0,1394064000
21343,3081,5.0,1376265600
10492,3081,1.0,1363219200
17935,3081,4.0,1357776000
21344,3081,5.0,1318291200
21345,3081,3.0,1395532800
17944,3081,5.0,1398902400
21346,3081,5.0,1377302400
21347,3081,5.0,1353283200
21348,3082,4.0,1398211200
21349,3082,4.0,1381881600
21350,3082,5.0,1377216000
21351,3082,5.0,1404259200
21352,3083,5.0,1328572800
21353,3084,5.0,1405900800
21354,3085,1.0,1304640000
21355,3085,2.0,1294272000
21356,3085,3.0,1323907200
21357,3085,1.0,1286323200
21358,3085,1.0,1299974400
21359,3085,1.0,1356998400
21360,3085,1.0,1294963200
21361,3085,5.0,1286064000
21362,3085,3.0,1305763200
21363,3085,3.0,1288224000
21364,3085,1.0,1284595200
21365,3085,5.0,1292112000
21366,3085,4.0,1298937600
21367,3085,1.0,1287705600
21368,3085,4.0,1327276800
21369,3085,2.0,1296604800
21370,3085,1.0,1288569600
21371,3085,2.0,1297641600
21372,3085,1.0,1305244800
21373,3085,1.0,1291420800
21374,3085,5.0,1298332800
21375,3085,5.0,1292112000
21376,3085,5.0,1284940800
21377,3085,1.0,1300752000
21378,3085,5.0,1286150400
21379,3085,2.0,1306540800
21380,3085,5.0,1322438400
21381,3086,5.0,1316908800
21382,3086,5.0,1323043200
21383,3086,3.0,1307577600
21384,3086,5.0,1320278400
21385,3086,3.0,1393545600
21386,3087,5.0,1404086400
21387,3087,5.0,1396742400
21388,3087,3.0,1394323200
21389,3087,5.0,1371945600
21390,3087,5.0,1356480000
21391,3087,5.0,1393891200
21392,3088,1.0,1357084800
21393,3088,2.0,1341619200
21394,3088,5.0,1323388800
21395,3088,4.0,1323129600
21396,3089,1.0,1317945600
21397,3090,3.0,1363996800
21398,3091,4.0,1352764800
21399,3092,5.0,1366156800
21400,3093,1.0,1381708800
21401,3093,4.0,1385251200
21402,3093,2.0,1297728000
21403,3093,5.0,1396828800
21404,3093,1.0,1362268800
21405,3093,1.0,1363305600
21406,3093,1.0,1369699200
21407,3094,3.0,1343865600
21408,3095,5.0,1290902400
21409,3096,5.0,1369094400
21410,3097,5.0,1382832000
21411,3097,4.0,1374451200
21412,3097,5.0,1366675200
21413,3097,5.0,1350345600
21414,3097,1.0,1388880000
21415,3097,5.0,1388275200
21416,3097,5.0,1353456000
21417,3098,5.0,1401235200
21418,3098,5.0,1400803200
21419,3098,5.0,1389830400
21420,3100,5.0,1359158400
18449,3100,5.0,1348531200
21421,3099,5.0,1362700800
21422,3101,3.0,1338768000
21423,3102,5.0,1292371200
21424,3103,5.0,1386201600
21425,3104,3.0,1352937600
2243,3104,4.0,1344643200
21426,3104,4.0,1361145600
21427,3104,1.0,1377734400
21428,3104,5.0,1338422400
21429,3104,2.0,1365379200
13856,3105,5.0,1394668800
21430,3105,5.0,1323475200
21431,3105,5.0,1390780800
21432,3105,5.0,1325116800
21433,3106,5.0,1314144000
21434,3106,4.0,1297641600
21435,3106,5.0,1389744000
21436,3106,3.0,1309824000
21437,3106,5.0,1303776000
21438,3106,1.0,1290988800
21439,3106,1.0,1326758400
21440,3106,2.0,1337817600
21441,3106,5.0,1299542400
21442,3106,5.0,1337472000
21443,3106,1.0,1374019200
21444,3107,5.0,1393372800
21445,3107,3.0,1376524800
21446,3108,5.0,1348012800
21447,3109,5.0,1374710400
21448,3109,2.0,1400889600
1321,3109,4.0,1362441600
21449,3109,5.0,1393632000
21450,3109,4.0,1386633600
21451,3109,5.0,1330819200
21452,3109,5.0,1381449600
21453,3109,5.0,1371081600
21454,3109,5.0,1391299200
21455,3109,1.0,1401840000
21456,3109,5.0,1384560000
21457,3109,2.0,1392163200
21458,3109,5.0,1370822400
21459,3109,2.0,1360368000
21460,3109,5.0,1316995200
21461,3109,5.0,1381795200
21462,3111,5.0,1377302400
21463,3111,5.0,1367625600
21464,3111,5.0,1393632000
21465,3111,5.0,1355875200
21466,3111,5.0,1374883200
21467,3111,5.0,1381708800
21468,3111,5.0,1374710400
21469,3111,5.0,1362441600
21470,3111,5.0,1404172800
21471,3111,5.0,1402444800
21472,3111,5.0,1401494400
21473,3111,5.0,1372636800
21474,3111,3.0,1372464000
21475,3111,5.0,1370822400
21476,3111,5.0,1374796800
21477,3111,5.0,1379376000
21478,3110,5.0,1302912000
21479,3112,1.0,1310083200
21480,3113,5.0,1313280000
21481,3114,5.0,1390867200
21482,3115,5.0,1321574400
21483,3115,3.0,1356652800
21484,3115,5.0,1329782400
21485,3115,4.0,1327536000
21486,3115,4.0,1355270400
21487,3115,4.0,1379203200
21488,3115,5.0,1338336000
21489,3116,5.0,1356566400
21490,3117,4.0,1362009600
21491,3117,3.0,1327449600
21492,3117,5.0,1332633600
21493,3117,5.0,1391731200
21494,3117,4.0,1329350400
21495,3117,2.0,1353024000
21496,3118,3.0,1291334400
21497,3118,1.0,1291248000
21498,3118,3.0,1289692800
11770,3119,5.0,1329955200
21499,3119,5.0,1320796800
21500,3119,5.0,1302134400
21501,3119,4.0,1317686400
21502,3120,4.0,1368230400
21503,3120,5.0,1315008000
21504,3120,5.0,1404259200
6047,3121,4.0,1324425600
21505,3121,3.0,1368144000
21506,3121,4.0,1376179200
21507,3121,4.0,1379289600
21508,3121,5.0,1350172800
21509,3121,4.0,1366156800
21510,3122,4.0,1405382400
21511,3122,5.0,1393113600
21512,3122,1.0,1364256000
21513,3123,4.0,1326585600
21514,3124,5.0,1362355200
21515,3125,5.0,1353974400
21516,3125,4.0,1357516800
21517,3125,5.0,1361577600
21518,3125,5.0,1362355200
21519,3125,5.0,1355097600
21520,3126,5.0,1302134400
21521,3127,5.0,1392940800
21522,3128,5.0,1388448000
21523,3128,5.0,1393718400
21524,3129,5.0,1361923200
21525,3129,5.0,1360713600
21526,3130,5.0,1372204800
21171,3131,5.0,1363564800
21527,3131,4.0,1309651200
21528,3131,5.0,1324080000
21529,3135,1.0,1361836800
21530,3135,5.0,1359936000
21531,3135,5.0,1356652800
21532,3135,4.0,1362700800
21533,3135,1.0,1360713600
21534,3135,1.0,1361491200
21535,3135,1.0,1331164800
21536,3135,1.0,1368489600
21537,3133,1.0,1361145600
21538,3133,2.0,1355616000
21539,3132,3.0,1345248000
21540,3139,5.0,1314144000
21541,3134,2.0,1319500800
21542,3138,3.0,1352160000
21543,3138,4.0,1252281600
21544,3137,5.0,1360540800
21545,3136,5.0,1396483200
21546,3144,5.0,1355961600
21547,3140,3.0,1404259200
21548,3140,5.0,1354060800
21549,3145,1.0,1278201600
21550,3145,5.0,1357862400
21551,3141,5.0,1400371200
21552,3142,5.0,1368057600
21553,3143,5.0,1359072000
21554,3143,5.0,1298332800
21555,3146,5.0,1397865600
21556,3146,1.0,1392940800
21557,3146,5.0,1343692800
21558,3146,5.0,1315872000
18507,3147,5.0,1347840000
21559,3148,4.0,1359676800
21560,3149,2.0,1344384000
21561,3149,3.0,1349827200
21562,3149,1.0,1361664000
21563,3150,5.0,1383782400
21564,3150,5.0,1353801600
21565,3150,5.0,1381622400
21566,3150,1.0,1307577600
21567,3150,5.0,1356048000
21568,3150,5.0,1282694400
21569,3150,5.0,1368403200
21570,3150,3.0,1378857600
21571,3150,5.0,1392422400
21572,3150,5.0,1308960000
21573,3150,5.0,1367798400
21574,3150,3.0,1393632000
21575,3150,5.0,1388793600
21576,3150,1.0,1337126400
21577,3151,4.0,1320192000
21578,3151,3.0,1302825600
21579,3151,5.0,1390867200
21580,3151,5.0,1386028800
21581,3151,5.0,1391990400
21582,3151,5.0,1369872000
21583,3151,5.0,1400112000
21584,3151,5.0,1394496000
21585,3151,1.0,1393027200
21586,3151,5.0,1403481600
21587,3151,4.0,1367280000
21588,3151,5.0,1404345600
21589,3151,5.0,1389398400
21590,3151,4.0,1368662400
21591,3151,4.0,1398470400
21592,3153,5.0,1398384000
21593,3153,5.0,1382832000
21594,3153,3.0,1400457600
21595,3153,5.0,1324425600
21596,3153,5.0,1398211200
21597,3152,1.0,1313452800
21598,3154,5.0,1315180800
21599,3155,4.0,1344816000
21600,3155,2.0,1319500800
21601,3155,4.0,1301616000
21602,3155,5.0,1364083200
21603,3156,5.0,1341360000
21604,3156,5.0,1373068800
21605,3157,5.0,1363219200
21606,3158,1.0,1346630400
21607,3160,4.0,1380153600
21608,3159,3.0,1355961600
8277,3161,4.0,1289088000
21609,3162,4.0,1318636800
21610,3162,5.0,1284940800
21611,3162,5.0,1317340800
1716,3162,2.0,1325894400
21612,3162,5.0,1360972800
21613,3162,5.0,1326758400
21614,3163,1.0,1304121600
21615,3163,5.0,1371772800
21616,3163,4.0,1372982400
21617,3163,5.0,1337299200
21618,3164,5.0,1404345600
21619,3164,5.0,1338508800
21620,3165,5.0,1328659200
17964,3166,1.0,1371427200
18781,3166,5.0,1367625600
21621,3166,5.0,1388275200
21622,3167,5.0,1398384000
21623,3168,5.0,1358035200
21624,3168,5.0,1380758400
21625,3169,5.0,1370995200
21626,3169,1.0,1376092800
21627,3170,1.0,1400716800
21628,3171,5.0,1397088000
21629,3172,4.0,1347321600
21630,3173,4.0,1355443200
21631,3174,5.0,1299801600
21632,3174,1.0,1315612800
21633,3174,5.0,1294704000
21634,3175,4.0,1213142400
21635,3175,4.0,1341964800
21636,3176,5.0,1336176000
21637,3176,5.0,1400284800
21638,3177,5.0,1326585600
21639,3177,5.0,1355702400
21640,3177,5.0,1311552000
21641,3177,2.0,1376784000
21642,3177,5.0,1301529600
21643,3178,5.0,1298937600
21644,3179,2.0,1347667200
21645,3179,2.0,1358121600
21646,3179,1.0,1356393600
21647,3179,5.0,1348272000
21648,3180,4.0,1313884800
21649,3180,4.0,1297641600
21650,3181,5.0,1354752000
21651,3182,5.0,1404777600
21652,3183,5.0,1395619200
21653,3183,2.0,1398038400
3862,3184,5.0,1344902400
21654,3184,3.0,1324944000
21655,3184,5.0,1385769600
21656,3184,3.0,1378339200
21657,3184,5.0,1355788800
21658,3184,5.0,1386028800
21659,3184,3.0,1370476800
21660,3184,5.0,1369267200
21661,3184,5.0,1334880000
21662,3184,5.0,1388016000
21663,3184,4.0,1337126400
21664,3184,5.0,1343433600
21665,3184,5.0,1365379200
21666,3184,4.0,1310256000
21667,3184,5.0,1374192000
21668,3185,5.0,1321315200
21669,3185,5.0,1357257600
21670,3186,5.0,1373155200
20979,3186,4.0,1392768000
21671,3187,4.0,1404259200
21672,3188,2.0,1360108800
21673,3189,4.0,1307318400
21674,3190,3.0,1302825600
21675,3193,3.0,1291334400
21676,3193,4.0,1291248000
21677,3193,3.0,1294099200
21678,3191,4.0,1293321600
21679,3191,1.0,1292889600
21680,3192,5.0,1303171200
21681,3194,2.0,1293840000
21682,3195,5.0,1378252800
21683,3196,5.0,1356912000
21684,3197,5.0,1373414400
21685,3197,3.0,1351555200
21686,3198,5.0,1324944000
21687,3199,1.0,1328832000
21688,3199,5.0,1338163200
21689,3200,5.0,1311984000
21690,3201,3.0,1316822400
21691,3201,5.0,1367971200
21692,3201,5.0,1299715200
21693,3201,3.0,1349740800
21694,3202,3.0,1377907200
21695,3203,5.0,1341964800
21696,3203,5.0,1359763200
21697,3203,4.0,1370822400
21698,3203,5.0,1386460800
21699,3203,5.0,1323907200
21700,3203,5.0,1388361600
21701,3203,5.0,1375833600
21702,3203,5.0,1325376000
20783,3203,5.0,1307577600
21703,3203,4.0,1309392000
21704,3203,5.0,1389052800
21705,3203,5.0,1348444800
21706,3203,5.0,1387497600
20770,3203,2.0,1351382400
21707,3203,2.0,1346803200
21708,3204,3.0,1295395200
21709,3204,5.0,1362441600
21710,3204,5.0,1359331200
21711,3204,4.0,1398902400
21712,3204,5.0,1382745600
21713,3204,4.0,1383523200
21714,3204,4.0,1367625600
21715,3205,5.0,1394064000
21716,3205,5.0,1337731200
21392,3205,5.0,1357084800
12531,3205,5.0,1343433600
21717,3205,5.0,1323820800
21718,3205,5.0,1351814400
21719,3205,4.0,1376611200
21720,3205,5.0,1361318400
21721,3205,5.0,1331510400
21722,3205,2.0,1367625600
21723,3205,5.0,1368576000
21724,3205,5.0,1331683200
21725,3205,5.0,1370563200
21726,3205,5.0,1370390400
21727,3205,4.0,1357689600
21728,3205,5.0,1374883200
21729,3205,5.0,1362441600
21730,3205,5.0,1383436800
21731,3205,5.0,1329868800
21732,3205,5.0,1355356800
21733,3205,4.0,1354924800
21734,3205,5.0,1354838400
21735,3205,5.0,1323648000
16435,3206,5.0,1351468800
21736,3208,5.0,1393027200
21737,3208,5.0,1360540800
8439,3208,5.0,1361145600
21738,3208,5.0,1366848000
21739,3208,5.0,1305590400
21740,3207,5.0,1343606400
21741,3209,5.0,1384128000
21742,3209,3.0,1384905600
21743,3209,5.0,1384819200
21744,3209,1.0,1357084800
21745,3209,5.0,1397692800
21746,3210,5.0,1298332800
21747,3211,5.0,1383091200
21748,3212,5.0,1356566400
21749,3213,5.0,1347753600
21750,3214,5.0,1387843200
21751,3214,5.0,1403222400
21752,3215,5.0,1365033600
21753,3216,5.0,1396569600
21754,3217,5.0,1332547200
21755,3217,5.0,1361836800
21756,3217,5.0,1383955200
5476,3217,5.0,1384560000
21757,3217,1.0,1363651200
21758,3217,5.0,1345420800
21759,3217,5.0,1358812800
21760,3218,5.0,1336348800
21761,3218,5.0,1328659200
21762,3218,5.0,1404518400
21763,3218,1.0,1319673600
21764,3219,3.0,1352073600
21765,3221,5.0,1396656000
21766,3221,1.0,1399593600
21767,3221,5.0,1357516800
21768,3221,5.0,1369958400
21769,3221,5.0,1393545600
21770,3221,5.0,1405036800
21771,3220,5.0,1394668800
21772,3220,5.0,1361318400
21773,3222,3.0,1405468800
21774,3222,4.0,1362441600
21775,3222,5.0,1355184000
21776,3222,3.0,1392940800
21777,3222,5.0,1367280000
21778,3222,5.0,1356998400
21779,3222,4.0,1341878400
21780,3222,5.0,1353024000
21781,3222,4.0,1354665600
21782,3222,4.0,1356393600
21783,3222,5.0,1339891200
4630,3222,4.0,1333238400
21784,3222,5.0,1334880000
21785,3222,4.0,1357344000
21786,3223,5.0,1352160000
21787,3223,5.0,1301875200
21788,3223,5.0,1370131200
21789,3223,5.0,1303862400
21790,3223,5.0,1386806400
21791,3223,5.0,1355875200
21792,3223,1.0,1331596800
21793,3224,5.0,1349222400
21794,3225,5.0,1380672000
21795,3226,3.0,1349395200
21796,3226,4.0,1346198400
21797,3226,1.0,1332547200
21798,3226,4.0,1339286400
21799,3226,5.0,1390089600
21800,3226,5.0,1344988800
21801,3226,1.0,1334102400
21802,3226,5.0,1354233600
21803,3226,1.0,1346112000
21804,3227,5.0,1317254400
21805,3228,5.0,1328227200
21806,3229,5.0,1402444800
21807,3230,5.0,1298246400
21808,3231,5.0,1330214400
21809,3231,5.0,1405036800
21810,3231,2.0,1402704000
21811,3232,5.0,1329091200
21812,3232,5.0,1339891200
21813,3233,5.0,1317945600
21814,3233,4.0,1394323200
21815,3233,5.0,1391558400
21816,3233,4.0,1387756800
21817,3233,5.0,1393113600
21818,3233,5.0,1391904000
21819,3233,5.0,1391644800
21820,3233,5.0,1393459200
21821,3233,3.0,1391817600
21822,3233,4.0,1388707200
21823,3233,1.0,1392076800
21824,3233,5.0,1294876800
21825,3233,3.0,1391904000
21826,3233,5.0,1352937600
21827,3234,5.0,1337644800
21828,3235,5.0,1288656000
21829,3236,5.0,1326240000
21830,3236,5.0,1322697600
21831,3237,5.0,1321488000
21832,3238,5.0,1291334400
21833,3239,5.0,1298592000
21834,3240,5.0,1357516800
21835,3240,5.0,1348617600
21836,3240,5.0,1345161600
21837,3240,4.0,1373241600
21838,3240,5.0,1398124800
21839,3241,4.0,1311206400
21840,3243,5.0,1321142400
21841,3242,5.0,1385942400
21842,3242,5.0,1363305600
21481,3245,5.0,1393113600
21481,3244,5.0,1390867200
21843,3246,5.0,1378425600
21844,3246,5.0,1379462400
21845,3246,5.0,1402012800
21846,3246,5.0,1363219200
21847,3248,1.0,1393891200
21848,3248,3.0,1404000000
21849,3248,2.0,1353024000
21850,3248,1.0,1374969600
21851,3248,5.0,1386460800
21852,3247,1.0,1351814400
21853,3249,5.0,1337126400
21854,3250,5.0,1351641600
21855,3251,5.0,1329350400
21856,3252,5.0,1299024000
21857,3253,5.0,1293494400
21858,3254,5.0,1363737600
21859,3254,5.0,1357948800
21860,3254,2.0,1313625600
21861,3255,5.0,1359331200
21862,3255,5.0,1357776000
21863,3255,5.0,1389484800
21864,3255,5.0,1349049600
21865,3256,5.0,1354924800
21866,3257,5.0,1366588800
21867,3257,5.0,1313712000
21868,3257,5.0,1401926400
21869,3257,5.0,1373155200
21870,3257,5.0,1367625600
21871,3257,5.0,1397952000
21872,3257,5.0,1404000000
21873,3257,5.0,1325116800
21471,3257,5.0,1402444800
21874,3257,5.0,1338681600
21875,3257,4.0,1323388800
21876,3257,5.0,1396483200
21877,3257,2.0,1334880000
21878,3258,5.0,1298505600
21879,3259,5.0,1287964800
21880,3259,5.0,1316217600
21881,3260,3.0,1355961600
21882,3261,5.0,1362268800
21883,3261,5.0,1306195200
21884,3262,3.0,1312070400
21885,3262,5.0,1297641600
21886,3262,2.0,1328313600
21887,3262,1.0,1323129600
21888,3262,3.0,1294185600
21889,3262,5.0,1305158400
21890,3265,3.0,1395446400
21891,3265,5.0,1363132800
21892,3265,5.0,1379980800
21893,3265,5.0,1398297600
21894,3265,5.0,1355443200
21895,3265,4.0,1363737600
21896,3265,5.0,1344211200
21897,3265,5.0,1356566400
21898,3265,5.0,1340928000
21899,3265,4.0,1362960000
21900,3265,5.0,1351382400
21901,3265,4.0,1355875200
21902,3265,5.0,1386028800
21903,3265,5.0,1396656000
21904,3265,5.0,1362614400
21905,3265,5.0,1364083200
21906,3265,5.0,1391731200
21907,3265,4.0,1401926400
21908,3265,5.0,1384560000
21909,3265,5.0,1404864000
21910,3265,5.0,1399593600
21911,3263,5.0,1400025600
21912,3263,5.0,1373587200
21913,3263,5.0,1371772800
21914,3263,5.0,1372550400
21915,3263,5.0,1353024000
21916,3263,5.0,1356652800
21917,3263,4.0,1356134400
21918,3263,1.0,1387411200
21919,3263,5.0,1396310400
21920,3263,5.0,1372723200
21921,3263,5.0,1347840000
21922,3263,5.0,1403481600
21923,3263,4.0,1372204800
21924,3264,5.0,1398470400
21925,3264,5.0,1355875200
21926,3264,4.0,1353196800
21927,3264,2.0,1378425600
21928,3264,1.0,1397952000
21929,3264,5.0,1301443200
21930,3264,5.0,1404086400
21931,3264,5.0,1367798400
21932,3264,3.0,1326326400
21933,3264,5.0,1357948800
21934,3264,5.0,1397260800
21935,3264,5.0,1384300800
21936,3264,4.0,1358726400
21937,3264,2.0,1347494400
21938,3264,5.0,1388016000
21939,3264,5.0,1305849600
21940,3264,5.0,1387065600
21941,3264,4.0,1336089600
21942,3264,5.0,1383955200
21943,3264,5.0,1340409600
21944,3264,1.0,1401321600
21945,3264,5.0,1358208000
21946,3264,1.0,1343260800
21947,3264,3.0,1312588800
21948,3264,5.0,1397952000
21949,3264,4.0,1381276800
21950,3264,4.0,1380672000
21951,3264,4.0,1351382400
21952,3264,5.0,1374278400
21953,3264,5.0,1326153600
21954,3264,3.0,1300752000
21955,3264,4.0,1384387200
21956,3264,5.0,1397779200
21957,3264,5.0,1297987200
21958,3264,4.0,1384646400
21959,3264,4.0,1330646400
21960,3264,4.0,1327968000
21961,3264,4.0,1378425600
21962,3264,5.0,1318377600
21963,3264,4.0,1352505600
21964,3264,2.0,1377734400
21965,3264,3.0,1369094400
21966,3264,5.0,1348531200
21967,3264,5.0,1394409600
21968,3264,5.0,1391731200
21969,3264,5.0,1381276800
21970,3264,3.0,1320278400
21971,3264,3.0,1375142400
21972,3264,5.0,1372118400
21973,3267,5.0,1382832000
21911,3267,5.0,1403654400
21974,3267,5.0,1354406400
21975,3267,5.0,1404950400
21976,3267,5.0,1385251200
21977,3267,5.0,1327622400
21978,3267,5.0,1334361600
21979,3267,3.0,1396569600
21980,3267,5.0,1391385600
21981,3267,1.0,1386633600
21982,3267,5.0,1385251200
21983,3267,5.0,1346371200
21984,3267,4.0,1323043200
21985,3267,3.0,1374883200
21941,3267,5.0,1337731200
21986,3267,4.0,1375574400
21987,3267,5.0,1373328000
21988,3267,5.0,1371081600
21989,3267,5.0,1379462400
21990,3267,5.0,1390089600
21991,3267,4.0,1358726400
21992,3267,5.0,1394841600
21993,3267,5.0,1395878400
21994,3267,4.0,1331596800
21995,3267,5.0,1347926400
21996,3267,5.0,1325894400
21997,3266,3.0,1353888000
21998,3266,4.0,1377648000
21999,3266,5.0,1380672000
22000,3266,5.0,1384819200
22001,3266,5.0,1400198400
22002,3266,5.0,1375574400
22003,3266,5.0,1399852800
22004,3266,5.0,1398643200
22005,3266,5.0,1359072000
22006,3266,4.0,1353888000
22007,3266,5.0,1393718400
22008,3266,5.0,1351209600
22009,3266,4.0,1385683200
22010,3266,5.0,1400630400
22011,3266,5.0,1388448000
22012,3266,5.0,1308960000
22013,3266,5.0,1375056000
22014,3266,5.0,1358899200
21941,3266,4.0,1337731200
22015,3266,5.0,1366761600
22016,3266,5.0,1363046400
22017,3266,5.0,1356134400
22018,3266,5.0,1390348800
22019,3266,5.0,1375660800
1190,3266,5.0,1326585600
21987,3266,5.0,1360195200
22020,3266,4.0,1377129600
22021,3266,5.0,1349395200
22022,3266,5.0,1373500800
22023,3266,5.0,1377302400
22024,3266,4.0,1393372800
22025,3266,4.0,1376784000
22026,3266,5.0,1379116800
22027,3266,5.0,1378166400
22028,3266,1.0,1362441600
22029,3266,5.0,1373587200
22030,3266,5.0,1378598400
3454,3266,5.0,1364428800
22031,3266,5.0,1365811200
22032,3266,5.0,1366588800
22033,3266,4.0,1380672000
22034,3266,5.0,1392336000
22035,3266,5.0,1394841600
22036,3266,5.0,1392681600
22037,3266,2.0,1381795200
22038,3266,5.0,1362441600
22039,3266,5.0,1350950400
22040,3266,5.0,1391126400
22041,3266,5.0,1348185600
22042,3266,3.0,1396828800
22043,3266,4.0,1375660800
22044,3266,5.0,1341100800
22045,3266,5.0,1378512000
22046,3266,5.0,1377129600
22047,3266,5.0,1404086400
22048,3266,5.0,1357084800
22049,3266,1.0,1371600000
22050,3266,5.0,1357084800
21964,3266,4.0,1377734400
1311,3266,5.0,1389571200
22051,3266,5.0,1393027200
22052,3266,5.0,1360713600
22053,3266,5.0,1367452800
22054,3266,2.0,1404086400
22055,3266,3.0,1379030400
22056,3266,3.0,1367798400
22057,3266,5.0,1388880000
22058,3266,5.0,1392768000
22059,3268,5.0,1329955200
22060,3269,5.0,1373846400
22061,3269,5.0,1375056000
22062,3270,2.0,1295481600
22063,3270,2.0,1389657600
22064,3270,5.0,1298937600
22065,3271,3.0,1369353600
22066,3272,5.0,1357344000
22067,3272,5.0,1357257600
22068,3272,4.0,1347062400
22069,3272,1.0,1313971200
22070,3272,5.0,1323475200
22071,3272,5.0,1316649600
22072,3273,5.0,1311724800
22073,3274,4.0,1351036800
22074,3275,5.0,1362441600
22075,3275,5.0,1389139200
22076,3276,5.0,1362096000
22077,3276,5.0,1299369600
22078,3278,5.0,1363651200
22079,3278,5.0,1353888000
22080,3278,4.0,1399420800
22081,3278,5.0,1358553600
22082,3278,5.0,1375833600
22083,3278,5.0,1384992000
22084,3278,5.0,1400371200
22085,3278,3.0,1380067200
22086,3278,1.0,1346803200
21398,3278,5.0,1388016000
22087,3278,4.0,1347408000
22088,3278,5.0,1391126400
22089,3278,5.0,1376438400
22090,3278,3.0,1349222400
22091,3278,5.0,1401148800
22092,3278,5.0,1383177600
22093,3278,5.0,1379894400
22094,3278,5.0,1383523200
22095,3278,5.0,1381968000
22096,3278,4.0,1394323200
22097,3278,5.0,1384300800
22098,3278,4.0,1350432000
21908,3278,5.0,1384560000
22099,3278,5.0,1352332800
22100,3278,5.0,1388016000
22101,3278,5.0,1383264000
22102,3278,5.0,1363737600
22103,3278,5.0,1388793600
22104,3277,2.0,1370822400
22082,3277,5.0,1375488000
22105,3277,5.0,1347321600
22106,3277,4.0,1347408000
22107,3277,5.0,1340236800
22108,3277,5.0,1387584000
22109,3277,4.0,1330128000
21941,3277,5.0,1339200000
22110,3277,5.0,1370908800
22111,3277,5.0,1339200000
22112,3277,5.0,1345075200
22113,3277,4.0,1385510400
22114,3277,1.0,1329436800
22115,3277,5.0,1348099200
22116,3277,5.0,1376784000
22117,3277,5.0,1335744000
22118,3277,5.0,1359331200
21908,3277,5.0,1384560000
4137,3277,5.0,1350172800
22119,3277,5.0,1404000000
22120,3277,4.0,1354665600
22121,3279,5.0,1385510400
22122,3279,4.0,1295481600
22123,3279,3.0,1389052800
22124,3279,5.0,1377475200
22125,3279,3.0,1341792000
22126,3279,5.0,1368576000
19895,3280,5.0,1365552000
22127,3280,3.0,1358899200
22128,3281,5.0,1340323200
22129,3281,5.0,1364342400
22130,3281,5.0,1361923200
22131,3282,5.0,1364083200
22132,3282,5.0,1372723200
22133,3282,5.0,1318982400
22134,3282,5.0,1351036800
22135,3282,4.0,1392940800
22136,3282,4.0,1354406400
22137,3283,5.0,1394668800
22138,3283,5.0,1392681600
22139,3283,5.0,1376956800
22140,3283,5.0,1364428800
22141,3283,5.0,1393027200
22142,3283,5.0,1394409600
22143,3283,4.0,1373241600
22144,3283,4.0,1398384000
22145,3283,5.0,1378425600
22146,3283,5.0,1395878400
22147,3283,5.0,1389916800
22148,3284,5.0,1396396800
22149,3284,5.0,1399766400
22150,3285,4.0,1404691200
22151,3286,5.0,1315267200
22152,3287,5.0,1376352000
22153,3287,5.0,1394323200
22154,3287,5.0,1373760000
22155,3287,5.0,1357430400
22156,3289,4.0,1345852800
22096,3289,5.0,1360108800
22157,3289,3.0,1346716800
22158,3289,5.0,1366934400
22159,3289,5.0,1332115200
22160,3288,3.0,1338595200
22161,3288,5.0,1386115200
22162,3288,4.0,1376092800
22163,3288,5.0,1395187200
22164,3288,5.0,1398556800
22165,3288,5.0,1399248000
22119,3288,4.0,1404000000
22166,3290,5.0,1297123200
22167,3291,2.0,1319328000
22168,3292,5.0,1319932800
22169,3293,2.0,1296864000
22170,3293,1.0,1365552000
22171,3293,1.0,1365984000
22172,3294,5.0,1369267200
22173,3294,4.0,1374192000
22174,3295,2.0,1333411200
22175,3297,5.0,1297814400
22176,3296,5.0,1324771200
1852,3298,4.0,1290902400
22177,3299,5.0,1400630400
22178,3300,2.0,1300147200
22179,3301,5.0,1366416000
22180,3301,3.0,1350518400
22181,3301,5.0,1358985600
22182,3301,5.0,1403481600
22183,3301,5.0,1370044800
22184,3301,4.0,1355875200
22185,3302,5.0,1380931200
22186,3302,2.0,1378684800
22187,3302,4.0,1388361600
22188,3303,4.0,1313971200
22189,3304,5.0,1395360000
22190,3304,3.0,1384214400
22191,3304,5.0,1358035200
22192,3304,4.0,1398124800
22193,3304,4.0,1352678400
22194,3304,4.0,1396051200
22195,3304,5.0,1403481600
22196,3304,2.0,1402185600
22197,3304,5.0,1380844800
22198,3304,4.0,1320710400
22199,3304,4.0,1396915200
22200,3304,5.0,1385769600
22201,3304,5.0,1404000000
2190,3304,5.0,1360713600
22202,3304,5.0,1356566400
22203,3304,5.0,1372982400
22204,3304,5.0,1402012800
22205,3304,5.0,1387411200
22206,3304,5.0,1390780800
22207,3304,5.0,1399939200
22208,3304,3.0,1378944000
22209,3304,5.0,1379030400
22210,3304,2.0,1306281600
6868,3304,5.0,1311033600
22211,3304,5.0,1356998400
22212,3304,2.0,1356652800
22213,3304,5.0,1398470400
22214,3304,5.0,1390348800
22215,3304,5.0,1355011200
22216,3304,5.0,1389657600
22217,3304,5.0,1394841600
22218,3304,5.0,1330646400
22219,3304,5.0,1389484800
22220,3304,5.0,1395619200
22221,3304,5.0,1404950400
22222,3304,5.0,1386720000
22223,3304,4.0,1395360000
22224,3304,5.0,1391904000
22225,3304,4.0,1309564800
22226,3304,5.0,1382832000
22227,3304,5.0,1388188800
22228,3304,5.0,1395446400
22229,3304,4.0,1400025600
22230,3304,5.0,1382745600
22231,3304,4.0,1383264000
22232,3305,1.0,1377993600
22233,3306,1.0,1396656000
22234,3307,1.0,1355875200
22235,3307,5.0,1390953600
22236,3307,5.0,1339632000
22237,3307,4.0,1390953600
22238,3308,5.0,1383264000
22239,3308,5.0,1381276800
22240,3308,5.0,1389830400
22241,3308,5.0,1378166400
22242,3308,4.0,1371513600
22243,3309,5.0,1384300800
22244,3309,3.0,1390694400
22245,3309,3.0,1320624000
22246,3309,5.0,1391731200
22247,3309,4.0,1335571200
22248,3309,4.0,1358640000
22249,3309,3.0,1389571200
22250,3309,5.0,1322956800
22251,3309,4.0,1331164800
22252,3309,5.0,1364256000
22253,3309,5.0,1393804800
22254,3309,5.0,1364083200
11575,3309,2.0,1360886400
22255,3309,5.0,1386288000
22256,3309,5.0,1352678400
22257,3309,5.0,1383091200
22258,3309,5.0,1359244800
22259,3309,5.0,1395878400
22260,3309,5.0,1356912000
22261,3309,5.0,1363132800
22262,3309,5.0,1326931200
22263,3309,3.0,1368489600
22264,3310,4.0,1292025600
22265,3311,4.0,1356480000
22266,3313,1.0,1300147200
22267,3312,5.0,1358812800
22268,3314,5.0,1347321600
22269,3315,1.0,1355097600
22270,3315,3.0,1356998400
22271,3315,5.0,1308441600
22272,3315,5.0,1367884800
22273,3315,2.0,1360281600
22274,3315,5.0,1360713600
22275,3315,5.0,1404000000
22276,3316,5.0,1315180800
22277,3317,5.0,1306195200
22278,3318,5.0,1405900800
22279,3318,5.0,1345248000
22280,3319,5.0,1327708800
22281,3320,5.0,1307318400
22282,3320,5.0,1361750400
22283,3321,2.0,1400371200
22284,3322,1.0,1399420800
22285,3322,5.0,1400198400
22286,3322,5.0,1375142400
22287,3322,5.0,1373241600
22288,3322,5.0,1361577600
22289,3322,5.0,1394064000
9996,3322,3.0,1387065600
22290,3322,5.0,1363996800
22291,3322,5.0,1345507200
22292,3322,4.0,1393372800
22293,3322,5.0,1382659200
3444,3322,5.0,1385164800
22294,3322,5.0,1338768000
22295,3322,5.0,1332374400
22296,3322,5.0,1395964800
22297,3322,5.0,1387152000
22298,3322,5.0,1387324800
22299,3322,5.0,1341360000
22300,3322,5.0,1334534400
22301,3322,5.0,1305676800
22302,3322,5.0,1386288000
22303,3323,5.0,1320105600
22304,3324,4.0,1344470400
22305,3324,4.0,1387065600
22306,3325,4.0,1309132800
22307,3325,4.0,1367366400
22308,3325,2.0,1367539200
22309,3325,5.0,1350950400
22310,3325,2.0,1355961600
22311,3325,1.0,1388102400
22312,3325,5.0,1394841600
22313,3325,5.0,1367193600
22314,3325,4.0,1363392000
22315,3325,2.0,1368835200
22316,3325,5.0,1363996800
22317,3325,5.0,1347926400
22318,3325,5.0,1358553600
22319,3325,3.0,1344729600
10595,3325,4.0,1357776000
22320,3325,5.0,1341014400
22321,3325,4.0,1364774400
22322,3325,5.0,1356480000
22323,3325,5.0,1362700800
22324,3325,5.0,1370390400
22325,3325,2.0,1351123200
22326,3325,5.0,1353024000
22327,3325,4.0,1360800000
22328,3325,5.0,1402012800
22329,3325,4.0,1356912000
22330,3325,5.0,1321142400
22331,3326,5.0,1310601600
22332,3326,1.0,1315440000
22333,3326,1.0,1354665600
22334,3326,5.0,1292630400
22335,3326,1.0,1338249600
22336,3326,5.0,1313366400
22337,3326,2.0,1319414400
3500,3326,5.0,1293408000
22338,3326,3.0,1295481600
22339,3326,5.0,1317859200
22340,3326,5.0,1351555200
22341,3326,4.0,1312761600
22342,3326,5.0,1293753600
22343,3326,5.0,1302220800
22344,3326,2.0,1294272000
22345,3326,2.0,1311465600
22346,3326,5.0,1324339200
22347,3326,5.0,1296259200
22348,3326,5.0,1313366400
22349,3326,2.0,1328227200
22350,3326,5.0,1310428800
22351,3326,1.0,1321747200
22352,3326,1.0,1298073600
22353,3326,1.0,1315440000
22354,3326,1.0,1404000000
22355,3326,2.0,1344038400
22356,3327,5.0,1325548800
22357,3328,5.0,1316995200
22358,3329,5.0,1310169600
22359,3329,5.0,1392508800
22360,3329,5.0,1377907200
22361,3329,5.0,1321401600
22362,3329,3.0,1402617600
22363,3329,5.0,1376697600
22364,3329,1.0,1388534400
22365,3329,5.0,1379635200
22366,3329,5.0,1375660800
22367,3329,3.0,1311724800
22368,3329,5.0,1310947200
22369,3329,4.0,1380672000
22370,3329,2.0,1338422400
22371,3329,4.0,1354320000
22372,3329,3.0,1391731200
22373,3329,5.0,1376956800
22374,3329,5.0,1376784000
22375,3329,4.0,1310169600
22376,3329,5.0,1313539200
22377,3329,5.0,1372723200
22378,3329,4.0,1376438400
22379,3329,1.0,1389398400
22380,3329,3.0,1396483200
22381,3329,5.0,1371081600
22382,3329,5.0,1314403200
22383,3329,5.0,1377216000
22384,3329,5.0,1374624000
22385,3329,2.0,1402704000
22386,3329,5.0,1370044800
22387,3329,5.0,1311552000
22388,3329,4.0,1345248000
22389,3329,4.0,1384214400
22390,3329,5.0,1368921600
22391,3329,4.0,1373414400
22392,3329,5.0,1355961600
22393,3329,5.0,1370908800
22394,3329,3.0,1318291200
22395,3329,5.0,1374883200
22396,3329,5.0,1316995200
22397,3329,4.0,1380672000
22398,3329,5.0,1372464000
22399,3329,5.0,1378598400
22400,3329,1.0,1368662400
22401,3329,4.0,1402358400
22402,3329,4.0,1375228800
22403,3329,5.0,1381363200
22404,3329,5.0,1385337600
22405,3329,5.0,1372636800
22406,3329,5.0,1301443200
22407,3329,5.0,1309564800
22408,3329,5.0,1374364800
22409,3329,3.0,1374796800
22410,3329,5.0,1351900800
22411,3329,5.0,1357776000
22412,3329,5.0,1376784000
22413,3329,5.0,1371945600
22414,3329,4.0,1377734400
22415,3329,5.0,1400716800
22416,3329,5.0,1380326400
22417,3329,5.0,1348790400
22418,3329,5.0,1374019200
22419,3329,5.0,1373932800
22420,3329,5.0,1388620800
22421,3329,4.0,1372032000
22422,3329,5.0,1372032000
22423,3329,4.0,1374192000
22424,3329,5.0,1369785600
22425,3329,5.0,1404777600
22426,3329,5.0,1310256000
22427,3329,5.0,1313366400
22428,3329,1.0,1319587200
18484,3329,4.0,1345766400
22429,3329,5.0,1376524800
22430,3329,5.0,1370995200
22431,3329,5.0,1359936000
22432,3329,4.0,1387584000
22433,3329,5.0,1305849600
22434,3329,5.0,1383609600
22435,3329,3.0,1311379200
22436,3329,5.0,1383955200
22437,3329,5.0,1327363200
22438,3329,5.0,1404086400
22439,3329,5.0,1364774400
22440,3329,3.0,1392681600
22441,3329,5.0,1371340800
22442,3329,5.0,1399593600
22443,3329,5.0,1369267200
22444,3329,2.0,1376006400
22445,3329,5.0,1362700800
22446,3329,1.0,1308182400
22447,3329,5.0,1309478400
22448,3329,5.0,1370736000
22449,3329,4.0,1378080000
22450,3329,5.0,1379116800
22451,3329,4.0,1372118400
22452,3329,5.0,1372204800
22453,3329,5.0,1313884800
22454,3329,5.0,1379203200
22455,3329,1.0,1385078400
22456,3329,3.0,1310169600
22457,3329,5.0,1376956800
22458,3330,5.0,1392422400
22459,3331,5.0,1298592000
22460,3331,5.0,1392163200
22461,3332,5.0,1309132800
22462,3332,1.0,1355270400
22463,3333,5.0,1391731200
22464,3333,1.0,1291680000
22465,3334,5.0,1367884800
22466,3334,2.0,1361145600
22467,3334,4.0,1340323200
22468,3334,5.0,1313452800
22469,3334,5.0,1343606400
22470,3334,4.0,1313452800
22471,3334,2.0,1344124800
22472,3334,5.0,1391558400
22473,3334,5.0,1339891200
22474,3334,5.0,1371686400
22475,3334,5.0,1372291200
22476,3334,2.0,1356048000
22477,3334,1.0,1369872000
22478,3334,2.0,1330300800
22479,3335,1.0,1401148800
22480,3336,5.0,1326240000
22481,3337,5.0,1318291200
22482,3338,4.0,1389225600
22483,3339,2.0,1314230400
22484,3339,5.0,1397088000
22485,3339,5.0,1399161600
22486,3339,5.0,1308787200
22487,3339,5.0,1397779200
22488,3339,5.0,1361232000
22489,3339,5.0,1364428800
22490,3339,5.0,1353801600
22491,3339,5.0,1400716800
22492,3339,2.0,1331856000
22493,3340,5.0,1399334400
22494,3341,4.0,1364428800
22495,3341,3.0,1385942400
22496,3341,5.0,1351123200
22497,3341,5.0,1298851200
22498,3341,5.0,1358035200
22499,3341,5.0,1353110400
22500,3342,1.0,1357430400
22501,3342,4.0,1355616000
22502,3343,5.0,1405209600
22503,3343,5.0,1364342400
22504,3343,5.0,1358208000
22505,3343,1.0,1359417600
22506,3343,5.0,1403568000
22507,3343,5.0,1357603200
22508,3343,1.0,1338076800
22509,3343,5.0,1357516800
22510,3343,5.0,1315440000
22511,3343,5.0,1364083200
13239,3343,2.0,1356048000
22512,3343,4.0,1395878400
22513,3343,3.0,1370304000
22514,3343,4.0,1329696000
22515,3343,4.0,1354492800
16907,3343,5.0,1351209600
10572,3343,5.0,1339113600
22516,3343,5.0,1361232000
22517,3343,5.0,1341619200
22518,3343,5.0,1354752000
22519,3343,4.0,1400976000
22520,3343,5.0,1335830400
22521,3343,5.0,1383436800
22522,3343,5.0,1326672000
22523,3343,4.0,1325030400
22524,3343,5.0,1356393600
22525,3343,3.0,1328572800
22526,3343,4.0,1404604800
22527,3343,4.0,1389484800
22528,3343,3.0,1303516800
22529,3343,5.0,1326067200
22530,3343,1.0,1352592000
22531,3343,5.0,1358208000
22532,3343,5.0,1324339200
22533,3343,5.0,1356393600
22534,3343,4.0,1404691200
22535,3343,4.0,1404691200
22536,3343,5.0,1357257600
22537,3343,4.0,1324944000
22538,3343,5.0,1344902400
16455,3343,3.0,1323129600
22539,3343,5.0,1325376000
22540,3343,5.0,1345075200
22541,3343,5.0,1337472000
22542,3343,5.0,1353369600
22543,3343,4.0,1362960000
22544,3343,5.0,1355097600
22545,3343,4.0,1319846400
22546,3343,5.0,1330819200
22547,3343,4.0,1344470400
22548,3343,1.0,1327795200
22549,3343,2.0,1330905600
22550,3343,5.0,1346284800
22551,3343,4.0,1360972800
22552,3343,2.0,1381190400
22553,3343,5.0,1356480000
17247,3343,2.0,1346025600
22554,3343,5.0,1327881600
22555,3343,4.0,1340409600
22556,3343,4.0,1359849600
22557,3343,1.0,1357171200
22558,3343,4.0,1349308800
22559,3343,5.0,1329868800
22560,3343,5.0,1390953600
3500,3343,5.0,1326672000
22561,3343,5.0,1339545600
22562,3343,2.0,1380672000
22563,3343,3.0,1388966400
22564,3343,5.0,1359417600
22565,3343,4.0,1355788800
22566,3343,4.0,1340928000
22567,3343,5.0,1326585600
22568,3343,5.0,1360627200
22569,3343,5.0,1349308800
22570,3343,4.0,1351728000
22571,3343,5.0,1358380800
22572,3343,2.0,1353888000
22573,3343,5.0,1392768000
22574,3343,3.0,1329868800
22575,3343,5.0,1345680000
22576,3343,4.0,1368057600
22577,3343,4.0,1333843200
22578,3343,4.0,1325462400
22579,3343,4.0,1329350400
13968,3343,5.0,1360540800
22580,3343,3.0,1329436800
22581,3343,3.0,1356307200
15512,3343,5.0,1337385600
22582,3343,4.0,1363478400
22583,3343,4.0,1379289600
22584,3343,4.0,1375660800
22585,3343,5.0,1320278400
22586,3343,5.0,1322352000
22587,3343,4.0,1340928000
22588,3343,5.0,1332115200
22589,3343,4.0,1326672000
22590,3343,3.0,1392595200
22591,3343,1.0,1351728000
22592,3343,5.0,1398211200
22593,3343,5.0,1361404800
22594,3343,3.0,1319500800
22595,3343,5.0,1347840000
22596,3343,4.0,1353369600
22597,3343,4.0,1353801600
22598,3343,5.0,1331596800
22599,3343,3.0,1372377600
22600,3343,1.0,1323561600
22601,3343,5.0,1393545600
22602,3343,5.0,1360972800
22603,3343,3.0,1347062400
22604,3343,1.0,1359590400
22605,3343,5.0,1337731200
22606,3343,5.0,1329004800
22607,3343,5.0,1341878400
22608,3343,5.0,1330905600
22609,3343,5.0,1342656000
14953,3343,5.0,1390176000
22610,3343,5.0,1315180800
22611,3343,5.0,1351382400
22612,3343,5.0,1348876800
22613,3343,3.0,1394582400
22614,3343,4.0,1359072000
22615,3343,2.0,1391644800
22616,3343,3.0,1332374400
22617,3343,1.0,1327795200
22618,3343,1.0,1327363200
22619,3343,5.0,1316995200
22620,3343,1.0,1350518400
22621,3343,5.0,1360022400
22622,3343,4.0,1323993600
22623,3343,5.0,1376092800
22624,3343,1.0,1384905600
22625,3343,5.0,1340841600
22626,3343,5.0,1369440000
22627,3343,4.0,1331078400
2307,3343,3.0,1337644800
16923,3343,5.0,1350086400
22628,3343,1.0,1370649600
22629,3343,3.0,1359936000
22630,3343,4.0,1389484800
22631,3343,5.0,1327881600
22632,3343,5.0,1372636800
22633,3343,5.0,1322870400
22634,3343,2.0,1395964800
22635,3343,5.0,1358294400
22636,3343,5.0,1368057600
22637,3343,5.0,1333497600
22638,3343,5.0,1324425600
22639,3343,4.0,1327622400
22640,3343,5.0,1351555200
22641,3343,3.0,1333065600
22642,3343,3.0,1394668800
22643,3343,5.0,1318809600
22644,3343,5.0,1332028800
22645,3343,5.0,1351296000
22646,3343,4.0,1350172800
22647,3344,5.0,1388102400
22648,3344,3.0,1382918400
3500,3344,5.0,1368662400
22649,3344,4.0,1373328000
13955,3345,3.0,1401667200
13968,3345,5.0,1394841600
22650,3345,5.0,1368230400
22651,3345,3.0,1373500800
13968,3346,4.0,1381363200
22652,3346,4.0,1363478400
22653,3346,3.0,1360713600
22654,3348,3.0,1355270400
22655,3347,5.0,1356393600
22656,3349,5.0,1357084800
22657,3349,3.0,1340841600
22658,3349,1.0,1377907200
13961,3349,4.0,1356566400
22659,3349,4.0,1352505600
22660,3349,5.0,1348099200
22661,3349,5.0,1341273600
19825,3349,3.0,1357603200
22662,3349,1.0,1368057600
22663,3349,4.0,1369785600
22664,3350,2.0,1392336000
22665,3351,5.0,1303948800
22666,3352,5.0,1362700800
22667,3353,3.0,1395273600
22668,3353,5.0,1369440000
22669,3353,5.0,1383955200
22670,3353,5.0,1369353600
22671,3353,3.0,1368921600
22672,3353,5.0,1395014400
22673,3353,5.0,1312761600
22674,3354,5.0,1357257600
22675,3355,1.0,1340755200
22676,3355,1.0,1357344000
22677,3355,4.0,1376524800
22678,3355,2.0,1390953600
22679,3355,5.0,1352851200
22680,3355,4.0,1366243200
22681,3355,4.0,1377475200
22682,3355,4.0,1405123200
22683,3355,5.0,1356048000
22684,3355,3.0,1363651200
22685,3355,5.0,1341619200
14513,3355,5.0,1364342400
22686,3355,3.0,1343520000
22687,3355,2.0,1324598400
22688,3355,5.0,1350345600
22689,3355,5.0,1352332800
22690,3355,2.0,1377734400
22691,3355,4.0,1402185600
22692,3355,4.0,1379894400
22693,3355,5.0,1339286400
22694,3355,5.0,1354924800
22695,3355,5.0,1388361600
22696,3355,2.0,1401926400
22697,3355,5.0,1363219200
22698,3355,5.0,1364601600
22699,3355,3.0,1357862400
22700,3355,5.0,1331164800
22701,3355,3.0,1390867200
22702,3355,5.0,1358380800
22703,3355,4.0,1368748800
22704,3355,3.0,1373673600
20923,3356,2.0,1293840000
22705,3357,5.0,1319155200
22706,3358,4.0,1395619200
22707,3358,5.0,1376956800
22708,3358,5.0,1394841600
22709,3358,4.0,1379116800
22710,3358,5.0,1307404800
22711,3358,5.0,1391644800
22712,3358,5.0,1384992000
22713,3358,5.0,1398988800
22714,3358,5.0,1361923200
22715,3358,4.0,1399507200
22716,3358,5.0,1335916800
22717,3358,1.0,1398470400
22718,3358,5.0,1368662400
22719,3358,5.0,1365897600
22720,3358,5.0,1330214400
22721,3358,5.0,1361318400
22722,3358,5.0,1404864000
22723,3358,4.0,1377216000
22724,3358,5.0,1392940800
22725,3358,5.0,1363996800
22726,3358,5.0,1350345600
22727,3358,3.0,1398124800
22728,3358,5.0,1376352000
22729,3358,3.0,1396656000
22730,3358,5.0,1395100800
22731,3358,5.0,1308960000
22732,3358,5.0,1356652800
22733,3358,5.0,1351900800
8915,3358,5.0,1339545600
22734,3358,5.0,1405036800
22735,3358,5.0,1400198400
22736,3358,3.0,1403568000
22737,3358,3.0,1380844800
22738,3358,5.0,1364515200
22739,3358,5.0,1383177600
22740,3358,5.0,1340323200
22741,3358,5.0,1370390400
22742,3358,1.0,1393200000
22743,3358,5.0,1392681600
22744,3358,5.0,1404172800
22745,3358,5.0,1374451200
22746,3358,5.0,1397174400
22747,3358,5.0,1353283200
22748,3358,5.0,1331164800
22749,3358,4.0,1389052800
22750,3358,4.0,1374710400
22751,3358,5.0,1356566400
22752,3358,1.0,1357689600
22753,3358,5.0,1363564800
22754,3358,5.0,1311638400
22755,3359,5.0,1327708800
22756,3359,5.0,1388793600
22757,3359,4.0,1355961600
22758,3359,5.0,1367625600
22759,3359,5.0,1359504000
22760,3359,5.0,1326153600
22761,3359,3.0,1327536000
22762,3359,4.0,1389830400
22763,3359,5.0,1377129600
22764,3359,2.0,1361232000
22765,3359,4.0,1313971200
22766,3359,5.0,1360281600
22767,3359,5.0,1336953600
22768,3359,4.0,1364083200
22769,3359,1.0,1373500800
22770,3359,5.0,1355011200
22771,3359,5.0,1363392000
22772,3359,1.0,1358208000
22773,3359,5.0,1352851200
22774,3359,4.0,1362441600
22775,3359,5.0,1364083200
22776,3359,5.0,1310947200
22777,3359,5.0,1377475200
22778,3359,5.0,1390780800
22316,3359,5.0,1363996800
7819,3359,5.0,1372896000
22779,3359,3.0,1375747200
22780,3359,2.0,1379980800
22781,3359,5.0,1361232000
22782,3359,5.0,1355443200
22783,3359,5.0,1357516800
22784,3359,4.0,1353628800
22785,3359,2.0,1365033600
22786,3359,4.0,1374019200
22787,3359,5.0,1396915200
22788,3359,5.0,1391731200
22789,3359,5.0,1399161600
22790,3359,4.0,1342137600
22791,3359,5.0,1360886400
22792,3359,5.0,1369958400
22793,3359,5.0,1388880000
22794,3359,5.0,1386028800
22795,3359,5.0,1341100800
22796,3359,5.0,1370217600
22797,3359,4.0,1356825600
22798,3359,5.0,1336176000
22799,3359,5.0,1356652800
22800,3359,4.0,1357257600
22801,3359,4.0,1344384000
22802,3359,5.0,1364083200
22803,3359,5.0,1357171200
22804,3359,3.0,1361923200
22805,3359,5.0,1355097600
22806,3359,4.0,1357516800
22807,3359,5.0,1330214400
22808,3359,4.0,1331769600
22809,3359,1.0,1357516800
22810,3359,5.0,1360713600
22811,3359,5.0,1357862400
22812,3359,5.0,1363737600
22813,3359,5.0,1342224000
22814,3359,3.0,1368662400
22815,3359,5.0,1388102400
7247,3359,3.0,1355011200
22816,3359,5.0,1391299200
22817,3359,5.0,1341014400
22818,3359,1.0,1327968000
22819,3359,5.0,1398124800
22820,3359,3.0,1355184000
22821,3359,4.0,1379635200
22822,3360,5.0,1369699200
22823,3360,4.0,1326240000
28,3361,5.0,1313712000
22824,3362,5.0,1392681600
22825,3363,5.0,1297382400
22826,3363,5.0,1328140800
22827,3363,1.0,1298332800
22828,3363,4.0,1305676800
22829,3364,2.0,1310601600
22830,3365,4.0,1331683200
22831,3365,5.0,1401494400
22832,3365,5.0,1323993600
22833,3365,5.0,1358812800
22834,3365,2.0,1341187200
22835,3365,3.0,1369872000
22836,3365,5.0,1375660800
22837,3366,2.0,1306281600
22838,3367,5.0,1311120000
22839,3367,3.0,1335312000
22840,3367,5.0,1265414400
22841,3367,5.0,1355443200
22842,3367,5.0,1339372800
22843,3367,5.0,1320451200
22844,3367,5.0,1354665600
22845,3367,5.0,1283644800
22846,3367,3.0,1366243200
22847,3368,5.0,1291593600
22848,3369,4.0,1294185600
22849,3370,5.0,1390089600
22850,3371,2.0,1358985600
22851,3372,5.0,1327708800
22852,3373,5.0,1394755200
22853,3373,4.0,1400284800
22854,3374,5.0,1369872000
22855,3374,5.0,1334793600
22856,3374,5.0,1375056000
22857,3374,1.0,1382918400
22858,3374,5.0,1393718400
22859,3375,5.0,1364601600
22860,3375,4.0,1361404800
22861,3375,5.0,1387843200
22862,3375,1.0,1381104000
22863,3375,5.0,1383177600
22864,3375,4.0,1356480000
22865,3376,3.0,1391558400
22866,3377,3.0,1405382400
22867,3378,5.0,1364515200
22868,3378,5.0,1373328000
22869,3378,4.0,1381363200
22870,3378,3.0,1404432000
22871,3378,1.0,1390176000
22872,3378,5.0,1370390400
22873,3378,5.0,1402272000
22874,3379,5.0,1363824000
16024,3379,5.0,1346716800
22875,3380,1.0,1375488000
22876,3381,5.0,1384473600
22877,3382,5.0,1360281600
22878,3382,5.0,1326499200
22879,3382,5.0,1333238400
22880,3383,2.0,1294704000
22881,3383,2.0,1330992000
22882,3384,5.0,1318896000
22883,3384,5.0,1356739200
22884,3385,4.0,1384819200
22885,3386,1.0,1354838400
22886,3387,5.0,1388620800
22887,3387,5.0,1365379200
22888,3387,5.0,1359849600
22889,3387,5.0,1379462400
22890,3387,5.0,1354924800
22891,3387,5.0,1387152000
22892,3387,2.0,1354665600
22893,3387,5.0,1367712000
22894,3387,5.0,1366848000
22895,3387,4.0,1358553600
22896,3388,1.0,1393804800
22897,3389,2.0,1367107200
22898,3390,5.0,1323734400
22899,3391,5.0,1295740800
3553,3391,5.0,1303516800
22900,3392,5.0,1314835200
22901,3392,2.0,1297036800
22902,3394,5.0,1376611200
22903,3393,4.0,1358467200
22904,3395,4.0,1389571200
22905,3395,2.0,1378944000
22906,3395,5.0,1385510400
22907,3396,1.0,1337126400
22599,3396,5.0,1372377600
22908,3396,4.0,1333929600
22909,3396,5.0,1330992000
22910,3397,1.0,1386720000
14246,3398,1.0,1322438400
21736,3398,5.0,1393027200
22911,3398,5.0,1379030400
22912,3398,1.0,1365897600
22913,3398,4.0,1361318400
22914,3398,4.0,1374796800
22915,3398,5.0,1402790400
22916,3398,5.0,1382918400
22917,3398,5.0,1357344000
5917,3398,5.0,1366329600
22918,3398,5.0,1383004800
22919,3398,5.0,1366588800
22920,3398,3.0,1384992000
22921,3398,5.0,1353715200
22922,3398,5.0,1361145600
22923,3398,2.0,1374192000
22924,3398,5.0,1375142400
22925,3398,1.0,1399075200
22926,3398,4.0,1364774400
22927,3399,4.0,1393545600
22928,3400,5.0,1371340800
22929,3400,5.0,1372636800
22930,3400,4.0,1366329600
22931,3400,3.0,1351209600
22932,3400,5.0,1358985600
22933,3401,5.0,1373846400
22934,3401,1.0,1372291200
22935,3402,5.0,1405382400
22936,3402,1.0,1319846400
22937,3402,4.0,1383609600
22938,3402,4.0,1371254400
22939,3402,5.0,1346025600
22940,3402,4.0,1385942400
22941,3402,5.0,1387065600
22942,3402,5.0,1347148800
22943,3402,5.0,1310256000
22944,3403,5.0,1356048000
19351,3404,5.0,1347580800
22945,3405,1.0,1296172800
22946,3406,5.0,1319932800
22947,3407,5.0,1341705600
22948,3407,3.0,1311465600
22949,3408,5.0,1368316800
22950,3408,5.0,1369699200
22951,3408,5.0,1366848000
22952,3408,5.0,1404864000
22953,3409,3.0,1299974400
22954,3410,3.0,1375228800
22955,3411,5.0,1341014400
22956,3412,4.0,1309219200
22957,3413,4.0,1374537600
22958,3413,5.0,1373673600
22959,3414,1.0,1332979200
22960,3414,5.0,1394668800
22961,3414,5.0,1336608000
22962,3414,5.0,1347148800
22963,3414,5.0,1305590400
22964,3414,5.0,1366934400
20048,3415,5.0,1397606400
20560,3415,5.0,1392681600
22965,3415,4.0,1378771200
22966,3415,2.0,1400198400
22967,3416,5.0,1294099200
22968,3416,1.0,1367107200
22969,3416,1.0,1367280000
22970,3417,2.0,1379721600
22971,3418,5.0,1323302400
22972,3419,3.0,1351555200
22973,3420,4.0,1319241600
22974,3421,5.0,1356220800
22975,3422,5.0,1356220800
22976,3422,1.0,1357516800
22977,3422,5.0,1362873600
22978,3422,5.0,1395360000
22979,3423,5.0,1365033600
22980,3424,1.0,1346544000
22981,3424,3.0,1382140800
22982,3424,1.0,1396310400
22983,3424,5.0,1346803200
22984,3424,4.0,1342483200
22985,3425,5.0,1349740800
22986,3426,5.0,1367107200
22987,3427,5.0,1345334400
22988,3428,5.0,1390608000
22989,3429,1.0,1346112000
8657,3429,5.0,1346630400
22990,3429,5.0,1360108800
22991,3429,5.0,1351728000
22992,3430,1.0,1380931200
22993,3431,5.0,1300406400
22994,3432,5.0,1396483200
22995,3432,5.0,1393545600
22996,3433,3.0,1370822400
22997,3434,5.0,1316476800
22998,3435,5.0,1358121600
22999,3435,5.0,1359763200
23000,3436,5.0,1336694400
23001,3436,5.0,1348185600
23002,3436,5.0,1347494400
23003,3436,4.0,1385769600
23004,3437,4.0,1388448000
23005,3437,5.0,1396224000
23004,3438,5.0,1388448000
23005,3440,5.0,1396224000
23006,3439,5.0,1327622400
23007,3439,1.0,1393632000
23008,3441,5.0,1358553600
23009,3441,3.0,1336608000
23010,3441,5.0,1316995200
23011,3441,5.0,1331856000
23012,3441,5.0,1368835200
23013,3441,5.0,1321747200
4979,3441,5.0,1327968000
13193,3441,2.0,1366329600
17969,3441,5.0,1332201600
23014,3441,2.0,1333238400
23015,3442,3.0,1326412800
23016,3443,5.0,1320883200
23017,3444,4.0,1357430400
23018,3445,4.0,1391126400
3418,3445,4.0,1380153600
23019,3445,4.0,1384819200
23020,3446,3.0,1365638400
23021,3447,5.0,1389052800
23022,3447,4.0,1347235200
23023,3447,5.0,1325548800
23024,3447,5.0,1370217600
23025,3447,5.0,1355356800
23026,3447,5.0,1381363200
23027,3447,3.0,1369094400
23028,3448,5.0,1360713600
23029,3449,5.0,1371513600
23030,3449,5.0,1365811200
23031,3449,2.0,1364774400
23032,3449,5.0,1382486400
23033,3449,5.0,1352332800
23034,3450,5.0,1326412800
23035,3450,5.0,1400198400
23036,3451,3.0,1306108800
16104,3451,3.0,1374883200
23037,3451,1.0,1356912000
23038,3452,4.0,1358121600
23039,3453,5.0,1304812800
23040,3453,5.0,1360886400
23041,3453,5.0,1342483200
23042,3453,5.0,1357084800
23043,3453,5.0,1343606400
23044,3453,5.0,1340064000
23045,3453,5.0,1341878400
23046,3453,5.0,1329868800
23047,3454,5.0,1369180800
23048,3454,4.0,1359331200
23049,3454,5.0,1369699200
23050,3455,5.0,1348531200
23051,3455,5.0,1358294400
23052,3456,4.0,1297728000
23053,3456,5.0,1316304000
23054,3457,1.0,1385596800
23055,3458,5.0,1362787200
23056,3458,4.0,1372377600
23057,3459,1.0,1374624000
23058,3459,5.0,1359504000
23059,3459,5.0,1381449600
23060,3459,2.0,1369353600
23061,3459,4.0,1394409600
23062,3459,4.0,1362614400
23063,3459,5.0,1365379200
23064,3460,5.0,1393027200
23065,3460,3.0,1341273600
23066,3460,3.0,1397520000
23067,3460,5.0,1392681600
23068,3460,2.0,1396051200
23069,3460,1.0,1371081600
23070,3460,5.0,1375315200
23071,3460,3.0,1393113600
23072,3461,5.0,1337212800
23073,3462,1.0,1332201600
23074,3463,4.0,1331251200
23075,3464,5.0,1299542400
23076,3465,5.0,1337644800
23077,3465,5.0,1329264000
23078,3465,5.0,1342742400
23079,3466,4.0,1332288000
23080,3466,4.0,1338336000
23081,3467,2.0,1367539200
21653,3468,3.0,1398038400
23082,3469,5.0,1355184000
23083,3470,5.0,1374451200
23084,3471,5.0,1379548800
23085,3471,5.0,1340496000
23086,3471,5.0,1404259200
23087,3471,4.0,1394496000
23088,3471,5.0,1395014400
23089,3471,4.0,1363564800
23090,3471,5.0,1391644800
23091,3471,5.0,1402617600
23092,3471,5.0,1358726400
23093,3471,5.0,1323907200
23094,3471,5.0,1370476800
23095,3471,5.0,1364256000
23096,3471,5.0,1392163200
23097,3471,4.0,1402272000
23098,3471,4.0,1386806400
23099,3471,4.0,1373155200
23100,3471,1.0,1362355200
23101,3471,5.0,1391040000
23102,3471,3.0,1337299200
23103,3471,4.0,1388707200
23104,3471,2.0,1405209600
23105,3471,5.0,1388102400
23106,3471,5.0,1377129600
23107,3471,4.0,1369008000
23108,3471,4.0,1387152000
23109,3471,4.0,1398470400
23110,3471,5.0,1343692800
23111,3471,4.0,1385942400
23112,3471,5.0,1392768000
23113,3471,5.0,1394582400
23114,3471,3.0,1366761600
23115,3471,2.0,1392595200
23116,3471,5.0,1372723200
23117,3471,2.0,1356998400
23118,3471,5.0,1366502400
23119,3471,5.0,1395446400
23120,3471,5.0,1381708800
23121,3471,5.0,1398988800
23122,3471,5.0,1358380800
23123,3471,5.0,1356652800
23124,3471,5.0,1386374400
23125,3471,1.0,1388448000
23126,3471,4.0,1381622400
23127,3471,4.0,1394668800
23128,3471,4.0,1391040000
23129,3471,5.0,1361318400
23130,3474,5.0,1321315200
23131,3473,1.0,1329091200
23132,3475,5.0,1314748800
23133,3472,3.0,1389830400
23134,3472,4.0,1354924800
23135,3472,5.0,1337040000
23136,3476,2.0,1394409600
23137,3477,1.0,1328659200
23138,3478,5.0,1380844800
23139,3479,4.0,1312848000
23140,3480,1.0,1362787200
23141,3481,5.0,1370390400
23142,3481,5.0,1369008000
23143,3482,5.0,1313020800
23144,3483,2.0,1402185600
23145,3484,4.0,1369872000
15343,3485,2.0,1365033600
23146,3485,5.0,1402876800
23147,3485,5.0,1318723200
23148,3485,5.0,1361577600
23149,3485,3.0,1316563200
23150,3485,5.0,1366502400
23151,3486,4.0,1377043200
23152,3486,5.0,1373414400
23153,3486,5.0,1345507200
23154,3486,5.0,1308614400
23155,3488,4.0,1392336000
23156,3488,5.0,1372723200
23157,3487,5.0,1380499200
23158,3487,5.0,1376524800
23159,3487,3.0,1397520000
23160,3487,5.0,1371600000
23161,3487,2.0,1311984000
18409,3487,4.0,1380672000
23162,3487,5.0,1323648000
23163,3487,3.0,1401235200
23164,3487,2.0,1398470400
23165,3487,4.0,1363737600
23166,3487,4.0,1368921600
23167,3487,1.0,1394150400
23168,3489,5.0,1351641600
23169,3490,1.0,1337299200
23170,3490,4.0,1397088000
23171,3490,3.0,1363737600
23172,3490,1.0,1325116800
23173,3490,5.0,1351296000
23174,3490,5.0,1373241600
23175,3490,5.0,1323302400
23176,3490,1.0,1372118400
23177,3490,5.0,1382400000
23178,3490,5.0,1358640000
23179,3490,1.0,1385251200
23180,3490,5.0,1396310400
23181,3490,5.0,1355356800
23182,3490,5.0,1332979200
23183,3490,5.0,1324944000
23184,3490,5.0,1386720000
23185,3490,5.0,1375488000
23186,3490,3.0,1361318400
23187,3490,1.0,1327104000
23188,3490,4.0,1400198400
23189,3490,5.0,1368748800
23190,3490,5.0,1404000000
23191,3490,2.0,1333065600
23192,3490,5.0,1319587200
23193,3490,5.0,1353715200
23194,3490,4.0,1372118400
23195,3490,5.0,1346284800
23196,3490,1.0,1301529600
23197,3490,2.0,1363737600
23198,3490,5.0,1303516800
23199,3490,5.0,1332979200
23200,3490,5.0,1396915200
23201,3490,5.0,1340150400
23202,3491,5.0,1368144000
23203,3491,5.0,1402963200
23204,3491,5.0,1362614400
23205,3491,5.0,1394409600
23206,3491,5.0,1375574400
23207,3492,5.0,1396051200
23208,3492,4.0,1360368000
23209,3492,5.0,1389916800
23210,3492,4.0,1369872000
23211,3492,1.0,1355270400
23212,3492,5.0,1360281600
23213,3492,4.0,1360627200
23214,3492,5.0,1359849600
23215,3492,5.0,1367366400
23216,3492,4.0,1381708800
23217,3492,4.0,1393027200
23218,3492,4.0,1354492800
6140,3492,3.0,1360022400
23219,3492,3.0,1388275200
23220,3492,5.0,1392249600
23221,3492,4.0,1362355200
23222,3492,5.0,1387843200
23223,3492,5.0,1358640000
23224,3492,5.0,1403827200
23225,3492,5.0,1356652800
23226,3492,2.0,1357776000
23227,3492,1.0,1393459200
23228,3492,1.0,1326326400
23229,3492,4.0,1387152000
23230,3492,5.0,1357689600
23231,3492,5.0,1389225600
23232,3492,5.0,1385424000
23233,3492,5.0,1320192000
23234,3492,3.0,1327276800
23235,3492,2.0,1395360000
23236,3492,5.0,1357430400
23237,3492,1.0,1355356800
23238,3492,3.0,1359331200
23239,3492,5.0,1328486400
23240,3492,3.0,1391558400
23241,3492,5.0,1356480000
23242,3492,2.0,1404777600
23243,3492,5.0,1330041600
23244,3492,3.0,1390003200
23245,3492,5.0,1339459200
23246,3492,5.0,1356998400
23247,3492,3.0,1373760000
23248,3492,3.0,1386201600
23249,3492,5.0,1393977600
23250,3492,2.0,1358121600
23251,3492,2.0,1390003200
23252,3492,2.0,1358380800
23253,3492,1.0,1355702400
23254,3492,4.0,1352332800
23255,3492,4.0,1323734400
23256,3492,5.0,1388966400
23257,3492,3.0,1371945600
23258,3492,2.0,1356652800
23259,3492,3.0,1355097600
23260,3492,4.0,1356480000
23261,3492,5.0,1384819200
23262,3492,3.0,1392681600
23263,3492,5.0,1390176000
23264,3492,4.0,1387324800
23265,3492,5.0,1388707200
23266,3495,1.0,1335139200
23267,3495,4.0,1369440000
23268,3495,4.0,1351468800
23269,3493,5.0,1357171200
23270,3493,5.0,1389916800
23271,3493,5.0,1380067200
23272,3494,5.0,1357171200
23273,3496,3.0,1356220800
23274,3498,4.0,1355961600
23275,3498,5.0,1357171200
23276,3498,5.0,1325289600
23274,3497,3.0,1355961600
23277,3497,5.0,1353888000
23278,3499,2.0,1341360000
23279,3500,1.0,1340150400
23280,3501,4.0,1384819200
23281,3501,5.0,1383696000
23282,3502,5.0,1355356800
23283,3503,5.0,1358640000
23284,3503,1.0,1303689600
67,3504,3.0,1332547200
23285,3505,5.0,1305676800
23286,3506,5.0,1392422400
23287,3506,5.0,1355788800
23288,3506,5.0,1386115200
23289,3507,5.0,1392249600
23290,3507,5.0,1298073600
23291,3507,4.0,1335830400
23292,3507,5.0,1358121600
23293,3508,1.0,1400630400
23294,3509,5.0,1363737600
23295,3509,5.0,1388620800
23296,3510,5.0,1342137600
23297,3510,5.0,1402617600
23298,3510,4.0,1392854400
23299,3511,1.0,1368489600
13098,3512,4.0,1324252800
23300,3513,1.0,1359504000
23301,3514,4.0,1339977600
23302,3514,1.0,1338940800
23303,3514,4.0,1326931200
8695,3514,5.0,1395100800
23304,3514,5.0,1317859200
23305,3515,5.0,1397433600
23306,3516,5.0,1366243200
23307,3517,5.0,1386720000
23308,3518,5.0,1355356800
23309,3519,5.0,1347580800
836,3520,5.0,1381968000
23310,3520,5.0,1384905600
23311,3520,5.0,1381276800
23312,3520,2.0,1404432000
23313,3520,5.0,1334102400
21313,3521,5.0,1356739200
23314,3522,2.0,1403913600
23315,3522,2.0,1402185600
15498,3523,4.0,1379980800
23316,3524,5.0,1335484800
23317,3524,5.0,1372982400
23318,3524,5.0,1348444800
23319,3524,2.0,1368576000
23320,3524,4.0,1315094400
23321,3524,5.0,1331337600
23322,3524,1.0,1364342400
23323,3524,5.0,1399507200
23324,3524,2.0,1403568000
23325,3524,1.0,1375574400
23326,3524,5.0,1386115200
23327,3524,5.0,1371168000
23328,3525,2.0,1302998400
23329,3526,5.0,1376870400
23330,3526,5.0,1387756800
23331,3526,5.0,1388448000
23332,3526,3.0,1384819200
23333,3527,5.0,1318636800
23334,3527,4.0,1360972800
23335,3527,5.0,1359676800
23336,3527,5.0,1363824000
23337,3527,5.0,1330992000
23338,3527,5.0,1362441600
23339,3527,4.0,1319241600
23340,3528,5.0,1383523200
23341,3528,5.0,1377907200
23342,3528,3.0,1386806400
23343,3528,4.0,1356048000
23344,3528,4.0,1383004800
23345,3528,5.0,1389657600
23346,3528,5.0,1394236800
23347,3528,5.0,1379030400
23348,3528,3.0,1373155200
23349,3528,2.0,1367625600
23350,3528,5.0,1352851200
23351,3529,3.0,1388620800
23352,3530,5.0,1365120000
23353,3531,4.0,1316563200
23354,3531,5.0,1336435200
23355,3531,5.0,1392422400
23356,3531,5.0,1350777600
23357,3531,5.0,1345161600
23358,3531,5.0,1348444800
23359,3531,2.0,1355702400
23360,3531,5.0,1355529600
23361,3531,5.0,1353283200
23362,3532,5.0,1322438400
23363,3533,5.0,1357257600
23364,3533,5.0,1367280000
23365,3534,1.0,1362960000
2453,3534,5.0,1347926400
23366,3534,5.0,1399593600
23367,3534,5.0,1403568000
23368,3534,3.0,1399680000
23369,3534,5.0,1401753600
23370,3534,5.0,1391558400
23371,3535,5.0,1362528000
23372,3535,5.0,1367366400
23373,3535,5.0,1383350400
23374,3535,5.0,1309392000
23375,3535,2.0,1377734400
23376,3535,4.0,1382659200
23377,3535,1.0,1360195200
23378,3535,4.0,1393027200
23379,3535,2.0,1373155200
23380,3535,5.0,1361145600
23381,3535,5.0,1360281600
23382,3535,1.0,1389312000
23383,3535,5.0,1318550400
23384,3535,1.0,1401580800
23385,3535,5.0,1354492800
23386,3535,4.0,1310428800
23387,3535,1.0,1380758400
23388,3535,4.0,1321228800
23389,3536,4.0,1315612800
23390,3536,4.0,1369612800
23391,3536,5.0,1332115200
23392,3537,5.0,1364774400
23393,3538,5.0,1359158400
23394,3538,5.0,1346457600
23395,3538,5.0,1325808000
23396,3538,1.0,1387411200
23397,3538,5.0,1394409600
23398,3538,5.0,1391990400
23399,3538,3.0,1390867200
23400,3538,5.0,1279238400
23401,3538,5.0,1294531200
23402,3539,5.0,1339372800
11024,3540,5.0,1310947200
23403,3541,4.0,1360108800
23294,3542,5.0,1378425600
23404,3543,2.0,1369180800
23405,3544,3.0,1380931200
14482,3544,5.0,1396742400
23406,3545,5.0,1362873600
23407,3545,5.0,1405036800
23408,3545,5.0,1358294400
23409,3545,5.0,1325289600
23410,3545,5.0,1332460800
23411,3545,5.0,1347062400
23412,3545,5.0,1370044800
23413,3545,5.0,1404777600
23414,3546,3.0,1386028800
23415,3546,5.0,1404604800
23416,3546,5.0,1398297600
23417,3547,4.0,1383091200
23418,3547,5.0,1383350400
23419,3547,1.0,1349308800
23420,3547,5.0,1375660800
23421,3547,5.0,1389052800
23422,3547,5.0,1394409600
23423,3547,5.0,1357084800
23424,3547,2.0,1329004800
23425,3548,5.0,1386806400
23426,3548,5.0,1346889600
23427,3549,4.0,1375401600
23428,3550,5.0,1310169600
23429,3552,5.0,1365811200
23430,3551,4.0,1332115200
23431,3551,4.0,1308268800
23432,3553,5.0,1339977600
23433,3554,5.0,1356998400
23434,3555,4.0,1399939200
23435,3555,5.0,1338940800
23436,3555,5.0,1358467200
23437,3555,5.0,1336176000
23438,3555,5.0,1357862400
23439,3555,5.0,1366156800
23440,3555,5.0,1393200000
23441,3555,5.0,1387584000
23442,3555,5.0,1342051200
23443,3555,4.0,1361232000
23444,3555,5.0,1346630400
23445,3555,4.0,1357257600
23446,3555,5.0,1344643200
23447,3555,4.0,1379376000
23448,3555,5.0,1383782400
23449,3555,5.0,1393891200
23450,3555,5.0,1369958400
23451,3555,4.0,1351382400
23452,3555,5.0,1351209600
23453,3555,5.0,1365984000
23454,3555,3.0,1378425600
23455,3555,5.0,1342569600
23456,3555,5.0,1375056000
23457,3555,5.0,1368921600
23458,3555,5.0,1315526400
23459,3555,4.0,1372809600
23460,3555,5.0,1357689600
23461,3555,5.0,1330128000
5194,3555,5.0,1374192000
23462,3555,5.0,1375142400
23463,3555,5.0,1370822400
23464,3555,4.0,1372464000
23465,3555,4.0,1384732800
23466,3555,4.0,1374192000
23467,3555,5.0,1373241600
23468,3555,5.0,1342915200
23469,3555,5.0,1367971200
23470,3555,4.0,1363996800
23471,3555,5.0,1356480000
23472,3555,5.0,1380499200
23473,3555,5.0,1327104000
23474,3555,5.0,1341446400
13183,3555,5.0,1374451200
23475,3555,5.0,1348099200
23476,3555,4.0,1373932800
23477,3555,3.0,1346198400
23478,3555,5.0,1350345600
15823,3555,5.0,1357430400
23479,3555,5.0,1388016000
23480,3555,5.0,1403395200
23481,3555,5.0,1363392000
23482,3555,5.0,1357948800
23483,3555,5.0,1326240000
23484,3555,5.0,1355961600
23485,3555,5.0,1335830400
23486,3555,5.0,1359158400
23487,3555,3.0,1340582400
23488,3555,5.0,1367798400
23489,3555,5.0,1337126400
23490,3555,5.0,1364169600
23491,3555,5.0,1327881600
23492,3557,4.0,1334707200
23493,3556,5.0,1347062400
23494,3556,5.0,1359676800
23495,3556,5.0,1324252800
23496,3558,1.0,1396569600
23497,3558,5.0,1340496000
23498,3560,1.0,1361923200
23499,3560,5.0,1382227200
18094,3559,5.0,1360108800
23500,3564,5.0,1360454400
23501,3564,5.0,1401408000
23502,3564,5.0,1373068800
23503,3564,5.0,1366675200
23504,3564,5.0,1364947200
23505,3564,5.0,1385596800
23506,3564,5.0,1379462400
23507,3564,5.0,1311724800
23508,3564,5.0,1338508800
23509,3564,5.0,1357948800
23510,3564,4.0,1390348800
23511,3564,5.0,1314489600
23496,3564,1.0,1378771200
23512,3564,5.0,1330128000
23513,3564,5.0,1362096000
23514,3564,5.0,1393977600
23515,3564,5.0,1372982400
23516,3564,5.0,1360713600
23517,3564,5.0,1373241600
23518,3564,5.0,1382745600
23519,3564,4.0,1359072000
23520,3564,5.0,1366588800
23521,3564,5.0,1370390400
23522,3564,5.0,1373500800
23523,3564,5.0,1328659200
23524,3564,4.0,1391385600
23525,3564,1.0,1362441600
23526,3564,5.0,1303862400
23527,3564,5.0,1350777600
23528,3564,4.0,1368835200
23529,3564,5.0,1365033600
23530,3564,5.0,1362960000
23531,3564,5.0,1371772800
23532,3564,5.0,1353283200
23533,3564,5.0,1398643200
23534,3564,1.0,1357257600
23535,3564,5.0,1381795200
23536,3564,5.0,1354579200
23537,3564,5.0,1374710400
23538,3564,5.0,1376611200
23539,3564,5.0,1376870400
23540,3564,5.0,1389484800
23541,3564,5.0,1398384000
23542,3564,5.0,1357862400
23543,3564,5.0,1367107200
4299,3564,5.0,1348876800
23544,3564,5.0,1350950400
23545,3563,5.0,1334275200
23546,3565,5.0,1327104000
23547,3565,5.0,1364428800
23548,3565,5.0,1357516800
23549,3565,5.0,1381536000
23550,3565,5.0,1373414400
23551,3565,4.0,1307923200
23552,3565,5.0,1362009600
23553,3565,5.0,1364860800
10770,3565,5.0,1328572800
23554,3565,5.0,1382659200
23555,3561,4.0,1356652800
23556,3561,4.0,1367625600
23557,3561,2.0,1343347200
23558,3562,5.0,1391472000
23559,3562,3.0,1344988800
23560,3562,2.0,1355097600
5917,3562,4.0,1377302400
23561,3562,5.0,1346803200
23562,3562,1.0,1361232000
23563,3566,1.0,1333324800
23564,3566,5.0,1334707200
23565,3566,5.0,1389830400
23566,3566,5.0,1404777600
23567,3566,5.0,1356480000
23568,3566,5.0,1331337600
23569,3566,2.0,1379289600
23570,3566,5.0,1394841600
23571,3566,5.0,1403136000
23572,3566,5.0,1396828800
23573,3570,4.0,1326240000
23574,3570,2.0,1318982400
7854,3570,5.0,1338422400
23575,3570,5.0,1363737600
23576,3570,2.0,1355443200
23577,3567,5.0,1340582400
23578,3567,5.0,1338336000
23579,3567,5.0,1389139200
23580,3567,5.0,1322697600
23581,3567,5.0,1359158400
23582,3567,5.0,1358726400
23574,3567,1.0,1318982400
23583,3567,5.0,1362009600
7854,3567,5.0,1339113600
23584,3567,5.0,1346803200
7834,3568,1.0,1345420800
23585,3571,5.0,1309478400
23586,3571,5.0,1323475200
23587,3571,5.0,1385769600
23588,3571,5.0,1319241600
23589,3569,1.0,1336089600
23590,3572,5.0,1358208000
23591,3573,4.0,1326585600
23592,3574,5.0,1384732800
23593,3575,3.0,1397260800
23594,3576,5.0,1389830400
23595,3576,5.0,1367193600
23596,3576,5.0,1400544000
23597,3576,2.0,1375056000
23598,3576,5.0,1323907200
23599,3577,4.0,1324339200
23600,3577,5.0,1392422400
23601,3577,5.0,1335484800
18693,3577,1.0,1344902400
23602,3577,5.0,1316908800
23603,3577,1.0,1383177600
23604,3580,5.0,1368403200
23605,3578,2.0,1344297600
23606,3578,5.0,1350345600
23607,3579,5.0,1381449600
23608,3581,5.0,1356393600
23609,3582,5.0,1350000000
23610,3582,3.0,1393200000
23611,3582,5.0,1359849600
23612,3582,5.0,1367798400
23613,3582,3.0,1361318400
23614,3582,5.0,1401753600
23615,3582,5.0,1330473600
23616,3582,2.0,1404518400
23617,3582,3.0,1342828800
23618,3582,3.0,1367193600
23619,3582,5.0,1363392000
23620,3582,5.0,1336176000
23621,3582,5.0,1361750400
23622,3582,1.0,1365811200
23623,3582,5.0,1363737600
23624,3582,1.0,1393632000
23625,3582,4.0,1335139200
23626,3582,5.0,1361318400
23627,3582,5.0,1357862400
23628,3582,3.0,1357689600
23629,3582,5.0,1377216000
23630,3582,5.0,1335916800
23631,3582,1.0,1359936000
23632,3582,5.0,1363132800
23633,3582,5.0,1369872000
23634,3582,5.0,1399852800
23635,3582,4.0,1354924800
23636,3582,3.0,1404604800
23637,3582,4.0,1383091200
23638,3582,4.0,1383091200
23639,3582,5.0,1349395200
23640,3582,4.0,1311033600
23641,3582,3.0,1356652800
23642,3582,4.0,1379462400
23643,3582,4.0,1393977600
23644,3582,3.0,1388188800
23645,3582,5.0,1387238400
23646,3582,5.0,1362182400
23647,3582,3.0,1333843200
23648,3582,1.0,1402099200
23649,3582,5.0,1370131200
23650,3582,5.0,1338422400
23651,3582,5.0,1347148800
23652,3582,1.0,1386201600
23653,3582,5.0,1397433600
23654,3582,5.0,1345420800
23655,3582,5.0,1367625600
23656,3582,5.0,1332460800
23657,3582,5.0,1402790400
23658,3582,4.0,1354406400
23659,3582,1.0,1397779200
23660,3582,4.0,1355184000
23661,3582,5.0,1334016000
23662,3582,3.0,1314576000
23663,3582,4.0,1373068800
23664,3582,5.0,1363132800
23665,3582,5.0,1340064000
23666,3582,5.0,1346371200
23667,3582,5.0,1405123200
23668,3582,5.0,1386374400
23669,3582,5.0,1350172800
23670,3582,5.0,1389139200
23671,3582,5.0,1352246400
23672,3582,5.0,1342051200
23673,3582,5.0,1355356800
23674,3582,4.0,1366502400
23675,3582,5.0,1332115200
23676,3582,5.0,1392681600
23677,3582,5.0,1352937600
23678,3582,5.0,1369785600
23679,3582,5.0,1362700800
23680,3582,1.0,1370304000
23681,3582,3.0,1384041600
23682,3582,5.0,1331510400
23683,3582,5.0,1362787200
23684,3582,5.0,1357257600
16285,3582,3.0,1343520000
23685,3582,2.0,1376352000
23686,3582,5.0,1332547200
23687,3582,5.0,1305244800
23688,3582,5.0,1377475200
23689,3582,5.0,1402358400
23690,3582,5.0,1344297600
23691,3582,5.0,1364947200
23692,3582,3.0,1313625600
23693,3582,1.0,1314835200
23694,3582,5.0,1361059200
23695,3582,5.0,1387152000
23696,3582,5.0,1390435200
23697,3582,5.0,1390780800
15145,3582,5.0,1337817600
23698,3582,3.0,1382054400
23699,3582,5.0,1400112000
23700,3582,5.0,1356480000
23701,3582,5.0,1373414400
23702,3582,5.0,1309219200
23703,3582,5.0,1313798400
23704,3582,5.0,1342396800
23705,3582,5.0,1383609600
23706,3582,5.0,1317513600
23707,3582,3.0,1388534400
23708,3582,5.0,1333065600
23709,3582,5.0,1333497600
23710,3582,5.0,1376697600
23711,3582,5.0,1356480000
23712,3582,5.0,1338163200
23713,3582,4.0,1394150400
23714,3582,5.0,1365552000
23456,3582,5.0,1404864000
23715,3582,4.0,1350432000
23716,3582,5.0,1360195200
23717,3582,5.0,1339372800
23718,3582,5.0,1307491200
23719,3582,5.0,1337126400
23720,3582,4.0,1336003200
23721,3582,4.0,1367366400
23722,3582,1.0,1386115200
23723,3582,5.0,1322870400
23724,3582,5.0,1331510400
23725,3582,5.0,1398556800
23726,3582,5.0,1359590400
23727,3582,5.0,1404259200
23728,3582,3.0,1398988800
23729,3582,5.0,1395187200
23730,3582,5.0,1304294400
23731,3582,4.0,1334361600
23732,3582,5.0,1346457600
23733,3582,4.0,1350777600
23734,3582,5.0,1361059200
23735,3582,5.0,1364169600
23736,3582,5.0,1391472000
23737,3582,5.0,1366761600
23738,3582,5.0,1404172800
23739,3582,5.0,1333929600
23740,3582,5.0,1359331200
23741,3582,1.0,1389830400
23742,3582,5.0,1335916800
23743,3582,5.0,1356566400
23744,3582,2.0,1365120000
23745,3582,5.0,1378857600
23746,3582,5.0,1364515200
23747,3582,5.0,1316217600
23748,3582,5.0,1402876800
23749,3582,5.0,1322524800
23750,3582,5.0,1368144000
23751,3582,3.0,1376870400
23752,3582,4.0,1356998400
23753,3582,3.0,1353110400
23754,3582,3.0,1386547200
23755,3582,5.0,1310688000
23756,3582,4.0,1381622400
23757,3582,5.0,1399507200
23758,3582,5.0,1361318400
5706,3582,3.0,1364860800
23759,3582,5.0,1329868800
23760,3582,3.0,1338249600
23761,3582,4.0,1349395200
23762,3582,5.0,1380758400
23763,3582,5.0,1362268800
23764,3582,5.0,1324425600
23765,3582,4.0,1366243200
23766,3582,5.0,1368316800
23767,3582,5.0,1401667200
23768,3582,2.0,1351382400
23769,3582,4.0,1373241600
23770,3582,5.0,1385164800
23771,3582,5.0,1384041600
23772,3582,1.0,1338163200
23773,3582,3.0,1391126400
23774,3582,5.0,1398124800
23775,3582,5.0,1332288000
23776,3582,2.0,1381968000
23777,3582,1.0,1360627200
23778,3582,5.0,1364428800
23779,3582,5.0,1399939200
23780,3582,5.0,1354665600
23781,3582,5.0,1376092800
23782,3582,5.0,1334793600
23783,3582,5.0,1352419200
23784,3582,5.0,1360454400
23785,3582,1.0,1383955200
23786,3582,5.0,1359936000
23787,3582,5.0,1389830400
23788,3582,5.0,1360368000
23789,3582,1.0,1366416000
23790,3582,2.0,1393632000
23791,3582,5.0,1339113600
23792,3582,5.0,1331683200
23793,3582,4.0,1316476800
23794,3582,5.0,1331596800
23795,3582,4.0,1401753600
23796,3582,1.0,1393891200
23797,3582,5.0,1344038400
23798,3582,2.0,1391558400
23799,3582,4.0,1404432000
15803,3582,5.0,1359244800
23800,3582,4.0,1381190400
23801,3582,5.0,1391126400
23802,3582,2.0,1393113600
23803,3582,3.0,1335744000
23804,3582,3.0,1314489600
23805,3582,5.0,1372204800
15811,3582,5.0,1354752000
23806,3582,3.0,1334102400
23807,3582,1.0,1377907200
23808,3582,2.0,1384300800
23809,3582,5.0,1336780800
23810,3582,5.0,1302566400
23811,3582,5.0,1361318400
23812,3582,4.0,1342483200
23813,3582,4.0,1333929600
23814,3582,5.0,1346803200
23815,3582,5.0,1370476800
23816,3582,5.0,1337558400
15819,3582,4.0,1362441600
15823,3582,5.0,1357430400
23817,3582,5.0,1397088000
23818,3582,5.0,1387497600
23819,3582,5.0,1343001600
23820,3582,4.0,1358812800
23821,3582,5.0,1325203200
15829,3582,5.0,1367798400
23822,3582,5.0,1364428800
23823,3582,5.0,1383696000
23824,3582,4.0,1400889600
23825,3582,1.0,1365724800
23826,3582,5.0,1346976000
23827,3582,2.0,1313798400
23828,3582,5.0,1314835200
23829,3582,5.0,1329436800
23830,3582,5.0,1352419200
23831,3582,3.0,1306368000
23832,3582,2.0,1333584000
23833,3582,5.0,1344470400
23834,3582,5.0,1357257600
23835,3582,5.0,1308182400
23836,3582,5.0,1368576000
23837,3582,1.0,1338163200
23838,3582,5.0,1319760000
23839,3582,4.0,1344384000
23840,3582,5.0,1378771200
23841,3582,1.0,1380326400
23842,3582,5.0,1327968000
23843,3582,4.0,1352160000
23844,3582,3.0,1397606400
23845,3582,4.0,1385164800
23846,3582,5.0,1333670400
23847,3582,5.0,1384387200
23848,3582,5.0,1347494400
23849,3582,5.0,1331424000
15108,3582,3.0,1390348800
23850,3582,4.0,1337385600
23851,3582,5.0,1351728000
23852,3582,4.0,1389225600
23853,3582,5.0,1371859200
23854,3582,5.0,1359072000
23855,3582,4.0,1359331200
23856,3584,5.0,1405641600
23857,3584,4.0,1395878400
23858,3584,5.0,1382227200
23859,3584,4.0,1350345600
23860,3584,5.0,1382227200
23861,3584,4.0,1398816000
23862,3584,5.0,1389312000
23863,3584,5.0,1393804800
23864,3584,5.0,1403827200
23865,3584,5.0,1354060800
23866,3584,5.0,1379808000
23867,3584,2.0,1357171200
23868,3584,5.0,1402272000
23869,3584,5.0,1395014400
23870,3584,5.0,1397520000
23871,3584,5.0,1324598400
23872,3584,4.0,1351555200
23873,3584,5.0,1352937600
23874,3584,5.0,1358035200
13530,3584,2.0,1313884800
23875,3584,5.0,1394064000
23876,3584,5.0,1403827200
23877,3584,4.0,1387411200
23878,3584,5.0,1342742400
23879,3584,1.0,1321142400
23880,3584,5.0,1312588800
23881,3584,5.0,1378512000
23882,3584,5.0,1346198400
23883,3584,3.0,1391299200
23884,3584,5.0,1389312000
23885,3584,3.0,1392249600
23886,3584,5.0,1362009600
23887,3584,4.0,1373328000
23888,3584,5.0,1377388800
23889,3584,5.0,1404864000
23890,3584,4.0,1370995200
23891,3584,5.0,1360886400
23892,3584,5.0,1363651200
23893,3584,5.0,1369267200
23894,3584,4.0,1391472000
23895,3584,5.0,1364601600
23896,3584,5.0,1354924800
23897,3584,5.0,1375142400
23898,3583,3.0,1344124800
23899,3583,4.0,1322352000
23900,3583,2.0,1386028800
23901,3585,4.0,1326931200
23902,3585,3.0,1369785600
23903,3585,5.0,1364860800
23904,3586,5.0,1368921600
1411,3586,5.0,1400544000
23905,3586,5.0,1370476800
23906,3587,5.0,1391644800
23907,3587,5.0,1318896000
23908,3587,5.0,1400025600
23909,3587,4.0,1345593600
23910,3588,5.0,1358294400
23911,3589,5.0,1389139200
23912,3591,5.0,1320192000
23913,3590,5.0,1311292800
23914,3592,3.0,1363996800
23915,3593,1.0,1356566400
23916,3594,5.0,1311724800
23917,3595,5.0,1396224000
23918,3595,5.0,1340755200
23919,3595,1.0,1404259200
23920,3596,1.0,1325635200
23921,3597,5.0,1358467200
23922,3597,5.0,1398038400
23923,3597,5.0,1328745600
23924,3597,2.0,1369526400
23925,3597,5.0,1396224000
23926,3597,5.0,1369353600
23927,3599,5.0,1388707200
23928,3598,2.0,1387843200
23929,3598,1.0,1386288000
23930,3598,5.0,1372636800
23931,3598,5.0,1382400000
23932,3600,5.0,1390780800
23933,3601,5.0,1378425600
23934,3603,5.0,1390608000
23935,3602,4.0,1358294400
23936,3605,5.0,1336435200
23937,3604,5.0,1402963200
23938,3606,5.0,1311033600
23939,3607,5.0,1349395200
23940,3607,5.0,1356566400
23941,3607,5.0,1368489600
23942,3607,5.0,1367452800
23943,3607,5.0,1371600000
23944,3608,3.0,1356912000
23945,3609,1.0,1321920000
23946,3610,5.0,1343606400
23947,3612,4.0,1374192000
23948,3612,5.0,1375142400
23949,3611,4.0,1378598400
23950,3611,1.0,1353196800
23951,3613,5.0,1394755200
1321,3613,5.0,1362441600
23952,3613,4.0,1375056000
23953,3613,4.0,1373328000
23954,3613,5.0,1390608000
23955,3613,5.0,1318032000
13008,3613,5.0,1399507200
23956,3613,1.0,1337731200
23957,3613,4.0,1332460800
23958,3613,5.0,1369699200
23959,3613,5.0,1336348800
23960,3613,5.0,1359504000
23961,3613,5.0,1397001600
23962,3614,3.0,1405382400
23963,3614,3.0,1345420800
10572,3614,5.0,1344384000
19898,3614,5.0,1359072000
16909,3614,4.0,1358380800
23964,3614,2.0,1349222400
23965,3614,3.0,1328486400
23966,3614,1.0,1362355200
23967,3614,5.0,1327104000
23968,3614,5.0,1332028800
23969,3614,5.0,1358726400
23970,3614,5.0,1357516800
23971,3614,4.0,1360540800
23972,3614,5.0,1320019200
23973,3614,2.0,1364601600
23974,3614,1.0,1355097600
23975,3614,5.0,1361059200
23976,3614,5.0,1343952000
23977,3614,5.0,1314316800
23978,3614,3.0,1344211200
23979,3614,5.0,1353715200
23980,3614,4.0,1337040000
23981,3614,3.0,1315180800
23982,3614,1.0,1360108800
23983,3614,1.0,1341964800
23984,3614,5.0,1350777600
23985,3614,4.0,1339286400
23986,3614,3.0,1377216000
23987,3614,5.0,1362096000
23988,3614,5.0,1323475200
23989,3614,5.0,1339632000
23990,3614,4.0,1363651200
23753,3614,5.0,1372204800
23991,3614,5.0,1345507200
23992,3614,5.0,1313366400
23993,3614,4.0,1370736000
8863,3614,5.0,1357430400
23994,3614,4.0,1357084800
23995,3614,4.0,1356566400
23996,3614,5.0,1359936000
23997,3614,4.0,1360540800
23998,3614,5.0,1354406400
23999,3614,2.0,1311984000
24000,3614,5.0,1356480000
24001,3614,5.0,1355529600
24002,3614,1.0,1345852800
24003,3614,1.0,1356307200
24004,3614,3.0,1342137600
24005,3614,5.0,1360281600
24006,3614,5.0,1362614400
24007,3614,5.0,1365724800
24008,3614,5.0,1353456000
24009,3614,5.0,1357516800
24010,3614,3.0,1322870400
24011,3614,5.0,1334016000
24012,3614,5.0,1369353600
24013,3614,4.0,1334793600
24014,3614,5.0,1335139200
24015,3614,5.0,1373673600
24016,3614,2.0,1343433600
24017,3614,3.0,1346803200
24018,3614,2.0,1359936000
24019,3614,4.0,1341273600
24020,3614,4.0,1342656000
24021,3614,3.0,1352592000
24022,3614,5.0,1381795200
24023,3615,1.0,1325980800
24024,3615,2.0,1354492800
3500,3615,4.0,1326672000
24025,3615,3.0,1326067200
24026,3615,5.0,1355961600
24027,3615,5.0,1351555200
16922,3615,2.0,1328486400
24028,3616,4.0,1402099200
24029,3617,5.0,1319068800
24030,3618,5.0,1365552000
24031,3619,5.0,1327449600
24032,3620,4.0,1317600000
24033,3621,1.0,1316131200
24034,3622,2.0,1356480000
3277,3623,5.0,1390521600
24035,3624,5.0,1339372800
24036,3624,4.0,1386460800
24037,3625,5.0,1391817600
24038,3626,5.0,1326499200
24039,3627,5.0,1363564800
1716,3627,4.0,1330041600
17850,3627,5.0,1339200000
24040,3628,5.0,1391212800
24041,3629,5.0,1404518400
2725,3630,3.0,1329264000
24042,3630,5.0,1315785600
24043,3630,5.0,1317600000
24044,3630,4.0,1343606400
24045,3630,1.0,1315872000
22895,3630,1.0,1318032000
24046,3630,3.0,1328313600
24047,3630,4.0,1318204800
24048,3630,5.0,1327708800
24049,3630,3.0,1316131200
24050,3630,4.0,1357862400
24051,3631,5.0,1380672000
24052,3631,5.0,1374796800
24053,3631,4.0,1371427200
24054,3632,5.0,1401062400
24055,3632,5.0,1336003200
24056,3633,1.0,1386460800
24057,3633,1.0,1379203200
24058,3633,4.0,1365638400
24059,3634,2.0,1355270400
24060,3635,5.0,1317859200
24061,3635,5.0,1316390400
24062,3635,5.0,1395878400
24063,3635,4.0,1369699200
24064,3636,5.0,1399248000
24065,3636,1.0,1387152000
24066,3637,5.0,1379030400
24067,3637,1.0,1392076800
24068,3637,2.0,1385856000
24069,3638,2.0,1369872000
24070,3639,5.0,1404864000
24071,3640,5.0,1350777600
24072,3641,5.0,1353715200
24073,3642,5.0,1394496000
24074,3642,5.0,1310601600
24075,3643,5.0,1355270400
24076,3643,5.0,1359244800
24077,3644,5.0,1364860800
24078,3644,5.0,1316649600
24079,3645,4.0,1306195200
24080,3646,5.0,1375228800
24081,3646,5.0,1361404800
24082,3647,5.0,1351468800
24083,3647,5.0,1369008000
24084,3647,5.0,1363478400
24085,3647,5.0,1397606400
24086,3647,5.0,1382659200
24087,3647,5.0,1371340800
24088,3647,4.0,1365206400
24089,3647,5.0,1390780800
24090,3647,5.0,1367193600
5090,3647,5.0,1387324800
24091,3647,5.0,1344729600
24092,3647,5.0,1364169600
24093,3647,5.0,1390521600
24094,3647,5.0,1360281600
24095,3647,5.0,1363737600
24096,3647,5.0,1352851200
24097,3647,5.0,1374710400
24098,3647,5.0,1398038400
24099,3647,5.0,1338940800
24100,3647,5.0,1392076800
24101,3647,5.0,1394496000
24102,3647,4.0,1346457600
24103,3647,5.0,1370390400
24104,3647,5.0,1402185600
24105,3647,5.0,1352592000
24106,3647,5.0,1357516800
24107,3647,5.0,1347667200
24108,3648,5.0,1359072000
24109,3648,5.0,1361664000
24110,3648,3.0,1393200000
24111,3649,5.0,1381104000
24112,3650,1.0,1369958400
24113,3651,5.0,1359676800
24114,3652,5.0,1405728000
24115,3652,5.0,1405468800
24116,3652,4.0,1359763200
24117,3652,2.0,1386979200
24118,3652,5.0,1374278400
15402,3652,4.0,1321747200
24119,3652,5.0,1331856000
24120,3652,4.0,1376438400
17125,3652,5.0,1335139200
24121,3652,5.0,1373673600
24122,3652,5.0,1401753600
24123,3652,5.0,1371772800
24124,3652,5.0,1380844800
24125,3652,5.0,1389830400
15674,3652,5.0,1359244800
24126,3652,5.0,1367798400
24127,3652,5.0,1365379200
24128,3652,5.0,1392076800
24129,3652,5.0,1349913600
24130,3652,2.0,1402876800
24131,3652,4.0,1364774400
24132,3652,5.0,1385510400
24133,3652,4.0,1335398400
24134,3652,5.0,1378771200
24135,3652,5.0,1377475200
24136,3652,5.0,1392249600
24137,3652,5.0,1370476800
24138,3652,5.0,1379376000
24139,3652,2.0,1385337600
24140,3652,5.0,1403136000
24141,3652,1.0,1337040000
24142,3652,5.0,1344816000
24143,3652,5.0,1395878400
24144,3652,4.0,1376006400
24145,3652,4.0,1367712000
24146,3652,1.0,1397606400
24147,3652,5.0,1391212800
24148,3652,5.0,1368576000
24149,3652,4.0,1314489600
24150,3652,5.0,1391472000
24151,3652,5.0,1389484800
24152,3652,5.0,1403136000
24153,3652,4.0,1381536000
24154,3652,5.0,1366588800
24155,3652,5.0,1399075200
24156,3652,5.0,1395446400
15565,3652,4.0,1353369600
24157,3652,5.0,1402358400
24158,3652,5.0,1369872000
24159,3652,5.0,1395705600
24160,3652,5.0,1332374400
24161,3652,5.0,1364256000
24162,3652,4.0,1320710400
24163,3652,5.0,1390262400
24164,3652,4.0,1323561600
24165,3652,1.0,1328832000
24166,3652,5.0,1360195200
24167,3652,3.0,1371772800
24168,3652,5.0,1383264000
24169,3652,5.0,1396310400
24170,3652,5.0,1360800000
24171,3652,1.0,1380412800
24172,3652,5.0,1370304000
24173,3652,5.0,1341619200
24174,3652,5.0,1393200000
24175,3652,4.0,1343347200
24176,3652,5.0,1403222400
24177,3652,3.0,1401840000
24178,3652,3.0,1399420800
24179,3652,5.0,1402444800
24180,3652,5.0,1380067200
24181,3652,5.0,1359763200
24182,3652,4.0,1376611200
24183,3652,5.0,1357862400
24184,3652,5.0,1383091200
24185,3652,5.0,1363046400
24186,3652,2.0,1368921600
24187,3652,4.0,1403222400
2232,3652,5.0,1342483200
24188,3652,5.0,1357689600
24189,3652,4.0,1344124800
24190,3652,2.0,1381363200
10950,3652,3.0,1348185600
24191,3652,2.0,1363824000
24192,3652,2.0,1351641600
24193,3652,5.0,1393977600
24194,3652,5.0,1372377600
24195,3652,5.0,1371427200
24196,3652,4.0,1397865600
24197,3652,5.0,1402099200
24198,3652,5.0,1397692800
24199,3652,5.0,1391212800
24200,3652,5.0,1382832000
24201,3652,5.0,1338249600
24202,3652,3.0,1378944000
24203,3652,5.0,1391385600
24204,3652,5.0,1388275200
24205,3652,5.0,1383609600
24206,3652,5.0,1388188800
24207,3652,5.0,1361664000
24208,3652,5.0,1383436800
24209,3652,5.0,1366848000
24210,3652,5.0,1403222400
24211,3652,3.0,1331596800
24212,3652,1.0,1328140800
5276,3652,5.0,1374019200
24213,3652,5.0,1400889600
24214,3652,5.0,1377648000
24215,3652,5.0,1341446400
24216,3652,3.0,1383177600
684,3652,4.0,1386115200
24217,3652,3.0,1380931200
24218,3652,4.0,1383177600
24219,3652,4.0,1318896000
24220,3652,5.0,1350604800
24221,3652,4.0,1405036800
24222,3652,5.0,1384646400
24223,3652,2.0,1335916800
24224,3652,5.0,1400716800
24225,3652,2.0,1405036800
24226,3652,5.0,1392336000
24227,3652,3.0,1370908800
24228,3652,5.0,1321574400
24229,3652,1.0,1392249600
24230,3652,3.0,1344124800
24231,3652,3.0,1401235200
24232,3652,5.0,1355788800
24233,3652,5.0,1325030400
24234,3652,5.0,1386115200
24235,3652,5.0,1386288000
24236,3652,5.0,1330819200
24237,3652,2.0,1333756800
24238,3652,5.0,1315958400
24239,3652,5.0,1390694400
24240,3652,5.0,1381536000
24241,3652,5.0,1360108800
24242,3652,4.0,1396137600
24243,3652,1.0,1364947200
24244,3653,5.0,1361491200
24245,3653,5.0,1362268800
24246,3653,5.0,1368576000
24247,3653,5.0,1376352000
24248,3653,5.0,1373673600
24249,3653,5.0,1371081600
5464,3653,5.0,1367280000
24250,3653,5.0,1375315200
20239,3653,5.0,1360281600
24251,3654,2.0,1366243200
24252,3654,5.0,1392249600
24253,3654,1.0,1359331200
24254,3654,5.0,1391904000
5917,3655,3.0,1312588800
24255,3656,2.0,1344902400
24256,3657,5.0,1399680000
24257,3657,1.0,1372032000
24258,3658,4.0,1393545600
24259,3658,4.0,1404777600
24260,3658,5.0,1397174400
24261,3659,5.0,1347926400
24262,3659,1.0,1360022400
24263,3659,5.0,1357084800
24264,3659,5.0,1348012800
24265,3659,1.0,1388620800
24266,3659,1.0,1360368000
24267,3659,2.0,1397433600
24268,3660,5.0,1398211200
24269,3660,5.0,1396137600
24270,3660,5.0,1401408000
24271,3660,5.0,1335744000
24272,3660,5.0,1325289600
24273,3661,5.0,1342656000
24274,3661,4.0,1315267200
24275,3661,5.0,1329177600
24276,3661,5.0,1352160000
24277,3661,5.0,1318204800
24278,3661,2.0,1335657600
24279,3661,5.0,1396224000
24280,3661,5.0,1387324800
24281,3662,5.0,1370304000
24282,3662,4.0,1342137600
24283,3663,5.0,1355011200
24284,3663,5.0,1386547200
24285,3664,4.0,1369180800
24286,3665,2.0,1398297600
24287,3665,5.0,1359590400
24288,3665,5.0,1384300800
24289,3665,5.0,1401580800
24290,3665,5.0,1362009600
24291,3665,5.0,1356739200
24292,3665,5.0,1390953600
24293,3665,4.0,1358208000
24294,3666,5.0,1303776000
24295,3667,5.0,1336176000
24296,3668,5.0,1389398400
24297,3669,1.0,1403913600
24298,3670,5.0,1353801600
24299,3671,5.0,1404691200
24300,3672,4.0,1363564800
17967,3673,4.0,1367712000
24301,3673,5.0,1370908800
24302,3673,3.0,1392508800
24303,3674,5.0,1328832000
24304,3675,5.0,1360108800
24305,3675,5.0,1341360000
24306,3676,2.0,1357948800
24307,3676,2.0,1352678400
24308,3676,3.0,1341792000
24309,3679,3.0,1327708800
7946,3679,2.0,1353801600
24310,3677,2.0,1350950400
24311,3677,2.0,1363305600
24312,3677,1.0,1365033600
23448,3677,5.0,1383696000
24313,3677,4.0,1366934400
24314,3677,3.0,1366156800
24315,3677,4.0,1365120000
23975,3677,3.0,1361059200
24316,3677,3.0,1370736000
24317,3677,1.0,1348099200
24318,3677,5.0,1326326400
24319,3677,3.0,1359590400
24320,3677,1.0,1350086400
24321,3677,4.0,1361404800
23711,3677,5.0,1350172800
24322,3677,1.0,1348704000
24323,3677,5.0,1354492800
24324,3677,5.0,1347321600
24325,3677,5.0,1390780800
24326,3677,1.0,1353801600
24327,3677,5.0,1353369600
24328,3677,2.0,1373673600
24329,3677,2.0,1357257600
3651,3677,4.0,1359158400
24330,3677,5.0,1338249600
24331,3677,3.0,1363046400
24332,3677,5.0,1342051200
24333,3677,4.0,1355529600
24334,3677,5.0,1396137600
24335,3677,5.0,1372032000
24336,3677,2.0,1336521600
24337,3677,3.0,1342828800
24338,3677,5.0,1355702400
24339,3677,4.0,1364169600
24339,3678,3.0,1364169600
24310,3678,2.0,1350950400
24340,3680,1.0,1368057600
24341,3681,3.0,1361923200
24342,3682,5.0,1347062400
24343,3683,5.0,1354924800
24344,3683,4.0,1403654400
24345,3683,5.0,1361750400
24346,3683,5.0,1392336000
24347,3684,3.0,1400976000
24348,3684,5.0,1392768000
24349,3685,5.0,1332028800
24350,3686,5.0,1372464000
24350,3687,5.0,1372464000
11548,3688,2.0,1343952000
24351,3688,5.0,1327968000
24352,3689,1.0,1386720000
24353,3690,5.0,1372809600
24354,3691,5.0,1369353600
24355,3692,5.0,1312329600
24356,3692,5.0,1355875200
24357,3692,5.0,1349481600
24358,3692,4.0,1356220800
24359,3692,5.0,1370390400
24360,3692,5.0,1316908800
24361,3692,5.0,1377475200
24362,3692,5.0,1387584000
24363,3692,5.0,1325462400
24364,3692,5.0,1392681600
24365,3692,5.0,1363219200
24366,3692,5.0,1331596800
24367,3692,5.0,1379203200
24368,3692,3.0,1366761600
24369,3692,5.0,1370390400
24370,3692,4.0,1365897600
24371,3692,5.0,1362528000
24372,3692,5.0,1374105600
24373,3692,3.0,1362268800
24374,3692,2.0,1373155200
24375,3692,5.0,1369353600
24376,3692,2.0,1337212800
24377,3692,5.0,1380499200
24378,3692,5.0,1390953600
24379,3692,5.0,1374796800
24380,3692,5.0,1367020800
24381,3692,2.0,1355270400
24382,3692,5.0,1357257600
24383,3692,5.0,1353974400
24384,3692,1.0,1358899200
24385,3692,5.0,1385164800
24386,3692,5.0,1315526400
12604,3692,2.0,1318118400
24387,3692,5.0,1339286400
24388,3692,5.0,1372723200
24389,3692,5.0,1369440000
24390,3692,5.0,1344211200
24391,3692,5.0,1370217600
24392,3692,5.0,1360195200
24393,3692,4.0,1362096000
24394,3692,5.0,1356307200
24395,3692,5.0,1362355200
24396,3692,5.0,1367107200
24397,3692,5.0,1328227200
24398,3692,5.0,1361145600
24399,3692,5.0,1362528000
24400,3692,5.0,1324166400
24401,3692,5.0,1333670400
24402,3693,5.0,1379894400
16583,3694,4.0,1334534400
24403,3694,4.0,1379116800
24404,3695,4.0,1347753600
24405,3695,3.0,1358380800
24406,3695,1.0,1358294400
24407,3696,1.0,1321228800
24408,3696,5.0,1337472000
24409,3696,5.0,1339891200
24410,3696,4.0,1375315200
24411,3696,4.0,1325462400
24412,3697,2.0,1336176000
24413,3698,5.0,1362787200
24414,3699,5.0,1386460800
24415,3700,3.0,1364774400
24416,3702,5.0,1385856000
24417,3701,3.0,1379635200
24418,3703,4.0,1364947200
24419,3703,5.0,1368489600
24420,3703,5.0,1375228800
24421,3703,2.0,1337644800
24422,3703,1.0,1356739200
24423,3703,3.0,1349740800
14212,3703,5.0,1358035200
24424,3704,5.0,1314835200
24425,3704,5.0,1314230400
24426,3705,3.0,1371600000
24427,3706,3.0,1360022400
24428,3706,5.0,1337731200
24429,3707,5.0,1357344000
24430,3707,5.0,1367798400
24431,3707,5.0,1357603200
24432,3707,5.0,1380672000
24433,3707,5.0,1385078400
24434,3707,5.0,1358035200
24435,3707,5.0,1362355200
24436,3707,5.0,1394323200
24437,3707,5.0,1336089600
24438,3707,5.0,1386460800
24439,3707,5.0,1329177600
24440,3707,5.0,1397865600
24441,3707,1.0,1382140800
24442,3708,4.0,1369699200
24443,3708,5.0,1360972800
24444,3708,5.0,1396915200
24445,3708,5.0,1352851200
7747,3709,5.0,1323216000
24446,3709,5.0,1352592000
24447,3709,1.0,1386374400
24448,3710,5.0,1309305600
24449,3710,5.0,1370649600
24450,3711,4.0,1362787200
24451,3712,5.0,1318636800
24452,3712,5.0,1309478400
24453,3712,2.0,1308009600
24454,3712,3.0,1309219200
24455,3712,5.0,1326672000
24456,3713,3.0,1336953600
24457,3714,5.0,1364947200
24458,3714,5.0,1320710400
24459,3714,4.0,1378684800
24460,3715,5.0,1328918400
18101,3716,5.0,1358380800
24461,3716,5.0,1363046400
24462,3717,5.0,1359676800
24463,3717,5.0,1357171200
24464,3717,4.0,1361232000
24465,3717,3.0,1358899200
24466,3717,4.0,1381795200
24467,3717,5.0,1331769600
24468,3717,5.0,1354924800
24469,3718,5.0,1361145600
24470,3718,5.0,1388448000
24471,3718,5.0,1364428800
24472,3718,3.0,1377475200
24473,3718,5.0,1370044800
24474,3718,5.0,1358812800
24475,3718,5.0,1362528000
24476,3719,5.0,1363996800
24477,3719,5.0,1386374400
24465,3719,5.0,1358899200
24470,3719,5.0,1388448000
24478,3719,5.0,1379462400
24479,3719,5.0,1337040000
24480,3719,5.0,1399593600
24481,3719,5.0,1394409600
24482,3719,5.0,1357430400
24483,3720,5.0,1399507200
24484,3721,4.0,1379203200
24485,3722,5.0,1339027200
24486,3722,5.0,1372032000
24487,3722,2.0,1353801600
24488,3722,5.0,1371772800
24489,3722,2.0,1376870400
24490,3722,5.0,1392768000
24491,3722,4.0,1373760000
24492,3722,5.0,1347667200
24493,3722,5.0,1353110400
24494,3722,5.0,1373414400
24495,3722,3.0,1362528000
24496,3722,2.0,1365984000
24497,3722,4.0,1372464000
24498,3723,5.0,1335052800
24499,3723,5.0,1344816000
24500,3723,2.0,1319241600
24501,3724,4.0,1354838400
24502,3724,4.0,1326585600
24503,3724,5.0,1353542400
24504,3724,1.0,1312761600
24505,3724,3.0,1363132800
24506,3724,3.0,1356912000
24507,3724,3.0,1343606400
24508,3724,5.0,1357689600
24509,3724,3.0,1330041600
24510,3724,3.0,1356652800
24511,3724,4.0,1359244800
24512,3724,3.0,1341705600
24513,3725,4.0,1378166400
24514,3726,5.0,1322438400
24515,3727,4.0,1393113600
24516,3728,4.0,1398556800
24517,3729,5.0,1313712000
24518,3729,5.0,1325980800
24519,3729,5.0,1349222400
24520,3729,5.0,1357257600
24521,3730,5.0,1392595200
24522,3731,4.0,1339718400
24523,3731,1.0,1371427200
24524,3732,5.0,1368748800
24525,3733,5.0,1359504000
24526,3734,1.0,1402704000
24527,3735,5.0,1394496000
24528,3735,5.0,1365811200
24529,3735,4.0,1364169600
24530,3735,5.0,1403222400
24531,3736,5.0,1320278400
24532,3737,3.0,1379203200
24533,3737,1.0,1340668800
24534,3737,5.0,1332633600
24535,3737,3.0,1354838400
24536,3737,1.0,1398470400
8604,3737,4.0,1373068800
24537,3737,1.0,1363046400
24538,3737,5.0,1370563200
24539,3737,5.0,1391385600
24540,3737,4.0,1378166400
4985,3737,5.0,1359244800
24541,3737,4.0,1381449600
24542,3737,5.0,1401667200
24543,3738,5.0,1384041600
24544,3738,5.0,1357171200
24545,3738,5.0,1370995200
24546,3738,5.0,1346371200
24547,3738,5.0,1388361600
24548,3738,5.0,1323648000
24549,3738,4.0,1342483200
24550,3738,5.0,1386633600
24551,3738,5.0,1388361600
24552,3738,3.0,1398902400
24553,3738,5.0,1390435200
24554,3739,5.0,1371686400
24555,3739,1.0,1346630400
24556,3740,1.0,1357171200
24557,3740,5.0,1320192000
16029,3741,3.0,1402444800
24558,3742,3.0,1332979200
24559,3742,5.0,1395705600
24560,3742,4.0,1359072000
24561,3742,5.0,1353283200
24562,3742,5.0,1350518400
24563,3742,5.0,1323475200
24564,3742,5.0,1345334400
24565,3742,5.0,1324425600
24566,3742,5.0,1360281600
24567,3742,5.0,1327104000
24568,3742,5.0,1395878400
24569,3742,5.0,1354579200
24570,3742,5.0,1370131200
24571,3742,5.0,1347580800
24572,3742,5.0,1394409600
24573,3742,5.0,1392595200
24574,3742,5.0,1348358400
24575,3742,5.0,1381622400
24576,3742,5.0,1389139200
24577,3742,5.0,1345161600
24578,3742,4.0,1329436800
24579,3742,5.0,1340928000
24580,3742,5.0,1364428800
24581,3742,5.0,1357776000
24582,3742,5.0,1387756800
24583,3742,5.0,1339632000
24584,3742,4.0,1352505600
24585,3742,5.0,1394668800
24586,3742,4.0,1377043200
24587,3742,5.0,1334707200
24588,3744,5.0,1356825600
24589,3744,5.0,1367712000
24590,3744,5.0,1366329600
24591,3745,5.0,1362960000
24578,3745,5.0,1331251200
24592,3743,5.0,1392336000
24593,3743,5.0,1346976000
24594,3746,4.0,1358899200
24595,3747,5.0,1358985600
24596,3748,5.0,1386633600
24597,3748,5.0,1342569600
24598,3748,5.0,1386633600
24599,3748,5.0,1376956800
24600,3748,5.0,1366416000
24601,3748,5.0,1401840000
24602,3748,5.0,1400112000
24603,3748,5.0,1390348800
24604,3748,5.0,1386633600
24605,3748,5.0,1385856000
24606,3748,5.0,1375142400
24607,3749,2.0,1355961600
24608,3749,5.0,1320192000
24609,3749,2.0,1321660800
24610,3750,5.0,1357516800
24611,3751,5.0,1332460800
24612,3751,5.0,1328745600
24613,3751,5.0,1329264000
24614,3751,5.0,1347408000
24615,3751,3.0,1356566400
24616,3751,1.0,1356998400
24617,3751,4.0,1364342400
24618,3751,4.0,1356998400
24619,3751,3.0,1369699200
24620,3751,3.0,1370476800
24621,3751,5.0,1354752000
24622,3751,5.0,1364256000
24623,3751,4.0,1337040000
24624,3751,2.0,1402272000
24625,3751,5.0,1356480000
24626,3752,4.0,1332201600
24627,3752,1.0,1353715200
24628,3752,5.0,1338076800
24629,3752,5.0,1344470400
24630,3753,5.0,1363132800
24631,3753,4.0,1328400000
24632,3754,5.0,1339545600
24633,3755,5.0,1401667200
24634,3755,1.0,1332115200
24635,3755,5.0,1361145600
24636,3755,1.0,1371340800
16843,3756,5.0,1364947200
24637,3757,1.0,1325462400
24638,3758,2.0,1357344000
24639,3759,5.0,1368489600
24640,3759,5.0,1393977600
24641,3759,5.0,1395360000
24642,3759,5.0,1393113600
24643,3759,5.0,1403481600
24644,3761,5.0,1351555200
24645,3761,5.0,1355270400
24646,3761,1.0,1379462400
24647,3761,5.0,1379462400
24648,3760,5.0,1361232000
24649,3760,5.0,1401840000
24650,3760,5.0,1329523200
24651,3760,5.0,1333238400
21726,3762,4.0,1366934400
24652,3762,5.0,1370822400
24653,3763,5.0,1387497600
24654,3764,5.0,1362873600
24655,3764,5.0,1394928000
24656,3765,5.0,1334707200
24657,3765,5.0,1311984000
24658,3766,5.0,1359763200
24659,3766,5.0,1378598400
24660,3766,1.0,1397174400
24661,3766,5.0,1369440000
24662,3767,1.0,1343174400
24663,3767,5.0,1364428800
24664,3767,4.0,1398211200
24665,3767,2.0,1361491200
24666,3767,5.0,1349136000
24667,3767,5.0,1363305600
24668,3767,1.0,1395360000
24669,3767,5.0,1362960000
24670,3767,5.0,1348531200
24671,3767,5.0,1367107200
24672,3767,4.0,1361664000
24673,3767,4.0,1397606400
24674,3767,1.0,1332115200
24675,3767,5.0,1366156800
24676,3767,3.0,1370563200
24677,3767,1.0,1392681600
24678,3767,5.0,1398211200
18573,3767,5.0,1368403200
24679,3767,5.0,1405296000
24680,3767,2.0,1381881600
24681,3767,3.0,1373328000
24682,3767,3.0,1360022400
24683,3767,5.0,1400457600
24684,3767,5.0,1396915200
10492,3767,1.0,1363219200
24685,3767,1.0,1339977600
24686,3767,5.0,1344211200
24687,3767,4.0,1395878400
24688,3767,3.0,1374451200
24689,3767,4.0,1360022400
24690,3767,5.0,1346198400
24691,3767,3.0,1354579200
24692,3767,5.0,1394928000
24693,3768,5.0,1366156800
24694,3768,5.0,1390867200
24695,3768,5.0,1364515200
24696,3768,4.0,1377302400
24697,3768,4.0,1370044800
24698,3768,1.0,1363737600
24699,3768,1.0,1392163200
24700,3768,5.0,1371772800
24701,3768,3.0,1370131200
24702,3768,4.0,1350950400
24703,3768,5.0,1387756800
24704,3768,5.0,1390521600
24705,3768,4.0,1348012800
24706,3768,5.0,1336953600
24707,3768,5.0,1376179200
24708,3768,5.0,1365552000
24709,3768,5.0,1400112000
24710,3768,5.0,1393459200
24711,3768,5.0,1381881600
24712,3768,5.0,1367193600
2243,3768,5.0,1373673600
24713,3768,1.0,1364428800
24714,3768,5.0,1368403200
24715,3768,5.0,1371945600
24716,3768,5.0,1343779200
24717,3768,3.0,1368576000
24718,3768,4.0,1364428800
24719,3768,5.0,1389052800
24720,3768,5.0,1342224000
24721,3768,4.0,1338336000
24722,3768,5.0,1376697600
24723,3768,1.0,1320537600
24724,3768,5.0,1375833600
24725,3768,4.0,1312675200
24726,3768,5.0,1397347200
16107,3768,4.0,1379980800
24727,3768,3.0,1378080000
24728,3768,5.0,1340150400
24729,3768,5.0,1360454400
24730,3768,5.0,1388793600
24731,3768,4.0,1361836800
24732,3768,5.0,1361059200
24733,3768,3.0,1372982400
24734,3768,5.0,1388188800
24735,3769,4.0,1404259200
24736,3769,5.0,1398124800
24737,3769,4.0,1353801600
24738,3770,4.0,1292371200
24739,3770,2.0,1399939200
24740,3770,5.0,1392249600
24741,3770,4.0,1366416000
24742,3771,5.0,1404864000
24743,3771,5.0,1396396800
24744,3771,4.0,1393804800
24745,3771,5.0,1365897600
24746,3771,5.0,1356480000
24747,3772,5.0,1392595200
24748,3772,1.0,1377302400
15378,3772,5.0,1397347200
24749,3772,5.0,1368144000
24750,3772,3.0,1367193600
24751,3773,5.0,1337644800
24752,3774,3.0,1316217600
24753,3774,5.0,1396656000
24754,3774,5.0,1365984000
24755,3774,4.0,1387411200
24756,3774,2.0,1404259200
24757,3774,5.0,1372377600
24758,3774,1.0,1400544000
24759,3774,5.0,1337385600
24760,3774,4.0,1401926400
24761,3774,5.0,1396742400
24762,3774,3.0,1356652800
24763,3774,5.0,1400025600
24764,3774,5.0,1403568000
24765,3774,1.0,1357171200
24766,3774,5.0,1395705600
24767,3774,1.0,1399852800
24768,3774,2.0,1368748800
24769,3774,5.0,1383868800
24770,3774,4.0,1393286400
24771,3774,4.0,1342396800
24772,3774,5.0,1346803200
24773,3774,3.0,1405123200
24774,3774,1.0,1401494400
24775,3774,4.0,1391731200
24776,3774,5.0,1402272000
24777,3774,3.0,1403740800
24778,3774,2.0,1344816000
24779,3774,5.0,1404172800
24780,3774,5.0,1398297600
24781,3774,5.0,1338249600
24782,3774,5.0,1383264000
24783,3774,3.0,1315180800
24784,3774,5.0,1363651200
24785,3774,1.0,1393113600
24786,3774,5.0,1386460800
24787,3774,1.0,1384387200
24788,3774,5.0,1400025600
24789,3774,2.0,1349654400
24790,3775,4.0,1318896000
24791,3776,3.0,1360800000
24792,3777,1.0,1380153600
24793,3777,5.0,1356912000
24794,3777,4.0,1376006400
24795,3778,5.0,1333843200
24796,3779,2.0,1335571200
24186,3780,2.0,1342915200
24797,3781,2.0,1341360000
24798,3782,4.0,1403049600
24799,3782,4.0,1397692800
24800,3782,5.0,1358553600
24801,3782,4.0,1391558400
24802,3782,4.0,1393718400
24803,3782,1.0,1404432000
24804,3782,5.0,1376784000
24805,3782,4.0,1400198400
24806,3783,5.0,1324425600
24807,3784,5.0,1385596800
24808,3784,4.0,1355961600
24809,3784,2.0,1363305600
24810,3784,5.0,1381968000
24811,3784,4.0,1374192000
24812,3784,5.0,1385942400
24813,3785,5.0,1376784000
24814,3786,5.0,1345680000
24815,3786,5.0,1367539200
24816,3787,2.0,1394841600
24817,3788,5.0,1390176000
24818,3789,5.0,1358208000
24819,3790,5.0,1380672000
15601,3791,5.0,1390348800
24820,3792,1.0,1326326400
24821,3792,1.0,1376784000
24822,3792,1.0,1397433600
24823,3792,2.0,1336348800
24824,3792,5.0,1331510400
24825,3793,3.0,1314921600
24826,3794,1.0,1359504000
24827,3794,4.0,1365206400
24828,3794,1.0,1351036800
24829,3794,1.0,1346716800
24830,3794,1.0,1361664000
24831,3794,1.0,1361491200
3241,3794,1.0,1349222400
24832,3794,1.0,1386201600
24833,3794,1.0,1360022400
24834,3794,1.0,1336003200
24835,3794,4.0,1361318400
24836,3794,1.0,1339200000
24837,3794,5.0,1359158400
24838,3794,1.0,1370390400
24839,3794,4.0,1361232000
24840,3794,1.0,1398384000
24841,3794,5.0,1344470400
24842,3795,1.0,1319155200
24841,3795,5.0,1344470400
24843,3796,3.0,1341360000
14571,3797,3.0,1364947200
24844,3797,4.0,1296000000
24845,3797,2.0,1388707200
24846,3797,4.0,1371686400
24847,3797,5.0,1388361600
24848,3797,2.0,1352851200
24849,3797,1.0,1389571200
23191,3797,3.0,1301702400
24850,3797,5.0,1371081600
22268,3797,5.0,1363219200
24851,3797,5.0,1356048000
24852,3797,4.0,1364688000
20871,3797,3.0,1370390400
24853,3797,5.0,1374710400
24854,3797,4.0,1386806400
24855,3798,5.0,1347148800
24856,3798,5.0,1367539200
24857,3799,5.0,1309824000
24858,3800,2.0,1381190400
24859,3800,4.0,1347926400
24860,3800,5.0,1378598400
24861,3800,4.0,1358812800
24862,3800,4.0,1329782400
24863,3800,5.0,1355097600
24864,3800,5.0,1357430400
24865,3801,4.0,1382227200
24866,3802,5.0,1338854400
24867,3803,4.0,1316304000
24868,3804,2.0,1386892800
24869,3805,5.0,1386460800
24870,3805,3.0,1342224000
24871,3805,5.0,1396310400
24872,3805,5.0,1381968000
24873,3806,2.0,1396828800
24874,3806,4.0,1363219200
24875,3806,4.0,1376265600
2137,3806,4.0,1361750400
24876,3806,5.0,1346976000
24877,3806,4.0,1369612800
18774,3806,1.0,1375920000
5130,3806,4.0,1344384000
24878,3806,5.0,1398470400
24879,3806,5.0,1355875200
24880,3806,5.0,1354320000
24881,3806,5.0,1344297600
24882,3806,3.0,1364342400
24883,3806,4.0,1357776000
20523,3806,2.0,1363996800
24884,3806,5.0,1375833600
24885,3806,5.0,1363996800
24886,3806,5.0,1336089600
24887,3806,5.0,1358380800
24888,3806,5.0,1340928000
24889,3806,5.0,1362960000
24890,3806,3.0,1404000000
20487,3806,5.0,1360108800
24891,3806,5.0,1347494400
24892,3806,4.0,1360886400
24893,3806,4.0,1364947200
24894,3807,3.0,1371513600
24895,3808,5.0,1361750400
18731,3809,3.0,1318377600
24896,3809,5.0,1403568000
24897,3809,5.0,1380672000
24898,3809,3.0,1380067200
24899,3809,2.0,1387238400
24900,3809,5.0,1377216000
24901,3809,5.0,1379548800
24902,3809,4.0,1314748800
24903,3809,5.0,1389744000
24904,3809,1.0,1320710400
8274,3810,4.0,1354665600
24905,3811,5.0,1361664000
24906,3811,5.0,1381968000
24907,3812,1.0,1347321600
24908,3813,5.0,1378857600
24909,3813,5.0,1368576000
24910,3813,5.0,1398556800
24911,3813,5.0,1378944000
24912,3814,3.0,1398816000
24913,3815,5.0,1335744000
24914,3815,5.0,1364083200
24915,3816,5.0,1370649600
24916,3816,5.0,1375315200
24917,3816,4.0,1319760000
24918,3816,5.0,1316908800
24919,3816,5.0,1351900800
24920,3817,5.0,1314576000
24921,3818,5.0,1404604800
24922,3819,5.0,1405036800
24923,3819,5.0,1395360000
24924,3820,5.0,1342915200
24925,3821,2.0,1314057600
24926,3822,5.0,1374019200
24927,3823,1.0,1345852800
24928,3823,5.0,1355011200
24929,3823,5.0,1383782400
24930,3824,5.0,1320883200
24931,3824,5.0,1321315200
24932,3824,5.0,1320883200
24933,3824,5.0,1320883200
24934,3825,5.0,1325462400
24935,3826,5.0,1312070400
24936,3827,1.0,1377561600
24937,3827,5.0,1385164800
24938,3828,5.0,1380931200
24939,3828,5.0,1359331200
24940,3828,5.0,1323648000
24941,3828,5.0,1358899200
24942,3829,5.0,1343692800
24943,3829,5.0,1369008000
24944,3829,5.0,1378857600
24945,3829,5.0,1367712000
24946,3830,5.0,1398988800
24947,3830,5.0,1359676800
24948,3830,1.0,1365984000
24949,3830,4.0,1390176000
24950,3830,4.0,1325894400
24951,3830,5.0,1393545600
24952,3830,5.0,1404345600
24953,3830,5.0,1359504000
24954,3830,5.0,1383523200
24955,3830,5.0,1364169600
24956,3830,2.0,1393459200
24957,3830,5.0,1355097600
24958,3830,5.0,1357862400
3889,3830,4.0,1346630400
24959,3830,4.0,1387324800
24960,3830,2.0,1381795200
24961,3830,5.0,1359936000
24962,3830,5.0,1362355200
24963,3830,4.0,1327881600
24964,3830,5.0,1350950400
24965,3830,5.0,1391990400
24966,3830,5.0,1357344000
24967,3830,5.0,1404259200
15213,3830,4.0,1336435200
24968,3831,5.0,1394323200
24969,3832,5.0,1352764800
24970,3833,1.0,1357603200
24971,3833,1.0,1370908800
24972,3833,4.0,1359417600
24973,3834,5.0,1388707200
24974,3835,3.0,1336953600
24975,3836,5.0,1322870400
24976,3837,5.0,1394668800
24977,3838,5.0,1379289600
24978,3838,5.0,1378944000
24979,3839,5.0,1315094400
24980,3840,5.0,1334793600
24981,3841,4.0,1374019200
24982,3841,5.0,1354579200
24983,3841,5.0,1345334400
24984,3841,4.0,1356134400
24985,3841,5.0,1368057600
24986,3842,3.0,1363478400
24987,3843,3.0,1344556800
24988,3843,5.0,1374451200
24989,3843,4.0,1374105600
24990,3843,3.0,1337126400
24991,3843,4.0,1386720000
24992,3843,2.0,1399766400
24993,3843,3.0,1373500800
24994,3843,4.0,1355097600
24995,3843,2.0,1363737600
24996,3843,3.0,1312502400
24997,3843,4.0,1328400000
24998,3843,2.0,1355875200
24999,3843,3.0,1344816000
25000,3843,4.0,1391212800
25001,3843,3.0,1388016000
25002,3843,5.0,1364601600
25003,3843,5.0,1388275200
25004,3843,1.0,1333670400
25005,3843,5.0,1343001600
25006,3843,5.0,1362441600
25007,3843,3.0,1387324800
25008,3843,3.0,1362960000
25009,3843,3.0,1385856000
25010,3843,2.0,1379030400
25011,3843,1.0,1362355200
8884,3843,5.0,1328918400
25012,3843,2.0,1355961600
25013,3843,1.0,1346371200
25014,3844,4.0,1339286400
25015,3845,5.0,1399334400
25016,3845,5.0,1392940800
25017,3846,3.0,1365638400
25018,3846,5.0,1364860800
25019,3847,5.0,1329523200
25020,3848,5.0,1386633600
25021,3848,3.0,1392854400
25022,3848,5.0,1357344000
25023,3848,5.0,1397174400
25024,3849,5.0,1382918400
25025,3849,5.0,1386806400
25026,3850,4.0,1341014400
25027,3851,5.0,1405036800
25028,3852,5.0,1373587200
25029,3853,1.0,1405728000
25030,3854,5.0,1326844800
25031,3855,5.0,1353974400
25032,3855,5.0,1390262400
14179,3855,5.0,1342137600
25033,3855,5.0,1365292800
25034,3855,5.0,1357603200
25035,3855,5.0,1362268800
25036,3855,4.0,1367798400
6072,3855,4.0,1362355200
25037,3855,5.0,1353369600
25038,3855,5.0,1340841600
14846,3855,5.0,1332720000
25039,3855,5.0,1338076800
25040,3855,5.0,1350172800
25041,3855,5.0,1348790400
25042,3855,4.0,1403913600
25043,3855,5.0,1377388800
25044,3855,4.0,1347494400
5592,3855,5.0,1348272000
25045,3855,5.0,1333411200
5534,3855,1.0,1375142400
25046,3855,5.0,1376524800
25047,3855,5.0,1359331200
25048,3855,3.0,1360713600
9339,3855,4.0,1365033600
25049,3855,5.0,1336521600
25050,3855,4.0,1391990400
25051,3855,5.0,1387238400
5606,3855,3.0,1386374400
25052,3855,1.0,1392422400
13860,3855,2.0,1356825600
25053,3855,5.0,1349222400
25054,3855,4.0,1388361600
25055,3855,5.0,1357776000
5554,3855,5.0,1355097600
25056,3855,5.0,1355270400
14967,3855,4.0,1353110400
25057,3855,3.0,1356393600
25058,3855,5.0,1363478400
5565,3855,5.0,1356480000
25059,3855,5.0,1391212800
25060,3855,4.0,1368835200
25061,3855,1.0,1370131200
20944,3855,5.0,1391385600
25062,3855,3.0,1336003200
15007,3855,3.0,1386115200
5570,3855,5.0,1326585600
15015,3855,5.0,1359763200
15028,3855,5.0,1397433600
25063,3856,5.0,1388275200
25064,3856,5.0,1353369600
25065,3856,5.0,1404691200
25066,3857,5.0,1335225600
25067,3857,1.0,1383609600
25068,3857,5.0,1384300800
15203,3858,2.0,1353283200
25069,3861,5.0,1318550400
25070,3859,4.0,1355443200
25071,3859,3.0,1384905600
25072,3860,5.0,1308268800
25073,3860,4.0,1371254400
25074,3860,5.0,1352505600
25075,3862,5.0,1325721600
25076,3862,2.0,1367798400
25077,3864,5.0,1325721600
25078,3864,4.0,1324857600
25079,3863,5.0,1353196800
25080,3863,1.0,1324339200
25081,3863,1.0,1323388800
25082,3865,5.0,1370995200
25083,3866,3.0,1340064000
25084,3867,4.0,1362441600
25085,3867,5.0,1320278400
25086,3867,5.0,1314057600
25087,3867,5.0,1314489600
25088,3867,3.0,1386288000
25089,3868,3.0,1372809600
25090,3869,1.0,1347408000
25091,3870,1.0,1393459200
25092,3870,1.0,1379289600
25093,3871,5.0,1361318400
6855,3871,4.0,1345766400
25094,3871,5.0,1329523200
25095,3872,2.0,1334793600
25096,3873,4.0,1331856000
25097,3873,5.0,1329523200
25098,3873,3.0,1362009600
25099,3874,4.0,1385251200
25100,3874,5.0,1359849600
25101,3874,5.0,1368748800
25102,3875,5.0,1347062400
25103,3875,5.0,1358035200
25104,3875,5.0,1359849600
25105,3875,5.0,1393891200
25106,3875,1.0,1342483200
25107,3875,5.0,1396396800
25108,3876,5.0,1349913600
25109,3877,5.0,1362700800
25110,3877,5.0,1332374400
25098,3877,3.0,1360972800
25111,3877,1.0,1368144000
25098,3878,1.0,1360972800
25112,3879,3.0,1350000000
25113,3879,3.0,1400544000
25114,3879,5.0,1378166400
25115,3879,4.0,1384560000
25116,3879,5.0,1354579200
25117,3880,5.0,1366156800
25118,3881,5.0,1358812800
25119,3882,5.0,1378339200
25120,3883,2.0,1363910400
25121,3884,4.0,1331769600
25122,3885,3.0,1355097600
25123,3886,4.0,1363219200
25124,3887,3.0,1343347200
25125,3887,4.0,1379376000
25033,3887,5.0,1355788800
25038,3887,5.0,1340841600
14846,3887,5.0,1332720000
25126,3887,5.0,1387324800
25127,3887,5.0,1364774400
25128,3887,5.0,1400112000
5522,3887,5.0,1388275200
25129,3887,5.0,1386892800
25130,3887,5.0,1375228800
25131,3887,4.0,1395187200
5592,3887,5.0,1349481600
25132,3887,3.0,1381190400
25133,3887,1.0,1330646400
25134,3887,2.0,1370908800
10527,3887,5.0,1332115200
25135,3887,5.0,1356220800
14945,3887,5.0,1378771200
25136,3887,2.0,1395273600
20444,3887,3.0,1403913600
25137,3887,4.0,1375142400
25138,3887,5.0,1362787200
23584,3887,2.0,1367366400
25139,3887,1.0,1384128000
20944,3887,5.0,1391385600
15002,3887,5.0,1396137600
25140,3887,2.0,1373241600
25141,3887,5.0,1393804800
25142,3887,5.0,1380844800
5625,3887,3.0,1369785600
25143,3887,5.0,1401408000
25144,3888,5.0,1388620800
25145,3888,5.0,1396224000
25146,3888,4.0,1399334400
25147,3888,5.0,1391299200
25148,3888,5.0,1404691200
25149,3888,4.0,1359936000
25150,3889,1.0,1386547200
25151,3890,4.0,1380758400
25152,3891,1.0,1373068800
25153,3892,4.0,1380672000
24189,3892,5.0,1324684800
25154,3892,5.0,1367193600
25155,3893,5.0,1371081600
25156,3893,2.0,1360108800
25157,3893,5.0,1386720000
24947,3893,5.0,1359676800
25158,3893,5.0,1378857600
25159,3893,5.0,1349913600
25160,3893,1.0,1357689600
25161,3893,5.0,1336953600
24954,3893,5.0,1394150400
25162,3893,4.0,1334102400
25163,3893,5.0,1391731200
25164,3893,5.0,1391817600
25165,3894,5.0,1361491200
25166,3895,5.0,1374364800
25167,3895,5.0,1383696000
25168,3895,5.0,1341792000
25169,3896,5.0,1359936000
25170,3897,4.0,1314057600
25171,3898,2.0,1401580800
25172,3899,5.0,1385942400
25173,3899,5.0,1367798400
25174,3899,5.0,1373414400
25175,3899,4.0,1373328000
25176,3899,5.0,1401321600
25177,3899,5.0,1373932800
25178,3899,5.0,1359763200
25179,3899,5.0,1327708800
25180,3899,5.0,1352073600
25181,3899,5.0,1342483200
25182,3899,5.0,1368316800
25183,3899,5.0,1405036800
25184,3899,5.0,1376956800
25185,3899,5.0,1375660800
25186,3899,5.0,1367971200
25187,3899,5.0,1369008000
25188,3899,5.0,1353283200
25189,3899,5.0,1349654400
25190,3899,5.0,1387670400
25191,3899,5.0,1368835200
25192,3899,5.0,1386633600
25193,3899,5.0,1373846400
25194,3899,4.0,1378339200
25195,3899,5.0,1368576000
25196,3900,5.0,1342051200
25197,3901,5.0,1392940800
25198,3902,5.0,1391644800
25199,3904,5.0,1361145600
25200,3904,5.0,1333929600
25201,3904,5.0,1371513600
25202,3904,4.0,1361836800
25203,3904,5.0,1334620800
25204,3904,5.0,1357776000
25205,3904,5.0,1384819200
25206,3904,4.0,1355961600
25207,3903,5.0,1376438400
25208,3905,5.0,1359676800
25209,3906,5.0,1395792000
25210,3906,3.0,1363910400
25211,3907,2.0,1402185600
25212,3908,5.0,1352764800
25213,3909,5.0,1369958400
25214,3910,5.0,1388102400
25215,3910,5.0,1364169600
25216,3910,5.0,1385856000
25217,3910,5.0,1371081600
25218,3910,4.0,1367712000
25219,3910,5.0,1372723200
25220,3910,5.0,1388620800
19889,3910,5.0,1356739200
12496,3911,5.0,1389312000
25221,3911,5.0,1390435200
8191,3911,1.0,1387670400
25222,3911,4.0,1358121600
25223,3912,5.0,1377907200
25224,3912,5.0,1359244800
25225,3912,5.0,1394755200
25226,3912,5.0,1360972800
25227,3913,5.0,1370563200
25228,3913,1.0,1376352000
25229,3913,5.0,1371340800
25230,3913,5.0,1354665600
25231,3913,5.0,1402963200
25232,3913,4.0,1365292800
25233,3913,4.0,1372032000
25234,3913,5.0,1389398400
25235,3913,4.0,1356566400
25236,3913,5.0,1385856000
25237,3913,1.0,1380240000
25238,3913,1.0,1374537600
25239,3913,5.0,1337731200
25240,3913,1.0,1401408000
25241,3913,4.0,1366329600
25242,3913,1.0,1368662400
25243,3913,5.0,1378684800
25244,3913,5.0,1381017600
25245,3913,5.0,1374624000
25246,3913,5.0,1365292800
25247,3913,5.0,1366848000
25248,3913,2.0,1378080000
25249,3913,5.0,1344902400
25250,3913,5.0,1360800000
25251,3913,1.0,1399680000
25252,3913,5.0,1379289600
25253,3913,4.0,1389830400
25254,3913,1.0,1368662400
25255,3913,2.0,1388966400
25256,3916,2.0,1344470400
25257,3916,1.0,1362096000
25258,3916,1.0,1377129600
25259,3916,5.0,1336435200
25260,3916,1.0,1372118400
25261,3916,1.0,1374624000
25262,3916,5.0,1377993600
25263,3916,1.0,1359072000
25264,3916,5.0,1353024000
25265,3916,2.0,1382140800
25266,3917,5.0,1357776000
25267,3917,5.0,1403740800
25268,3917,1.0,1338940800
25269,3917,2.0,1358294400
25270,3915,5.0,1371168000
25271,3915,5.0,1368489600
25272,3915,5.0,1394496000
25273,3918,1.0,1325721600
25274,3918,4.0,1344211200
25275,3919,5.0,1361232000
25276,3919,5.0,1361491200
12104,3919,5.0,1369526400
25277,3919,4.0,1374537600
25278,3919,3.0,1321488000
25279,3919,5.0,1373846400
25280,3919,2.0,1379894400
25281,3919,5.0,1380240000
25282,3914,5.0,1363564800
25283,3914,4.0,1365033600
25284,3914,4.0,1353283200
25285,3914,5.0,1365724800
6063,3920,5.0,1335916800
25286,3920,5.0,1343088000
25287,3920,5.0,1376092800
15910,3920,5.0,1382918400
25288,3921,5.0,1403136000
25289,3921,5.0,1364860800
25290,3921,5.0,1397174400
25291,3921,5.0,1389484800
25292,3921,5.0,1388016000
25293,3921,5.0,1392681600
25294,3921,5.0,1358899200
25295,3921,5.0,1368489600
25296,3921,5.0,1389139200
7870,3921,5.0,1365638400
25297,3921,5.0,1379462400
25298,3921,5.0,1387670400
25299,3921,4.0,1398643200
25300,3921,5.0,1399680000
25301,3921,5.0,1373932800
25302,3921,1.0,1395878400
25303,3922,5.0,1358467200
25304,3923,5.0,1389225600
25305,3923,5.0,1393891200
25306,3923,4.0,1389052800
25307,3923,4.0,1389830400
25308,3923,5.0,1394496000
25309,3923,3.0,1388448000
25310,3923,2.0,1387238400
25311,3923,4.0,1390348800
25312,3923,5.0,1366156800
25313,3923,1.0,1362614400
25314,3923,1.0,1386633600
25315,3923,5.0,1394064000
25316,3923,1.0,1392422400
25317,3923,5.0,1388793600
25318,3923,5.0,1400976000
25319,3923,5.0,1379030400
25320,3923,3.0,1361404800
25321,3923,3.0,1382400000
25322,3924,5.0,1357516800
25323,3924,5.0,1376956800
25324,3924,5.0,1357171200
25325,3924,5.0,1403654400
25326,3924,5.0,1361836800
25327,3924,5.0,1371945600
25328,3924,5.0,1350432000
25329,3924,5.0,1362182400
25330,3924,5.0,1373587200
25331,3925,5.0,1386460800
2726,3926,5.0,1363305600
25332,3926,5.0,1359676800
25333,3926,5.0,1367280000
25334,3926,5.0,1332028800
25335,3926,5.0,1396656000
25336,3926,5.0,1401148800
25337,3926,5.0,1339286400
25338,3926,5.0,1371772800
25339,3926,5.0,1355356800
25340,3926,5.0,1356739200
25341,3926,4.0,1385078400
25342,3926,5.0,1375833600
25343,3926,5.0,1381363200
25344,3927,4.0,1358812800
25345,3927,5.0,1374019200
25346,3928,5.0,1344297600
15617,3928,3.0,1346457600
25347,3928,5.0,1350345600
25348,3928,4.0,1352592000
25349,3929,5.0,1372982400
25350,3930,5.0,1393891200
25351,3931,5.0,1384646400
25352,3932,4.0,1363305600
25353,3933,5.0,1324425600
25354,3934,5.0,1360713600
25355,3934,5.0,1369785600
25356,3935,5.0,1397606400
25357,3936,1.0,1356220800
25358,3937,5.0,1371600000
25359,3938,1.0,1380240000
25360,3939,5.0,1393113600
25361,3940,5.0,1324771200
25362,3940,4.0,1319241600
25363,3941,1.0,1367798400
25364,3942,5.0,1397001600
25365,3943,1.0,1344816000
25366,3944,1.0,1327968000
21881,3944,1.0,1366848000
25367,3944,2.0,1366588800
25368,3944,5.0,1367020800
25369,3944,4.0,1350864000
25370,3944,5.0,1398124800
25371,3945,5.0,1367798400
25372,3945,5.0,1340841600
25373,3945,5.0,1360713600
25374,3945,5.0,1278374400
25375,3945,5.0,1355184000
25376,3945,3.0,1353196800
25377,3945,1.0,1358640000
25378,3945,5.0,1393977600
25379,3945,5.0,1359676800
25380,3945,5.0,1364688000
25381,3945,4.0,1365984000
25382,3945,5.0,1357344000
25383,3945,5.0,1326672000
25384,3945,5.0,1361491200
25385,3945,5.0,1358726400
25386,3945,5.0,1300406400
25387,3945,2.0,1273449600
25388,3945,5.0,1352246400
25389,3945,3.0,1363651200
25390,3945,4.0,1349481600
25391,3945,5.0,1332979200
25392,3945,5.0,1367280000
25393,3945,3.0,1357603200
25394,3945,5.0,1347926400
25395,3945,5.0,1353801600
25396,3945,5.0,1268870400
25397,3945,5.0,1369526400
25398,3945,5.0,1370217600
25399,3945,4.0,1335052800
25400,3945,5.0,1364083200
25401,3945,5.0,1357344000
25402,3945,5.0,1362873600
25403,3945,5.0,1371686400
25404,3945,4.0,1276646400
25405,3945,5.0,1343779200
25406,3945,5.0,1280361600
25407,3945,5.0,1367452800
25408,3945,5.0,1313452800
25409,3945,5.0,1356393600
25410,3945,1.0,1282608000
25411,3945,5.0,1364601600
2508,3945,5.0,1385683200
25412,3946,1.0,1361750400
25413,3947,5.0,1325980800
25414,3947,5.0,1373241600
25415,3948,3.0,1345852800
25416,3949,5.0,1354579200
25417,3949,5.0,1346889600
25418,3950,5.0,1394496000
25419,3950,5.0,1404950400
25420,3950,5.0,1394236800
25421,3950,3.0,1399248000
25422,3950,4.0,1386892800
25423,3950,5.0,1395273600
25424,3951,1.0,1379635200
25425,3951,5.0,1373846400
25426,3951,3.0,1356912000
25427,3951,5.0,1404086400
25428,3951,5.0,1394409600
25429,3951,2.0,1389830400
25430,3951,5.0,1370390400
25431,3951,4.0,1379548800
25432,3951,5.0,1388102400
25433,3951,5.0,1384819200
25434,3951,5.0,1365552000
25435,3951,5.0,1370390400
25436,3951,5.0,1404259200
25437,3951,4.0,1379030400
25438,3951,5.0,1372118400
25439,3951,5.0,1364256000
25440,3951,4.0,1373068800
25441,3951,5.0,1396569600
25442,3951,5.0,1390262400
25443,3951,5.0,1396656000
25444,3951,5.0,1367452800
25445,3951,5.0,1395532800
25446,3951,4.0,1391558400
25447,3951,5.0,1393804800
25448,3951,5.0,1352160000
25449,3951,3.0,1373932800
25450,3951,5.0,1359763200
25451,3951,5.0,1349654400
25452,3951,5.0,1371427200
25453,3951,3.0,1372982400
25454,3951,3.0,1354665600
25455,3951,5.0,1364256000
25456,3951,5.0,1387843200
25457,3951,5.0,1404432000
25458,3951,3.0,1377648000
25459,3951,4.0,1358467200
25460,3951,4.0,1377561600
25461,3951,5.0,1366588800
25462,3951,5.0,1389916800
25463,3951,5.0,1404259200
25464,3951,5.0,1388448000
25465,3951,5.0,1362528000
25466,3951,5.0,1397952000
25467,3951,5.0,1376956800
25468,3951,4.0,1401926400
25469,3951,1.0,1396051200
25470,3951,5.0,1404777600
25471,3951,5.0,1374278400
25472,3951,5.0,1380067200
25473,3951,5.0,1377216000
25474,3951,1.0,1378512000
25475,3951,5.0,1376438400
25476,3951,3.0,1385251200
25477,3951,5.0,1377907200
25478,3951,5.0,1365897600
25479,3951,3.0,1392249600
25480,3951,5.0,1364774400
25481,3951,3.0,1358208000
25482,3951,5.0,1376438400
25483,3951,5.0,1390003200
25484,3951,5.0,1397260800
25485,3951,2.0,1376956800
25486,3951,5.0,1359158400
25487,3951,5.0,1381536000
25488,3951,5.0,1349568000
25489,3951,4.0,1391817600
25490,3951,5.0,1353628800
25491,3951,4.0,1386374400
25492,3951,5.0,1377043200
25493,3951,3.0,1384473600
25494,3951,5.0,1385683200
25104,3951,5.0,1359849600
25495,3951,2.0,1324512000
25496,3951,5.0,1367280000
25497,3951,5.0,1396828800
25498,3951,5.0,1400112000
25499,3951,5.0,1380412800
25500,3951,5.0,1401753600
25501,3951,5.0,1376784000
25502,3951,5.0,1378512000
25503,3951,5.0,1405209600
25504,3951,5.0,1373328000
25505,3951,5.0,1367107200
25506,3951,3.0,1401408000
25507,3951,4.0,1381536000
25508,3951,5.0,1382572800
25509,3951,5.0,1385078400
25510,3951,5.0,1396224000
25511,3951,5.0,1365897600
25512,3951,5.0,1379894400
25513,3951,5.0,1374883200
25514,3951,5.0,1404432000
25515,3951,5.0,1382486400
25516,3951,5.0,1363824000
25517,3951,5.0,1388620800
25518,3951,5.0,1405123200
25519,3951,4.0,1390953600
25520,3951,5.0,1400371200
25521,3951,4.0,1402876800
25522,3951,3.0,1376006400
25523,3951,5.0,1361491200
25524,3951,4.0,1379462400
25525,3951,5.0,1395878400
25526,3951,5.0,1363219200
25527,3951,5.0,1355443200
25528,3951,5.0,1388707200
25529,3951,4.0,1375920000
25530,3951,5.0,1393718400
25531,3951,1.0,1399161600
25532,3951,5.0,1405036800
25533,3951,5.0,1382400000
25534,3951,5.0,1363478400
25535,3951,5.0,1381881600
25536,3951,5.0,1376870400
25537,3951,5.0,1367625600
25538,3951,5.0,1383523200
18362,3951,5.0,1395532800
25539,3951,4.0,1396396800
25540,3951,5.0,1395014400
25541,3951,5.0,1390780800
25542,3951,2.0,1401580800
25543,3951,4.0,1374451200
25544,3951,5.0,1401840000
25545,3951,4.0,1401321600
25546,3952,5.0,1378771200
25547,3954,4.0,1344556800
25548,3953,5.0,1378080000
25549,3955,5.0,1394323200
25550,3956,3.0,1366156800
14042,3956,4.0,1339891200
25551,3956,5.0,1366848000
25552,3956,5.0,1358294400
25553,3957,5.0,1357171200
16919,3958,4.0,1357689600
25554,3959,5.0,1354492800
25555,3960,4.0,1343260800
25556,3961,4.0,1356566400
25557,3962,2.0,1327968000
25558,3963,5.0,1375920000
25559,3963,5.0,1360195200
25560,3963,5.0,1236470400
25561,3963,5.0,1365984000
7834,3964,5.0,1333497600
25562,3965,5.0,1346803200
25563,3966,5.0,1364428800
25564,3967,4.0,1359331200
25565,3967,5.0,1353801600
25566,3967,5.0,1337558400
25567,3967,5.0,1400198400
25568,3967,5.0,1383782400
25569,3967,5.0,1367366400
25570,3967,5.0,1396828800
25571,3967,5.0,1381363200
25572,3967,5.0,1388016000
25573,3967,5.0,1341014400
25574,3967,5.0,1361404800
25575,3967,5.0,1398038400
25576,3967,5.0,1374192000
25577,3968,2.0,1397606400
25578,3968,4.0,1370304000
25579,3969,4.0,1348444800
25580,3969,5.0,1354492800
25581,3969,4.0,1337817600
25582,3970,5.0,1343260800
25583,3971,3.0,1394928000
25584,3971,5.0,1357257600
25585,3972,5.0,1394496000
25586,3973,4.0,1355529600
25587,3974,1.0,1392336000
25588,3975,1.0,1393286400
25589,3975,2.0,1371686400
25590,3975,5.0,1375574400
19277,3975,5.0,1371340800
25591,3975,4.0,1403481600
25592,3975,1.0,1368748800
25593,3976,3.0,1333152000
25594,3976,4.0,1364601600
25595,3976,3.0,1384905600
25596,3976,5.0,1341273600
25597,3976,5.0,1394582400
25598,3976,3.0,1399248000
25599,3976,2.0,1391990400
25600,3976,3.0,1398643200
25601,3976,5.0,1363046400
25602,3976,5.0,1380844800
25603,3976,4.0,1361145600
25604,3976,1.0,1362441600
25605,3976,3.0,1397865600
25606,3976,5.0,1361059200
25607,3977,5.0,1397779200
25608,3977,1.0,1324339200
25609,3978,5.0,1369008000
25610,3980,5.0,1320624000
25611,3979,3.0,1331337600
25612,3981,5.0,1374537600
25613,3981,5.0,1375228800
25614,3981,5.0,1363824000
25615,3981,5.0,1372982400
25616,3981,4.0,1355788800
25617,3981,5.0,1334793600
25618,3981,5.0,1344297600
21777,3981,5.0,1367280000
25619,3981,5.0,1330041600
8450,3981,5.0,1341619200
25620,3981,5.0,1366502400
25621,3981,4.0,1380585600
25622,3981,1.0,1349654400
25623,3981,5.0,1363910400
25624,3981,5.0,1370822400
25625,3981,5.0,1374796800
25626,3981,5.0,1368576000
21785,3981,5.0,1357344000
25627,3982,4.0,1339977600
25628,3982,2.0,1372377600
25629,3983,5.0,1337126400
25630,3983,4.0,1334534400
25631,3984,4.0,1358035200
25632,3985,5.0,1365638400
25633,3986,5.0,1404691200
25634,3986,5.0,1398297600
25635,3986,5.0,1393372800
2473,3986,5.0,1384387200
25636,3986,5.0,1404950400
25637,3986,5.0,1404000000
25638,3986,5.0,1390953600
25639,3986,5.0,1393113600
25640,3986,5.0,1382832000
25641,3986,5.0,1388448000
25642,3986,5.0,1405296000
25643,3986,5.0,1404864000
25644,3986,5.0,1393027200
16673,3986,5.0,1383004800
25645,3987,5.0,1370390400
25646,3987,3.0,1370822400
25647,3987,5.0,1397606400
25648,3987,3.0,1371513600
25649,3988,5.0,1371945600
25650,3989,2.0,1347321600
25651,3989,5.0,1394496000
25652,3990,5.0,1366848000
25653,3990,4.0,1352332800
25654,3990,3.0,1388707200
25655,3992,3.0,1323561600
25656,3991,1.0,1393459200
25657,3991,5.0,1379030400
11239,3991,5.0,1377388800
25658,3993,5.0,1369612800
25659,3993,4.0,1374019200
25660,3993,1.0,1386892800
25661,3993,5.0,1357516800
25662,3993,3.0,1364428800
25663,3993,4.0,1402963200
25664,3993,3.0,1345248000
25665,3993,3.0,1390867200
25666,3993,2.0,1352160000
25667,3994,5.0,1384732800
25668,3994,3.0,1380499200
25658,3994,5.0,1369612800
25669,3994,4.0,1367280000
25659,3994,4.0,1374019200
25670,3994,4.0,1388880000
25671,3994,5.0,1378252800
25672,3994,3.0,1365292800
25673,3994,1.0,1358121600
25674,3994,4.0,1358985600
25675,3994,3.0,1403049600
25661,3994,5.0,1357516800
25676,3994,4.0,1378512000
25677,3994,4.0,1322179200
25678,3995,2.0,1386115200
25679,3995,5.0,1367971200
25680,3995,5.0,1383004800
25681,3995,5.0,1372377600
25682,3995,1.0,1368835200
25683,3995,4.0,1393113600
25684,3995,3.0,1398643200
25685,3995,5.0,1388880000
67,3996,5.0,1383523200
25686,3997,1.0,1355011200
25687,3998,2.0,1352764800
25688,3998,2.0,1384560000
25689,3998,2.0,1356566400
6736,3999,5.0,1333756800
14042,3999,5.0,1339891200
25690,3999,3.0,1358208000
25691,4000,4.0,1370390400
25692,4001,3.0,1351814400
25693,4002,5.0,1389052800
25694,4003,5.0,1362873600
25695,4003,4.0,1381017600
25696,4003,5.0,1373760000
25697,4003,5.0,1379462400
25698,4003,4.0,1392595200
25699,4003,5.0,1356307200
25700,4003,5.0,1346630400
25701,4004,5.0,1377820800
25702,4005,4.0,1333238400
25703,4005,5.0,1337299200
16240,4006,5.0,1366675200
25704,4006,5.0,1341100800
25705,4006,5.0,1357948800
25706,4006,5.0,1372550400
25707,4006,5.0,1375401600
25708,4006,5.0,1379635200
25709,4006,4.0,1354060800
25710,4006,5.0,1384473600
25711,4006,5.0,1386806400
25712,4006,5.0,1371340800
25713,4006,4.0,1344729600
25714,4006,5.0,1367625600
25715,4006,5.0,1336780800
25716,4006,5.0,1374019200
25717,4006,5.0,1388620800
25718,4006,5.0,1376956800
25719,4006,5.0,1361577600
25720,4006,5.0,1379116800
16710,4006,5.0,1351382400
25721,4006,5.0,1366675200
25722,4006,5.0,1370822400
25723,4006,5.0,1358035200
25724,4006,5.0,1390435200
25725,4006,5.0,1398729600
25726,4006,5.0,1381622400
25727,4006,5.0,1391385600
25728,4006,5.0,1360022400
25729,4006,4.0,1392854400
25730,4006,4.0,1394409600
25731,4006,5.0,1366243200
25732,4006,4.0,1364774400
25733,4006,5.0,1389312000
25734,4006,5.0,1387065600
25735,4006,5.0,1370908800
25736,4006,5.0,1368316800
25737,4006,5.0,1390521600
25738,4006,5.0,1362268800
25739,4006,5.0,1354838400
25740,4006,5.0,1362441600
25741,4006,5.0,1396137600
25742,4006,5.0,1356739200
25743,4006,5.0,1386979200
25744,4006,5.0,1355097600
25745,4006,5.0,1359936000
24250,4006,4.0,1386115200
25746,4006,5.0,1375228800
25747,4006,5.0,1377043200
25748,4006,5.0,1395100800
25749,4006,5.0,1374105600
25750,4006,5.0,1362009600
25751,4006,3.0,1390262400
25752,4006,5.0,1378512000
23960,4006,5.0,1371686400
25753,4006,5.0,1335484800
25754,4006,5.0,1400630400
25755,4006,4.0,1391731200
25756,4006,1.0,1370476800
25757,4006,3.0,1364342400
25758,4007,5.0,1361318400
21525,4008,5.0,1360713600
25759,4009,1.0,1382140800
25760,4009,3.0,1376956800
25761,4010,5.0,1375056000
25762,4010,5.0,1399075200
25763,4010,5.0,1392595200
25764,4010,5.0,1398816000
25765,4010,5.0,1395014400
25766,4010,5.0,1338940800
25767,4010,5.0,1392336000
6076,4011,2.0,1364428800
25768,4011,1.0,1365292800
25769,4012,3.0,1358553600
25770,4012,1.0,1366243200
25771,4013,5.0,1375920000
25772,4014,5.0,1374364800
25773,4015,5.0,1319587200
25774,4016,5.0,1322870400
25775,4017,2.0,1358380800
25776,4018,5.0,1379721600
25777,4018,1.0,1382572800
25778,4018,1.0,1390953600
25779,4019,5.0,1400716800
25780,4020,5.0,1376438400
25781,4021,5.0,1375401600
25782,4022,5.0,1396569600
25783,4022,5.0,1398124800
25784,4022,5.0,1384300800
25785,4024,3.0,1377993600
25786,4034,5.0,1403136000
25787,4034,5.0,1401148800
25788,4026,5.0,1371772800
25789,4028,5.0,1404172800
25790,4028,2.0,1392076800
25791,4025,5.0,1398384000
25792,4033,5.0,1384300800
25793,4033,5.0,1392681600
25794,4033,5.0,1404950400
25795,4033,5.0,1370995200
25796,4023,5.0,1397174400
25797,4023,5.0,1370390400
25798,4023,5.0,1372723200
25799,4023,5.0,1382227200
25800,4023,5.0,1390176000
25801,4023,5.0,1378771200
25802,4023,5.0,1383782400
25803,4023,4.0,1369958400
25804,4023,5.0,1405036800
25805,4023,5.0,1396051200
25806,4032,5.0,1395187200
25807,4032,5.0,1356998400
25808,4029,3.0,1379376000
25809,4029,4.0,1388361600
25810,4030,4.0,1382745600
25811,4030,1.0,1357776000
25812,4030,1.0,1362182400
25813,4027,5.0,1399939200
25814,4031,4.0,1389139200
25815,4035,1.0,1391558400
4015,4036,5.0,1365379200
25816,4036,5.0,1356652800
25817,4037,5.0,1371686400
25818,4037,5.0,1382400000
25819,4037,2.0,1384992000
25820,4037,5.0,1397347200
25821,4037,1.0,1385078400
25822,4037,5.0,1336003200
25823,4037,5.0,1373846400
25824,4037,5.0,1369699200
25825,4037,5.0,1356652800
25826,4037,5.0,1355356800
25827,4037,5.0,1344211200
25828,4037,5.0,1386460800
25829,4037,5.0,1360454400
25830,4037,5.0,1367712000
25831,4037,5.0,1388880000
25832,4037,5.0,1363651200
1716,4037,5.0,1367539200
25833,4037,3.0,1392163200
25834,4037,5.0,1391990400
25835,4038,2.0,1380931200
25836,4039,5.0,1392768000
25837,4039,3.0,1361404800
25836,4040,5.0,1395187200
25838,4040,5.0,1385942400
25839,4041,3.0,1388361600
25840,4046,1.0,1389312000
25841,4046,5.0,1380326400
25842,4042,5.0,1345420800
25843,4042,5.0,1386374400
25844,4042,5.0,1404172800
25845,4042,5.0,1349654400
25841,4045,5.0,1378425600
25846,4045,4.0,1375660800
25843,4045,5.0,1386806400
25845,4045,5.0,1349654400
25847,4060,2.0,1388793600
25848,4060,4.0,1379289600
25849,4060,5.0,1399420800
25850,4060,5.0,1367798400
25851,4060,5.0,1397260800
25852,4060,4.0,1375488000
25853,4060,4.0,1400457600
25854,4060,5.0,1360108800
25855,4060,5.0,1362700800
25841,4043,5.0,1378425600
25843,4043,5.0,1396310400
25856,4050,4.0,1368489600
25857,4050,5.0,1383091200
25858,4056,5.0,1372896000
25859,4044,4.0,1399420800
25846,4044,5.0,1375660800
25860,4053,5.0,1368748800
25861,4054,5.0,1347926400
25862,4048,5.0,1390694400
25863,4047,2.0,1358467200
25862,4052,5.0,1390694400
25864,4055,3.0,1397520000
7742,4049,5.0,1390003200
25865,4057,5.0,1379289600
25866,4059,3.0,1398124800
25867,4059,5.0,1356134400
25868,4059,3.0,1383004800
25869,4059,5.0,1359331200
25870,4059,2.0,1392595200
25871,4059,5.0,1339027200
25872,4059,5.0,1387584000
25873,4051,4.0,1391558400
25874,4051,5.0,1330560000
25875,4051,5.0,1366416000
25876,4051,5.0,1394496000
25877,4051,4.0,1395964800
25878,4058,2.0,1391385600
25879,4061,5.0,1376611200
25880,4062,5.0,1393200000
25881,4062,5.0,1364256000
25882,4062,5.0,1392422400
25883,4062,5.0,1370390400
25884,4063,1.0,1326412800
25885,4064,5.0,1337212800
25886,4065,3.0,1340582400
23247,4065,1.0,1373760000
25887,4066,4.0,1344729600
25888,4067,2.0,1360540800
25889,4068,5.0,1325376000
25890,4069,4.0,1391385600
25891,4070,4.0,1377820800
25892,4070,5.0,1377216000
25893,4070,4.0,1335225600
25894,4071,5.0,1372377600
25895,4072,3.0,1352160000
25896,4073,5.0,1358121600
25897,4074,2.0,1342396800
25898,4074,4.0,1348444800
25899,4074,5.0,1384732800
25900,4074,5.0,1350777600
25901,4074,5.0,1349827200
25902,4074,2.0,1372204800
25903,4074,1.0,1372291200
25904,4075,5.0,1347408000
25905,4076,5.0,1377561600
25906,4076,5.0,1401667200
25907,4077,2.0,1321747200
7641,4078,5.0,1364947200
25908,4078,3.0,1364515200
25909,4078,3.0,1374537600
25910,4078,5.0,1379635200
25911,4079,5.0,1358812800
25912,4080,5.0,1395705600
25913,4080,5.0,1385942400
25914,4080,5.0,1367625600
25915,4080,5.0,1377388800
21858,4080,5.0,1363737600
25916,4080,5.0,1387670400
25917,4080,5.0,1382140800
25918,4080,5.0,1388793600
25919,4080,5.0,1359936000
25920,4080,5.0,1390262400
25921,4080,5.0,1393891200
25922,4080,5.0,1389225600
25923,4080,5.0,1358553600
25924,4081,3.0,1377993600
25925,4081,4.0,1350604800
25926,4081,5.0,1360281600
25927,4081,5.0,1388534400
25928,4081,4.0,1367884800
25929,4081,1.0,1371168000
25930,4081,5.0,1385596800
25931,4081,4.0,1353196800
25932,4081,5.0,1382832000
25933,4081,5.0,1370217600
25934,4081,1.0,1369008000
25935,4082,5.0,1405382400
25936,4082,5.0,1331510400
25937,4082,5.0,1359849600
25938,4083,5.0,1388016000
25939,4084,5.0,1383955200
25940,4084,1.0,1404864000
25941,4084,4.0,1391040000
25942,4085,2.0,1403740800
22197,4085,5.0,1380844800
25943,4085,5.0,1392854400
25944,4085,5.0,1364688000
25945,4085,5.0,1392595200
25946,4085,4.0,1386115200
22219,4085,5.0,1389484800
25947,4085,5.0,1368835200
22222,4085,3.0,1386720000
25948,4085,4.0,1402272000
25949,4085,5.0,1376352000
25950,4086,5.0,1373414400
25951,4087,1.0,1367625600
25952,4088,5.0,1360540800
25953,4089,5.0,1375315200
25954,4090,5.0,1397260800
25955,4091,5.0,1332806400
25956,4092,2.0,1325635200
25957,4093,3.0,1342742400
25958,4094,5.0,1404777600
25959,4094,5.0,1369785600
25960,4094,1.0,1362787200
25961,4094,5.0,1341100800
25962,4094,5.0,1351900800
25963,4094,5.0,1355011200
25964,4094,5.0,1338249600
25965,4095,5.0,1372809600
25966,4096,5.0,1354147200
25967,4096,5.0,1375833600
25968,4097,5.0,1349136000
25969,4097,5.0,1347667200
25970,4097,4.0,1360195200
25971,4097,5.0,1376524800
25972,4097,5.0,1372982400
25973,4097,4.0,1371081600
25974,4097,5.0,1344038400
25975,4097,5.0,1336003200
25976,4097,3.0,1362528000
25977,4097,5.0,1346716800
25978,4097,5.0,1363046400
25979,4097,3.0,1360281600
15716,4097,5.0,1350691200
25980,4097,5.0,1356652800
25981,4097,2.0,1350777600
25982,4097,5.0,1346976000
25983,4097,5.0,1347926400
23752,4097,5.0,1358553600
25984,4097,5.0,1357084800
2246,4097,3.0,1347753600
25985,4097,5.0,1361232000
25986,4097,5.0,1344816000
25987,4097,5.0,1363564800
25988,4097,5.0,1360800000
25989,4097,4.0,1370822400
25990,4097,5.0,1358294400
25991,4097,1.0,1349568000
25992,4097,5.0,1365292800
25993,4097,5.0,1342396800
25994,4097,5.0,1358121600
25995,4097,5.0,1357084800
25996,4097,4.0,1350777600
25997,4097,4.0,1338336000
25998,4097,5.0,1359763200
25999,4098,5.0,1388620800
26000,4098,5.0,1378512000
26001,4098,4.0,1361232000
22260,4098,5.0,1381622400
21763,4098,5.0,1372118400
19693,4099,2.0,1324425600
26002,4099,5.0,1405036800
26003,4099,4.0,1366070400
26004,4099,2.0,1394668800
26005,4099,4.0,1383350400
26006,4099,2.0,1344211200
26007,4099,2.0,1384905600
26008,4099,5.0,1367712000
26009,4099,5.0,1364256000
7180,4099,5.0,1395705600
26010,4099,5.0,1404950400
26011,4099,4.0,1393977600
26012,4099,2.0,1397779200
26013,4099,2.0,1388534400
26014,4099,4.0,1393718400
26015,4099,4.0,1325548800
26016,4100,3.0,1386806400
26017,4100,5.0,1355097600
26018,4100,1.0,1345420800
3676,4101,5.0,1376092800
26019,4102,1.0,1367625600
26020,4102,3.0,1362528000
26021,4102,1.0,1400889600
26022,4102,5.0,1380326400
26023,4102,3.0,1365120000
26024,4102,5.0,1398816000
26025,4102,1.0,1373587200
26026,4102,1.0,1370736000
26027,4102,3.0,1331424000
26028,4103,5.0,1340323200
26029,4104,3.0,1348099200
26030,4104,4.0,1381622400
26031,4104,3.0,1354579200
26032,4104,1.0,1386547200
26033,4104,5.0,1347580800
26034,4105,1.0,1389052800
26035,4105,5.0,1367020800
26036,4105,1.0,1367884800
26037,4105,4.0,1387756800
26038,4106,5.0,1366848000
26039,4107,4.0,1369526400
26040,4107,5.0,1341792000
26041,4108,4.0,1377820800
26042,4108,2.0,1364860800
26043,4108,5.0,1358553600
26044,4109,4.0,1392249600
5978,4110,3.0,1347667200
26045,4110,3.0,1339804800
26046,4111,2.0,1362614400
26047,4112,5.0,1358121600
26048,4113,3.0,1392163200
26049,4114,3.0,1359590400
26049,4115,2.0,1362787200
26050,4115,3.0,1329004800
26051,4116,1.0,1350432000
26052,4116,5.0,1342569600
26053,4116,1.0,1356220800
26054,4117,5.0,1370908800
26055,4117,5.0,1358035200
26056,4119,5.0,1374969600
26057,4119,5.0,1400457600
26058,4119,5.0,1389830400
26059,4119,5.0,1370044800
26060,4119,4.0,1355875200
1602,4119,2.0,1395878400
26061,4119,5.0,1360540800
26062,4119,5.0,1359936000
26063,4119,1.0,1399766400
26064,4119,3.0,1351123200
26065,4119,5.0,1401321600
26066,4118,5.0,1360627200
26067,4118,5.0,1369353600
26068,4120,3.0,1362614400
26069,4121,5.0,1363651200
26070,4121,1.0,1361923200
26071,4122,4.0,1335312000
22502,4122,5.0,1405209600
26072,4122,4.0,1379203200
26073,4122,5.0,1403222400
26074,4122,1.0,1369958400
26075,4122,3.0,1357171200
26076,4122,5.0,1394928000
26077,4122,3.0,1368921600
26078,4122,5.0,1363824000
26079,4122,5.0,1390867200
26080,4122,4.0,1394582400
26081,4122,1.0,1404777600
26082,4122,5.0,1391731200
26083,4122,1.0,1387152000
26084,4122,4.0,1388880000
26085,4122,4.0,1388102400
26086,4122,5.0,1391644800
26087,4122,1.0,1377475200
26088,4122,5.0,1394064000
26089,4122,2.0,1402531200
26090,4122,5.0,1387238400
26091,4122,5.0,1388534400
26092,4122,4.0,1340323200
26093,4122,1.0,1370131200
26094,4122,5.0,1330473600
26095,4122,5.0,1372204800
26096,4122,5.0,1358553600
26097,4122,3.0,1379116800
26098,4122,4.0,1387670400
26099,4122,3.0,1375315200
26100,4122,5.0,1361836800
26101,4122,1.0,1405036800
26102,4122,2.0,1354147200
26103,4122,3.0,1390780800
26104,4122,5.0,1388534400
26105,4122,5.0,1372032000
26106,4122,5.0,1350259200
26107,4122,1.0,1388016000
26108,4122,3.0,1373846400
26109,4122,1.0,1390435200
13502,4122,5.0,1359676800
26110,4122,5.0,1361750400
26111,4122,4.0,1367971200
26112,4122,5.0,1353715200
26113,4122,4.0,1387324800
26114,4122,1.0,1396483200
26115,4122,1.0,1367798400
26116,4122,4.0,1344556800
26117,4122,5.0,1355184000
26118,4122,5.0,1395100800
26119,4122,5.0,1375920000
26120,4122,4.0,1390435200
26121,4122,3.0,1389052800
23975,4122,5.0,1361059200
26122,4122,5.0,1371513600
26123,4122,2.0,1378166400
26124,4122,5.0,1374451200
26125,4122,5.0,1367625600
26126,4122,5.0,1367020800
26127,4122,3.0,1368057600
26128,4122,5.0,1397692800
26129,4122,1.0,1394496000
26130,4122,5.0,1355184000
26131,4122,5.0,1355961600
26132,4122,3.0,1390435200
26133,4122,4.0,1405036800
26134,4122,1.0,1386892800
26135,4122,1.0,1384732800
26136,4122,3.0,1388707200
26137,4122,1.0,1384560000
26138,4122,2.0,1399420800
26139,4122,2.0,1381795200
26140,4122,3.0,1402185600
26141,4122,5.0,1381795200
26142,4122,4.0,1404950400
26143,4122,5.0,1356652800
26144,4122,3.0,1392681600
26145,4122,4.0,1377129600
26146,4122,5.0,1375056000
26147,4122,1.0,1388448000
26148,4122,2.0,1400889600
26149,4122,4.0,1394150400
26150,4122,4.0,1359331200
26151,4122,5.0,1370390400
26152,4122,1.0,1381363200
26153,4122,5.0,1388016000
26154,4122,5.0,1389398400
26155,4122,5.0,1363132800
26156,4122,5.0,1374796800
26157,4122,2.0,1399507200
26158,4122,4.0,1388102400
26159,4122,4.0,1361750400
26160,4122,5.0,1399593600
26161,4122,5.0,1364515200
26162,4122,4.0,1386633600
26163,4122,5.0,1402876800
26164,4122,5.0,1403222400
26165,4122,5.0,1387584000
26166,4122,4.0,1381968000
26167,4122,5.0,1353715200
26168,4122,5.0,1368489600
26169,4122,5.0,1372204800
26170,4122,4.0,1388448000
26171,4122,5.0,1398988800
26172,4122,4.0,1389916800
26173,4122,5.0,1381363200
26174,4122,5.0,1386201600
26175,4122,5.0,1361232000
26176,4122,5.0,1386028800
26177,4122,3.0,1393804800
26178,4122,3.0,1397779200
26179,4122,5.0,1357344000
26180,4122,5.0,1396137600
26181,4122,2.0,1375401600
26182,4122,4.0,1337558400
26183,4122,3.0,1359417600
26184,4122,5.0,1359590400
26185,4122,5.0,1380844800
26186,4122,4.0,1382140800
26187,4122,5.0,1377993600
26188,4122,5.0,1368144000
26189,4122,5.0,1374624000
26190,4122,5.0,1333756800
26191,4122,3.0,1382140800
26192,4122,4.0,1395360000
26193,4122,1.0,1388620800
26194,4122,1.0,1397174400
26195,4122,2.0,1376438400
26196,4122,4.0,1385078400
26197,4122,4.0,1345593600
26198,4122,3.0,1384387200
26199,4122,2.0,1380326400
26200,4122,5.0,1369872000
26201,4122,2.0,1391472000
26202,4122,5.0,1341792000
26203,4122,3.0,1372982400
26204,4122,5.0,1388188800
26205,4122,5.0,1359331200
26206,4122,4.0,1356566400
26207,4122,5.0,1392940800
26208,4122,1.0,1339891200
26209,4122,5.0,1390694400
26210,4122,5.0,1397692800
26211,4122,5.0,1361923200
26212,4122,4.0,1379980800
26213,4122,5.0,1376179200
26214,4122,4.0,1342742400
26215,4122,3.0,1382918400
26216,4122,1.0,1379635200
26217,4122,5.0,1394409600
26218,4122,5.0,1400025600
26219,4122,5.0,1395878400
26220,4122,1.0,1343779200
26221,4122,4.0,1372464000
26222,4122,4.0,1368662400
26223,4122,1.0,1399939200
26224,4122,4.0,1340236800
26225,4122,3.0,1380672000
26226,4122,4.0,1396396800
26227,4122,1.0,1404864000
26228,4122,5.0,1404777600
26229,4122,1.0,1388016000
26230,4122,1.0,1377216000
26231,4122,5.0,1381708800
26232,4122,5.0,1358985600
26233,4122,5.0,1360886400
26234,4122,3.0,1376352000
26235,4122,1.0,1404000000
26236,4122,4.0,1360713600
26237,4122,5.0,1360972800
26238,4122,4.0,1336867200
26239,4122,3.0,1357516800
26240,4122,3.0,1392854400
26241,4122,2.0,1382918400
26242,4122,2.0,1381622400
26243,4122,3.0,1362441600
26244,4122,4.0,1361923200
26245,4122,3.0,1372809600
1822,4122,5.0,1391385600
26246,4122,5.0,1362096000
26247,4122,5.0,1358035200
26248,4122,5.0,1349827200
26249,4122,5.0,1371945600
26250,4122,5.0,1388534400
26251,4122,5.0,1375315200
26252,4122,5.0,1396224000
26253,4122,5.0,1344384000
26254,4122,5.0,1397692800
26255,4122,5.0,1365120000
26256,4122,5.0,1367452800
26257,4122,5.0,1379635200
26258,4122,5.0,1337472000
26259,4122,4.0,1369440000
26260,4122,4.0,1389398400
26261,4122,1.0,1374710400
26262,4122,4.0,1391385600
26263,4122,5.0,1388880000
26264,4122,5.0,1379289600
26265,4122,3.0,1379030400
26266,4123,5.0,1338854400
26267,4123,1.0,1338940800
26268,4123,5.0,1327622400
26269,4124,5.0,1349481600
26270,4125,5.0,1375142400
26271,4126,5.0,1371168000
26272,4126,5.0,1399593600
26273,4128,5.0,1383350400
26274,4128,3.0,1342396800
6804,4128,5.0,1378598400
26275,4128,5.0,1385164800
26276,4127,4.0,1355184000
26277,4129,4.0,1392249600
26278,4130,5.0,1359676800
26279,4131,5.0,1356825600
26280,4132,5.0,1373241600
26281,4132,2.0,1376265600
26282,4133,5.0,1401148800
26283,4133,5.0,1354579200
26284,4133,5.0,1365724800
26285,4133,5.0,1397520000
26286,4133,5.0,1360972800
26287,4133,5.0,1367539200
26288,4133,5.0,1341273600
26289,4133,5.0,1403136000
26290,4133,5.0,1365811200
26291,4133,5.0,1377216000
26292,4133,4.0,1369440000
26293,4134,5.0,1394323200
26294,4135,5.0,1363564800
26295,4135,3.0,1371254400
26296,4136,1.0,1399766400
26297,4136,5.0,1394928000
26298,4136,5.0,1402617600
26299,4136,5.0,1372291200
26300,4136,3.0,1373760000
26301,4136,5.0,1357948800
26302,4136,5.0,1391040000
26303,4136,5.0,1380758400
26304,4136,4.0,1347235200
26305,4136,5.0,1372291200
26306,4137,5.0,1337472000
26307,4137,5.0,1325203200
26308,4137,4.0,1327104000
26309,4138,3.0,1400284800
26310,4138,3.0,1369180800
10610,4138,5.0,1380153600
26311,4139,5.0,1383177600
26312,4139,5.0,1396310400
26313,4139,1.0,1378771200
26314,4139,5.0,1393804800
26315,4139,5.0,1352505600
26316,4139,5.0,1396224000
26317,4139,3.0,1346284800
26318,4139,5.0,1402012800
26319,4139,1.0,1361664000
26320,4139,5.0,1361491200
26321,4139,5.0,1395705600
26322,4139,5.0,1356480000
26323,4139,1.0,1362009600
26324,4140,5.0,1327190400
26325,4140,5.0,1369958400
26326,4140,5.0,1344124800
26327,4140,5.0,1354320000
26328,4140,2.0,1355875200
26329,4140,5.0,1371081600
26330,4140,5.0,1393891200
26331,4141,5.0,1336608000
26332,4142,1.0,1358380800
26333,4143,1.0,1394409600
26334,4143,3.0,1355011200
26335,4143,5.0,1399248000
24019,4143,4.0,1341360000
26336,4143,5.0,1340064000
26337,4145,4.0,1363392000
26338,4145,5.0,1384732800
26339,4145,5.0,1361491200
26340,4145,5.0,1365552000
26341,4145,5.0,1342224000
26342,4145,5.0,1359849600
26343,4144,5.0,1350345600
26344,4144,4.0,1355184000
26345,4146,5.0,1342310400
26346,4147,4.0,1363824000
24315,4147,4.0,1353456000
24316,4147,4.0,1346112000
18008,4147,1.0,1360972800
26347,4147,5.0,1349222400
26348,4147,5.0,1354924800
26349,4147,1.0,1354924800
26350,4147,2.0,1356825600
26351,4147,2.0,1393113600
26352,4148,5.0,1378425600
26353,4148,5.0,1378425600
26354,4148,5.0,1394236800
26355,4148,1.0,1383177600
26356,4148,5.0,1376006400
26357,4148,5.0,1336089600
26358,4148,3.0,1375142400
26359,4148,5.0,1378598400
17780,4148,5.0,1360972800
4968,4148,4.0,1380672000
26360,4148,1.0,1394841600
26361,4148,5.0,1379635200
26362,4148,5.0,1364256000
26363,4148,3.0,1370390400
26364,4148,5.0,1377216000
26365,4148,5.0,1363824000
26366,4149,1.0,1390867200
26367,4149,5.0,1394582400
26368,4149,5.0,1367539200
26369,4149,3.0,1389744000
26370,4149,1.0,1341273600
26371,4149,1.0,1365120000
26372,4149,4.0,1368230400
26373,4149,3.0,1383177600
26374,4149,5.0,1367712000
26375,4149,1.0,1385683200
26376,4149,1.0,1368057600
26377,4149,1.0,1339200000
26378,4149,5.0,1367625600
26379,4149,3.0,1363219200
26380,4149,3.0,1355616000
26381,4149,3.0,1343088000
26382,4149,1.0,1345507200
26383,4149,5.0,1368403200
26384,4149,3.0,1382745600
26385,4149,1.0,1378598400
26386,4149,1.0,1328227200
26387,4149,1.0,1404950400
26388,4149,1.0,1368230400
26389,4149,5.0,1368057600
26390,4149,5.0,1345248000
26391,4149,5.0,1368489600
26392,4149,2.0,1399075200
26393,4149,4.0,1331856000
26394,4149,5.0,1338508800
26395,4149,1.0,1326758400
26396,4149,2.0,1327881600
26397,4151,5.0,1404864000
26398,4150,5.0,1332892800
26399,4150,5.0,1387497600
26400,4150,5.0,1366329600
26401,4152,5.0,1389571200
26402,4153,5.0,1405382400
26403,4153,5.0,1394755200
26404,4153,1.0,1358467200
26405,4153,5.0,1377302400
26406,4153,1.0,1372204800
26407,4153,5.0,1402185600
26408,4153,5.0,1354147200
26409,4153,1.0,1376956800
26410,4153,4.0,1400198400
26411,4153,3.0,1398988800
26412,4153,5.0,1392768000
26413,4153,5.0,1356307200
26414,4153,3.0,1400803200
26415,4153,5.0,1370736000
26416,4153,3.0,1388620800
26417,4153,5.0,1387843200
26418,4153,5.0,1397952000
26419,4153,5.0,1401753600
26420,4153,1.0,1404950400
26421,4153,3.0,1402963200
26422,4153,5.0,1382745600
26423,4153,5.0,1381708800
26424,4153,3.0,1373846400
26425,4153,5.0,1401667200
26426,4153,4.0,1389225600
26427,4156,5.0,1392940800
26428,4154,4.0,1336780800
3469,4155,5.0,1390003200
26429,4155,5.0,1382486400
26430,4155,4.0,1386374400
26278,4157,5.0,1359676800
26431,4158,4.0,1374796800
26432,4158,2.0,1363478400
26433,4159,2.0,1363737600
26434,4159,3.0,1369958400
26435,4159,5.0,1395360000
26436,4159,3.0,1345161600
26437,4159,5.0,1394236800
26438,4159,5.0,1404777600
26439,4159,5.0,1356652800
26440,4159,5.0,1389916800
26441,4159,5.0,1368230400
26292,4159,5.0,1350604800
26442,4160,3.0,1360972800
26443,4160,3.0,1334793600
26444,4160,1.0,1403913600
26445,4161,5.0,1379030400
26446,4162,5.0,1374537600
26447,4162,4.0,1358294400
26445,4163,5.0,1379030400
26448,4164,5.0,1373500800
26449,4165,4.0,1375747200
26450,4165,5.0,1375315200
26451,4167,5.0,1385683200
26452,4167,5.0,1347148800
26453,4167,4.0,1401062400
26454,4166,1.0,1352073600
26455,4166,1.0,1341273600
26456,4166,1.0,1338768000
26457,4168,5.0,1369785600
26458,4169,5.0,1356393600
26459,4169,5.0,1337904000
26460,4170,5.0,1332720000
26461,4170,1.0,1362441600
26462,4170,5.0,1327449600
26463,4170,5.0,1393545600
26464,4170,1.0,1368576000
26465,4170,3.0,1356134400
26466,4170,5.0,1328745600
26467,4170,4.0,1385942400
26468,4170,1.0,1341187200
26469,4170,5.0,1369008000
26470,4171,1.0,1366675200
26471,4171,5.0,1360022400
26472,4171,4.0,1379203200
26473,4172,5.0,1336435200
26474,4174,5.0,1341273600
26475,4174,1.0,1380672000
26476,4173,5.0,1343952000
26477,4175,5.0,1391904000
26478,4176,3.0,1338249600
26479,4176,5.0,1334188800
26480,4177,5.0,1369785600
26481,4178,3.0,1359244800
26482,4179,5.0,1327881600
26483,4180,5.0,1348876800
26484,4180,5.0,1371600000
26485,4181,5.0,1375056000
26486,4181,5.0,1397779200
26487,4181,5.0,1400284800
10754,4181,5.0,1393027200
26488,4181,5.0,1340841600
26489,4181,5.0,1376352000
26490,4182,4.0,1344211200
26491,4183,5.0,1378598400
26492,4184,1.0,1351555200
26493,4184,5.0,1349913600
26494,4184,5.0,1354233600
26495,4185,5.0,1346284800
26496,4186,4.0,1344211200
26497,4187,4.0,1395446400
26498,4187,3.0,1393977600
26499,4187,3.0,1381276800
26500,4187,5.0,1342483200
26501,4187,5.0,1395014400
26502,4187,5.0,1376784000
26503,4187,3.0,1385942400
26504,4187,5.0,1379376000
26505,4187,1.0,1394496000
26506,4187,5.0,1366243200
26507,4187,3.0,1395360000
26508,4187,5.0,1365724800
26509,4187,5.0,1399507200
26510,4187,5.0,1387497600
26511,4188,3.0,1362614400
26512,4188,5.0,1363046400
26513,4189,4.0,1393977600
26514,4190,2.0,1373414400
26515,4191,5.0,1333065600
26516,4192,5.0,1393977600
26517,4192,5.0,1389484800
26518,4192,3.0,1366675200
26519,4192,5.0,1389312000
26520,4192,5.0,1397347200
26521,4192,5.0,1371254400
26522,4192,5.0,1355097600
26523,4192,5.0,1389225600
26524,4192,5.0,1380672000
26525,4192,5.0,1352160000
26526,4192,5.0,1383868800
26527,4192,5.0,1374883200
26528,4192,5.0,1381363200
26529,4192,5.0,1391904000
26530,4192,5.0,1383696000
26531,4192,3.0,1375056000
26532,4192,5.0,1377734400
26533,4192,5.0,1388275200
26534,4192,5.0,1377907200
26535,4192,5.0,1348012800
26536,4193,4.0,1373068800
26537,4193,1.0,1364428800
26538,4193,4.0,1343433600
26539,4193,2.0,1358208000
26540,4193,1.0,1384732800
26541,4193,2.0,1373587200
26542,4193,5.0,1377648000
26543,4193,5.0,1333411200
26544,4193,1.0,1378425600
26545,4193,4.0,1397433600
26546,4193,5.0,1383177600
26547,4193,5.0,1375747200
26548,4193,2.0,1398556800
26549,4193,1.0,1379462400
26550,4193,4.0,1367020800
26551,4193,1.0,1347494400
26552,4193,4.0,1362960000
26553,4193,5.0,1368403200
26554,4193,4.0,1359763200
26555,4193,3.0,1367193600
26556,4193,3.0,1362355200
26557,4193,2.0,1389916800
26558,4193,1.0,1382313600
26559,4193,5.0,1378944000
26560,4193,4.0,1356825600
26561,4193,3.0,1368489600
26562,4193,3.0,1343347200
26563,4193,4.0,1377475200
26564,4193,1.0,1367107200
26565,4193,3.0,1397520000
26566,4193,1.0,1380672000
26567,4193,5.0,1367452800
26568,4193,2.0,1366588800
26569,4193,4.0,1362009600
26570,4193,1.0,1370563200
26571,4193,1.0,1377561600
26572,4193,5.0,1378684800
26573,4193,2.0,1360540800
26574,4193,1.0,1377216000
26575,4193,4.0,1379116800
26576,4193,5.0,1375401600
26577,4193,5.0,1369699200
26578,4193,2.0,1377302400
26579,4193,4.0,1346457600
26580,4193,3.0,1376265600
26581,4193,2.0,1393372800
26582,4193,4.0,1374278400
26583,4193,4.0,1340409600
26584,4193,1.0,1375056000
26585,4193,5.0,1359417600
26586,4193,5.0,1377043200
26587,4193,1.0,1392595200
26588,4193,1.0,1358899200
26589,4193,2.0,1358294400
26590,4193,3.0,1370476800
26591,4193,4.0,1365724800
26592,4193,5.0,1347235200
26593,4193,1.0,1379980800
26594,4193,4.0,1378425600
26595,4193,2.0,1380499200
26596,4193,4.0,1354320000
26597,4193,5.0,1359158400
26598,4193,1.0,1367280000
26599,4193,1.0,1377820800
26600,4193,5.0,1352160000
26601,4193,2.0,1364860800
26602,4193,1.0,1361836800
26603,4193,3.0,1387152000
26604,4193,5.0,1371340800
26605,4193,1.0,1359676800
26606,4193,5.0,1370131200
26607,4193,1.0,1397088000
26608,4193,5.0,1363996800
26609,4193,4.0,1389052800
26610,4193,3.0,1378166400
26611,4193,2.0,1397347200
26612,4193,3.0,1374364800
26613,4193,3.0,1377907200
26614,4193,3.0,1385078400
26615,4193,1.0,1379116800
26616,4193,1.0,1388016000
26617,4193,5.0,1377129600
26618,4193,5.0,1336521600
26619,4193,1.0,1368144000
26620,4193,5.0,1360713600
26621,4193,1.0,1367193600
26622,4193,3.0,1365206400
26623,4193,5.0,1340928000
26624,4193,1.0,1400716800
26625,4193,5.0,1358553600
26626,4193,2.0,1391644800
26627,4193,4.0,1353456000
26628,4193,4.0,1357948800
26629,4193,5.0,1341100800
26630,4193,1.0,1355529600
26631,4193,2.0,1363478400
26632,4193,3.0,1371340800
26633,4193,5.0,1367884800
26634,4193,4.0,1382659200
26635,4193,4.0,1379116800
26636,4193,5.0,1373068800
26637,4193,5.0,1375833600
26638,4193,5.0,1365724800
26639,4193,1.0,1358380800
26640,4193,1.0,1393718400
26641,4193,1.0,1386633600
26642,4193,4.0,1384473600
26643,4193,2.0,1359417600
26644,4193,4.0,1396310400
26645,4193,5.0,1366588800
26646,4194,5.0,1330473600
26647,4194,5.0,1332201600
26648,4195,5.0,1372896000
26649,4196,5.0,1324425600
26650,4197,5.0,1368662400
26651,4197,5.0,1351814400
26652,4197,5.0,1394064000
26653,4197,2.0,1396396800
26654,4197,5.0,1386460800
26655,4197,5.0,1330646400
26656,4197,3.0,1347321600
26657,4197,5.0,1334966400
26658,4197,5.0,1342656000
26659,4197,5.0,1375142400
26660,4197,1.0,1349481600
26661,4197,5.0,1348272000
26662,4197,4.0,1334016000
26663,4198,5.0,1362441600
26664,4198,5.0,1363910400
26665,4198,5.0,1352160000
26666,4198,5.0,1397347200
26667,4198,4.0,1347753600
16090,4198,5.0,1385337600
26668,4198,5.0,1373673600
26669,4199,5.0,1382832000
26670,4200,1.0,1351900800
26671,4200,5.0,1391385600
26672,4201,5.0,1368230400
26673,4201,5.0,1353542400
26674,4202,3.0,1393718400
26675,4204,5.0,1402012800
26676,4204,5.0,1396137600
26677,4204,5.0,1391126400
26678,4204,5.0,1388448000
26679,4204,4.0,1397174400
26680,4204,5.0,1395792000
26681,4204,4.0,1392249600
26682,4203,3.0,1395100800
26683,4205,5.0,1361923200
26684,4205,5.0,1392595200
26685,4205,4.0,1369180800
26686,4207,3.0,1367539200
26687,4206,5.0,1380672000
26688,4208,5.0,1335830400
26689,4208,5.0,1341705600
7871,4208,2.0,1331596800
26690,4209,4.0,1355702400
26691,4209,5.0,1336262400
26692,4209,5.0,1341360000
26693,4209,5.0,1328745600
26694,4209,3.0,1356998400
26695,4209,3.0,1346889600
26696,4209,2.0,1336953600
26697,4210,5.0,1398470400
26698,4211,5.0,1349654400
26699,4211,5.0,1397865600
26700,4212,5.0,1329782400
26701,4213,5.0,1370822400
26702,4214,5.0,1393113600
26703,4214,5.0,1374192000
26704,4215,5.0,1357948800
26705,4216,3.0,1367539200
26706,4216,2.0,1350518400
26707,4216,5.0,1358899200
26708,4216,3.0,1363824000
26709,4216,2.0,1359504000
26710,4216,3.0,1379030400
26711,4216,1.0,1360972800
26712,4216,3.0,1354924800
26713,4216,1.0,1346112000
26714,4216,2.0,1356652800
26715,4216,1.0,1363392000
26716,4216,5.0,1354492800
26717,4216,4.0,1370476800
26718,4216,4.0,1366416000
26719,4216,5.0,1381795200
26720,4216,4.0,1358985600
26721,4216,4.0,1366156800
26722,4216,5.0,1351641600
26723,4216,3.0,1405296000
26724,4216,5.0,1368489600
26725,4217,1.0,1343174400
26726,4217,4.0,1357257600
26727,4218,5.0,1337731200
26728,4219,5.0,1369094400
26729,4220,5.0,1405296000
26730,4220,3.0,1359676800
26731,4220,5.0,1347321600
26732,4220,2.0,1364169600
26733,4220,5.0,1399161600
26734,4220,2.0,1384473600
26735,4220,5.0,1387152000
26736,4220,5.0,1395100800
26737,4220,4.0,1366675200
26738,4221,1.0,1383523200
26739,4222,5.0,1325894400
26740,4223,5.0,1327363200
26740,4224,5.0,1327363200
26741,4225,5.0,1338249600
26742,4226,5.0,1362700800
26743,4226,5.0,1339200000
26744,4227,5.0,1395100800
26745,4227,5.0,1405296000
26746,4227,5.0,1398816000
26747,4228,5.0,1339718400
26748,4228,5.0,1360972800
26749,4229,5.0,1369008000
26750,4230,2.0,1393027200
26751,4230,5.0,1396483200
26752,4230,1.0,1403222400
1411,4230,5.0,1394323200
26753,4231,5.0,1389225600
26754,4231,5.0,1398729600
26755,4231,4.0,1373846400
26756,4231,2.0,1375401600
26757,4231,1.0,1379635200
26758,4231,5.0,1361491200
26759,4231,5.0,1387670400
26760,4231,5.0,1388880000
26761,4231,4.0,1389052800
26762,4231,5.0,1381276800
26763,4231,5.0,1361318400
26764,4231,4.0,1394928000
26765,4231,3.0,1382313600
26766,4231,5.0,1397174400
26767,4231,5.0,1327017600
26768,4231,3.0,1376179200
26769,4231,5.0,1341619200
26770,4231,5.0,1356652800
26771,4231,5.0,1344470400
26772,4231,5.0,1382313600
26773,4231,5.0,1376352000
26774,4231,5.0,1385596800
26775,4231,3.0,1370217600
2704,4231,5.0,1402272000
26776,4231,5.0,1400889600
26777,4231,5.0,1386892800
26778,4231,5.0,1381536000
26779,4231,4.0,1354665600
26780,4231,5.0,1398297600
26781,4231,5.0,1340582400
26782,4232,4.0,1402358400
26783,4233,5.0,1356220800
26784,4234,4.0,1395705600
26785,4234,5.0,1376092800
26786,4234,5.0,1405123200
26787,4234,4.0,1378512000
26788,4234,5.0,1379116800
26789,4234,5.0,1391904000
26790,4235,5.0,1370304000
26791,4236,5.0,1369785600
26792,4236,3.0,1370217600
26793,4237,5.0,1367971200
26794,4238,5.0,1368576000
26795,4238,5.0,1374019200
26796,4238,5.0,1351814400
26797,4239,5.0,1368921600
26798,4239,5.0,1364601600
26799,4239,5.0,1377216000
26800,4239,2.0,1401148800
26801,4239,5.0,1355875200
26802,4239,5.0,1355097600
26803,4239,5.0,1363046400
26804,4240,5.0,1360022400
26805,4240,5.0,1375660800
26806,4241,2.0,1384214400
26807,4241,4.0,1363824000
26808,4241,1.0,1341964800
26809,4242,3.0,1383004800
26810,4244,5.0,1356825600
26811,4243,5.0,1360022400
26812,4243,5.0,1335139200
26813,4243,5.0,1384300800
26814,4243,5.0,1378166400
26815,4243,5.0,1367712000
26816,4245,5.0,1350259200
26817,4245,5.0,1388966400
26818,4245,5.0,1373155200
26819,4245,4.0,1402444800
26820,4245,1.0,1402185600
26821,4246,2.0,1363478400
26822,4246,4.0,1360454400
6006,4246,5.0,1353024000
26823,4246,5.0,1339459200
26824,4247,5.0,1349568000
26825,4247,2.0,1393804800
26826,4248,5.0,1354752000
26827,4248,5.0,1356307200
26828,4248,5.0,1362787200
26829,4248,3.0,1360368000
26830,4248,5.0,1356480000
26831,4248,5.0,1337472000
26832,4248,5.0,1358553600
26833,4248,5.0,1357948800
26834,4248,4.0,1351987200
26835,4249,5.0,1340323200
26836,4250,1.0,1362441600
26837,4251,5.0,1369785600
26838,4251,5.0,1359244800
26839,4252,5.0,1348444800
26840,4252,5.0,1341273600
26841,4252,5.0,1383091200
26842,4252,3.0,1355184000
26843,4252,5.0,1341273600
26844,4252,3.0,1358985600
26845,4252,5.0,1347235200
26846,4252,5.0,1356825600
26847,4252,4.0,1386633600
26848,4252,5.0,1347840000
26849,4252,5.0,1341273600
26850,4252,1.0,1397347200
26851,4252,5.0,1341360000
26852,4252,5.0,1393027200
26853,4252,5.0,1371168000
26854,4252,5.0,1347235200
26855,4252,5.0,1342224000
26856,4252,5.0,1347321600
26857,4252,3.0,1386633600
26858,4252,5.0,1357862400
26859,4252,5.0,1342137600
26860,4252,5.0,1357689600
26861,4252,5.0,1347321600
26862,4252,5.0,1358985600
26863,4252,5.0,1358726400
26864,4252,4.0,1379548800
26865,4252,5.0,1362182400
26866,4252,5.0,1376438400
26867,4252,5.0,1357776000
26868,4252,4.0,1386115200
26869,4252,5.0,1364083200
26870,4252,1.0,1398297600
26871,4252,5.0,1375315200
26872,4252,5.0,1379548800
26873,4252,5.0,1378425600
26874,4252,5.0,1360713600
26875,4252,5.0,1342915200
26876,4252,4.0,1386115200
26877,4252,5.0,1394236800
26878,4252,5.0,1347321600
26879,4252,3.0,1393718400
26880,4252,5.0,1401667200
26881,4252,4.0,1403568000
26882,4252,5.0,1384646400
26883,4252,5.0,1341619200
26884,4252,5.0,1342051200
26885,4252,5.0,1371686400
26886,4252,5.0,1361577600
26887,4252,5.0,1386633600
26888,4252,5.0,1342915200
26889,4252,4.0,1382572800
26890,4252,5.0,1341273600
26891,4252,4.0,1388188800
26892,4252,4.0,1363392000
26893,4252,5.0,1395100800
26894,4252,5.0,1341532800
26895,4252,5.0,1383782400
26896,4252,1.0,1375401600
26897,4252,5.0,1331424000
26898,4252,5.0,1377648000
26899,4252,5.0,1360022400
26900,4252,5.0,1341273600
26901,4252,3.0,1393891200
26902,4252,5.0,1356393600
26903,4252,5.0,1347926400
26904,4252,5.0,1347321600
26905,4252,5.0,1403049600
26906,4252,5.0,1398470400
26907,4252,3.0,1358121600
26908,4252,5.0,1355443200
26909,4252,3.0,1383782400
26910,4252,5.0,1347840000
26911,4252,5.0,1348012800
26912,4252,4.0,1355702400
26913,4252,5.0,1377043200
26914,4252,5.0,1368921600
26915,4252,3.0,1404691200
26916,4252,5.0,1359504000
26917,4252,5.0,1361836800
26918,4252,5.0,1341014400
26919,4252,5.0,1376697600
26920,4252,4.0,1389657600
26921,4252,5.0,1347408000
26922,4252,5.0,1398988800
26923,4252,5.0,1341705600
26924,4252,5.0,1362614400
26925,4252,5.0,1388793600
26926,4252,5.0,1360281600
26927,4252,4.0,1366848000
26928,4252,3.0,1404432000
26929,4252,5.0,1342310400
26930,4252,5.0,1363996800
26931,4252,5.0,1341619200
26932,4252,3.0,1404691200
26933,4252,3.0,1373500800
26934,4252,5.0,1376265600
26935,4252,5.0,1340150400
26936,4252,5.0,1403568000
26937,4252,5.0,1373673600
26938,4253,5.0,1351814400
26939,4253,5.0,1369094400
26940,4253,4.0,1361923200
26941,4253,5.0,1404172800
26942,4253,5.0,1387411200
26943,4253,5.0,1366070400
26944,4253,1.0,1397001600
26945,4253,5.0,1385164800
26946,4254,5.0,1396224000
26947,4254,2.0,1358294400
26948,4254,2.0,1365465600
26949,4254,1.0,1369180800
26950,4254,5.0,1355184000
26951,4255,2.0,1378166400
26952,4255,1.0,1356134400
26953,4255,1.0,1339977600
26954,4255,4.0,1334534400
26955,4255,2.0,1403913600
26956,4255,2.0,1362441600
26957,4255,4.0,1355702400
26958,4256,2.0,1362096000
20186,4259,5.0,1345075200
26959,4257,3.0,1331596800
26960,4258,5.0,1362528000
26961,4258,5.0,1355788800
26962,4260,4.0,1377993600
26963,4261,1.0,1335398400
26964,4262,5.0,1378512000
26965,4262,5.0,1355702400
26966,4264,5.0,1337299200
26966,4263,2.0,1333584000
26967,4265,3.0,1364169600
26968,4265,5.0,1373587200
26969,4266,5.0,1389225600
26970,4266,5.0,1362614400
26971,4267,5.0,1361836800
26972,4267,5.0,1355961600
26973,4267,3.0,1355270400
26974,4267,5.0,1353024000
26975,4267,4.0,1366243200
26976,4267,5.0,1403568000
26977,4267,5.0,1338249600
26978,4268,1.0,1368489600
26979,4268,5.0,1341187200
26980,4268,2.0,1373155200
26981,4268,3.0,1336867200
8815,4268,5.0,1335657600
26982,4268,3.0,1378166400
26983,4268,5.0,1336262400
26984,4268,5.0,1361750400
26985,4268,5.0,1335052800
26986,4268,5.0,1363564800
26987,4268,5.0,1335657600
26988,4268,5.0,1392249600
26989,4268,5.0,1329955200
26990,4268,5.0,1331510400
26991,4268,2.0,1335484800
26992,4268,4.0,1344556800
26993,4268,2.0,1341100800
26994,4268,4.0,1354320000
26995,4268,2.0,1338681600
26996,4268,5.0,1337299200
26997,4268,1.0,1404691200
26998,4268,5.0,1339632000
26999,4268,4.0,1387497600
27000,4268,4.0,1373673600
27001,4268,5.0,1381276800
27002,4268,3.0,1371254400
27003,4268,5.0,1355529600
27004,4268,5.0,1374105600
27005,4268,5.0,1356998400
27006,4268,4.0,1338508800
27007,4268,2.0,1356307200
27008,4268,5.0,1341360000
27009,4268,3.0,1332892800
27010,4268,5.0,1394064000
27011,4268,1.0,1375920000
27012,4268,1.0,1333324800
27013,4268,3.0,1356134400
27014,4268,3.0,1360713600
27015,4268,5.0,1403913600
27016,4268,5.0,1334188800
27017,4268,4.0,1380758400
27018,4268,5.0,1360800000
27019,4269,5.0,1405987200
27020,4269,5.0,1358812800
27021,4269,5.0,1359504000
27022,4269,1.0,1378771200
27023,4269,5.0,1397174400
27024,4269,5.0,1356652800
10834,4269,5.0,1337472000
27025,4269,5.0,1332979200
27026,4269,5.0,1358553600
27027,4269,4.0,1383782400
27028,4269,1.0,1341878400
27029,4269,1.0,1355097600
26813,4270,5.0,1384300800
27030,4270,2.0,1397260800
27031,4271,5.0,1391472000
27032,4274,5.0,1380758400
27033,4272,1.0,1357257600
27034,4272,1.0,1356912000
27035,4272,4.0,1354838400
27036,4272,5.0,1358640000
27037,4272,1.0,1373932800
27038,4273,3.0,1354320000
27039,4273,3.0,1333065600
27040,4275,5.0,1364601600
27041,4275,5.0,1362182400
27042,4275,3.0,1369699200
27043,4276,5.0,1351900800
27044,4277,1.0,1379116800
27045,4277,5.0,1366329600
27046,4277,5.0,1356652800
27047,4278,5.0,1367798400
27048,4278,1.0,1361232000
27049,4280,5.0,1405900800
27050,4280,5.0,1404432000
27051,4280,4.0,1363046400
27052,4280,5.0,1356912000
27053,4280,5.0,1380672000
27054,4279,5.0,1392940800
27055,4281,1.0,1356480000
27056,4282,2.0,1351209600
27057,4282,1.0,1370131200
27058,4282,4.0,1403395200
27059,4283,5.0,1332979200
27060,4284,1.0,1386028800
27061,4285,5.0,1394064000
27062,4286,5.0,1344470400
27063,4286,5.0,1328486400
27064,4287,5.0,1332288000
27065,4288,5.0,1378425600
27066,4288,5.0,1389052800
27067,4288,1.0,1360368000
27068,4288,5.0,1352937600
27069,4288,5.0,1393459200
27070,4288,5.0,1381190400
27071,4288,4.0,1393891200
27072,4288,5.0,1387238400
27073,4288,5.0,1391558400
27074,4288,5.0,1363046400
12206,4288,5.0,1377043200
27075,4288,5.0,1393891200
27076,4288,5.0,1386892800
27077,4288,5.0,1364774400
27078,4288,5.0,1398556800
27079,4288,5.0,1393286400
27080,4288,5.0,1366502400
27081,4289,5.0,1368835200
22669,4290,5.0,1353456000
27082,4291,5.0,1369785600
27083,4292,5.0,1347753600
27084,4292,5.0,1372809600
27085,4293,5.0,1382400000
27086,4293,5.0,1357171200
27087,4295,4.0,1359072000
27088,4294,4.0,1356220800
27089,4294,4.0,1370304000
27090,4294,5.0,1377993600
27091,4294,4.0,1356566400
27092,4294,4.0,1391817600
27093,4294,5.0,1352592000
27094,4294,5.0,1382313600
27095,4294,4.0,1395100800
27096,4294,5.0,1365465600
27097,4296,5.0,1376784000
27098,4297,5.0,1356220800
27099,4298,5.0,1376179200
27100,4299,5.0,1367625600
27101,4299,5.0,1357603200
27102,4300,4.0,1353974400
27103,4300,5.0,1390435200
27104,4300,5.0,1398816000
27105,4301,2.0,1355011200
27106,4302,1.0,1385769600
27107,4303,5.0,1339286400
27108,4304,4.0,1355270400
27109,4305,2.0,1338249600
27110,4308,5.0,1391385600
27111,4308,5.0,1399420800
27112,4308,4.0,1402876800
27113,4308,5.0,1390435200
27114,4308,4.0,1394409600
27115,4307,4.0,1394323200
27116,4307,5.0,1389657600
27112,4307,5.0,1402876800
27117,4307,4.0,1391558400
27118,4307,5.0,1394064000
27119,4307,5.0,1392076800
27120,4307,5.0,1388620800
27121,4307,5.0,1395878400
27122,4306,4.0,1400457600
27123,4309,5.0,1347148800
27124,4310,1.0,1374796800
27125,4310,2.0,1381708800
27126,4310,3.0,1342137600
27127,4311,5.0,1405900800
27128,4311,5.0,1390348800
27129,4311,3.0,1390003200
27130,4311,5.0,1377302400
27131,4311,4.0,1378425600
27132,4311,2.0,1361491200
27133,4311,4.0,1361750400
27134,4311,5.0,1379548800
27135,4311,3.0,1386633600
27136,4311,5.0,1387670400
22113,4311,5.0,1385510400
27137,4311,5.0,1394323200
27138,4311,5.0,1365465600
27139,4311,5.0,1396742400
27140,4311,4.0,1382486400
27141,4311,5.0,1384214400
27142,4311,2.0,1386288000
27143,4311,3.0,1386806400
27144,4311,5.0,1394323200
27145,4311,5.0,1397692800
27146,4311,1.0,1399680000
27147,4311,3.0,1394150400
27148,4311,5.0,1381276800
27149,4311,1.0,1388016000
27150,4312,1.0,1405468800
27151,4312,4.0,1399161600
27152,4313,5.0,1339632000
27153,4314,5.0,1390953600
27154,4314,4.0,1404518400
27155,4315,1.0,1363219200
27156,4315,1.0,1392076800
27157,4316,4.0,1362528000
27158,4316,5.0,1364860800
27159,4316,4.0,1357430400
27160,4316,5.0,1365984000
27161,4317,3.0,1340582400
27162,4317,1.0,1349481600
27163,4318,4.0,1359936000
27164,4319,5.0,1389571200
27165,4319,5.0,1405296000
27166,4319,4.0,1386547200
27167,4320,5.0,1380844800
27168,4321,1.0,1359244800
27169,4321,3.0,1357689600
27170,4322,2.0,1347667200
27171,4323,5.0,1394323200
27172,4323,3.0,1397520000
27173,4324,5.0,1353196800
27174,4325,5.0,1362268800
27175,4326,5.0,1365120000
27176,4326,5.0,1363824000
27177,4327,5.0,1359244800
27178,4327,4.0,1362873600
27179,4327,5.0,1359676800
27180,4327,5.0,1357516800
27181,4327,5.0,1353801600
27182,4327,5.0,1351209600
27183,4327,5.0,1373760000
27184,4327,5.0,1359504000
27185,4327,5.0,1354492800
27186,4327,5.0,1371772800
27187,4327,5.0,1362960000
27188,4327,4.0,1370822400
27189,4327,5.0,1360368000
27190,4327,3.0,1369353600
27191,4327,4.0,1375401600
25902,4327,1.0,1389312000
27192,4327,1.0,1360886400
27193,4328,4.0,1384646400
20309,4328,1.0,1386115200
27194,4328,5.0,1369008000
27195,4328,5.0,1336435200
27196,4328,5.0,1394668800
27197,4328,3.0,1361750400
27198,4328,1.0,1331251200
27199,4328,5.0,1337472000
27200,4328,5.0,1335744000
27201,4328,5.0,1394409600
27202,4328,1.0,1362268800
27203,4328,5.0,1370044800
27204,4328,5.0,1403740800
27205,4328,5.0,1384905600
27206,4328,5.0,1359590400
27207,4329,3.0,1352419200
10251,4330,3.0,1359504000
27208,4331,2.0,1368403200
27209,4332,3.0,1405123200
27210,4333,2.0,1358380800
27211,4334,5.0,1355961600
27212,4335,5.0,1371340800
27213,4336,5.0,1356739200
27214,4337,5.0,1356480000
27215,4337,5.0,1367193600
27216,4337,5.0,1358985600
27217,4338,4.0,1358208000
27218,4338,2.0,1361491200
27219,4339,5.0,1397520000
27220,4340,5.0,1334448000
27221,4340,5.0,1399593600
27222,4340,5.0,1366243200
27223,4340,5.0,1334448000
27224,4340,5.0,1334448000
27225,4340,4.0,1401321600
27226,4341,5.0,1350864000
27227,4341,3.0,1355875200
27228,4342,4.0,1381536000
27229,4342,5.0,1371427200
27230,4343,1.0,1381881600
27231,4344,5.0,1356652800
27232,4344,5.0,1344124800
27233,4344,5.0,1347753600
27234,4344,5.0,1368835200
27235,4344,5.0,1356566400
27236,4344,5.0,1356393600
27237,4344,5.0,1354406400
27238,4344,4.0,1359504000
27239,4344,5.0,1383091200
27240,4344,5.0,1380931200
27241,4345,5.0,1400716800
27242,4346,5.0,1391731200
27243,4346,1.0,1355184000
27244,4346,5.0,1357689600
27245,4346,3.0,1354060800
27246,4346,5.0,1357776000
27247,4346,3.0,1355443200
27248,4346,5.0,1337644800
27249,4346,4.0,1382227200
9787,4346,3.0,1370044800
27250,4347,3.0,1392336000
27251,4347,5.0,1390262400
27252,4347,5.0,1388620800
27253,4347,5.0,1395446400
27254,4347,5.0,1358899200
27255,4347,4.0,1395187200
27256,4347,2.0,1391817600
27257,4347,1.0,1384905600
27258,4347,5.0,1390867200
27259,4347,2.0,1361232000
27260,4347,4.0,1387152000
27261,4347,3.0,1372204800
27262,4347,5.0,1360108800
27263,4347,2.0,1389139200
27264,4347,5.0,1389744000
27265,4347,4.0,1393545600
27266,4347,3.0,1387497600
27267,4347,3.0,1361059200
27268,4347,4.0,1355616000
27269,4347,5.0,1388620800
27270,4347,3.0,1400457600
27271,4347,3.0,1390867200
27272,4347,5.0,1366156800
27273,4347,5.0,1403049600
27274,4347,5.0,1363651200
27275,4347,1.0,1384819200
6447,4347,4.0,1387411200
27276,4347,1.0,1385424000
27277,4347,4.0,1383350400
27278,4347,5.0,1395014400
27279,4347,3.0,1371600000
27280,4347,5.0,1404518400
27281,4347,4.0,1356739200
27282,4347,1.0,1386892800
27283,4347,2.0,1389312000
27284,4347,4.0,1387411200
27285,4347,5.0,1360368000
27286,4347,4.0,1387238400
27287,4347,4.0,1393459200
27288,4347,5.0,1363651200
27289,4347,5.0,1390867200
27290,4347,5.0,1390435200
27291,4347,5.0,1386201600
27292,4347,2.0,1392681600
27293,4347,5.0,1358899200
27294,4347,4.0,1356739200
27295,4347,5.0,1402531200
27296,4347,5.0,1398816000
27297,4347,2.0,1395532800
27298,4347,3.0,1362873600
27299,4347,4.0,1387152000
27300,4347,5.0,1392681600
27301,4347,2.0,1388448000
27302,4347,5.0,1361404800
27303,4347,4.0,1362441600
27304,4347,5.0,1389657600
27305,4347,5.0,1389830400
27306,4347,5.0,1397433600
27307,4347,5.0,1397606400
27308,4347,5.0,1371772800
27309,4347,5.0,1355702400
27310,4347,5.0,1368662400
27311,4347,5.0,1400198400
27312,4347,5.0,1385078400
27313,4347,3.0,1394668800
27314,4347,5.0,1394409600
27315,4347,3.0,1387238400
27316,4347,2.0,1360022400
27317,4348,4.0,1362873600
27318,4348,5.0,1367539200
27319,4348,3.0,1376956800
27320,4348,5.0,1359331200
27321,4348,3.0,1385510400
27322,4348,4.0,1393718400
27323,4349,4.0,1404345600
17661,4349,4.0,1334361600
27324,4349,5.0,1376006400
27325,4349,5.0,1381017600
27326,4349,1.0,1396051200
27327,4349,1.0,1400544000
27328,4349,5.0,1384128000
27329,4349,4.0,1404950400
27330,4349,5.0,1385856000
27331,4349,3.0,1359504000
27332,4349,5.0,1373068800
27333,4349,2.0,1380672000
27334,4349,1.0,1373673600
27335,4349,3.0,1365724800
27336,4349,5.0,1381968000
27337,4349,5.0,1353888000
27338,4349,5.0,1371513600
27339,4349,4.0,1391817600
27340,4349,4.0,1374969600
27341,4349,5.0,1381276800
27342,4349,4.0,1380758400
27343,4349,5.0,1403136000
27344,4349,4.0,1365120000
5559,4349,5.0,1387756800
27345,4349,5.0,1355184000
27346,4349,4.0,1353369600
27347,4349,5.0,1395446400
27348,4349,3.0,1401667200
27349,4349,4.0,1400284800
27350,4349,2.0,1392681600
27351,4349,5.0,1405296000
27352,4349,4.0,1388016000
27353,4349,5.0,1388102400
27354,4349,4.0,1365638400
27355,4349,5.0,1396310400
27356,4349,5.0,1342915200
27357,4349,5.0,1375056000
27358,4349,5.0,1386028800
27359,4349,5.0,1394755200
27360,4349,2.0,1366934400
27361,4349,2.0,1404691200
27362,4350,4.0,1336435200
27363,4350,5.0,1365638400
25654,4350,5.0,1377734400
27364,4350,5.0,1375056000
27365,4350,3.0,1363046400
27366,4350,4.0,1375228800
27367,4350,1.0,1351641600
27368,4351,3.0,1358553600
27369,4352,5.0,1334275200
27370,4353,3.0,1404691200
27371,4353,5.0,1348963200
27372,4353,1.0,1348876800
27373,4353,5.0,1392249600
27374,4353,1.0,1344384000
27375,4353,2.0,1380326400
27376,4353,2.0,1339804800
27377,4353,1.0,1343001600
27378,4353,1.0,1348617600
27379,4353,1.0,1353628800
27380,4353,5.0,1362355200
27381,4353,5.0,1361318400
27382,4353,3.0,1339891200
27383,4353,5.0,1341100800
27384,4354,5.0,1357084800
27385,4354,5.0,1341360000
27386,4355,5.0,1340496000
27387,4355,5.0,1333584000
27388,4356,3.0,1376784000
27389,4357,4.0,1357948800
27390,4357,4.0,1343347200
27391,4357,5.0,1369353600
27392,4357,5.0,1356480000
27393,4357,5.0,1364515200
27394,4357,5.0,1360627200
27395,4357,5.0,1349654400
27396,4357,5.0,1349136000
27397,4358,4.0,1371427200
27398,4359,5.0,1364860800
27399,4360,5.0,1356825600
27400,4360,4.0,1332547200
27401,4361,3.0,1382140800
27402,4361,5.0,1371168000
27403,4361,5.0,1368144000
27404,4361,5.0,1390521600
27405,4362,5.0,1394755200
25586,4363,3.0,1355529600
27406,4364,1.0,1348963200
27407,4365,4.0,1364601600
27408,4365,3.0,1381363200
27409,4365,4.0,1354406400
27410,4365,5.0,1384041600
27411,4365,5.0,1393372800
27412,4365,5.0,1365206400
27413,4365,5.0,1376352000
27414,4365,5.0,1382486400
27415,4365,4.0,1367971200
27416,4365,5.0,1365292800
27417,4365,5.0,1363132800
27418,4365,5.0,1363478400
27419,4365,5.0,1379548800
27420,4365,5.0,1366243200
27421,4365,5.0,1376265600
27422,4365,5.0,1370822400
27423,4365,5.0,1358899200
27424,4365,5.0,1402358400
27425,4365,5.0,1376697600
27426,4365,5.0,1362960000
4375,4365,5.0,1367280000
27427,4365,4.0,1352332800
27428,4365,5.0,1368748800
27429,4365,5.0,1362787200
27430,4365,4.0,1366156800
27431,4365,5.0,1367193600
27432,4365,5.0,1371945600
27433,4365,5.0,1364774400
27434,4365,5.0,1367366400
27435,4365,3.0,1384905600
27436,4365,5.0,1376784000
27437,4365,5.0,1377820800
27438,4365,3.0,1382659200
27439,4366,5.0,1370044800
27440,4366,3.0,1392336000
27441,4367,3.0,1388534400
27442,4367,3.0,1364428800
27443,4367,3.0,1359072000
27444,4367,4.0,1354838400
27445,4367,4.0,1394668800
27446,4367,4.0,1390867200
27447,4367,4.0,1374451200
27448,4367,5.0,1364601600
27449,4367,1.0,1356739200
27450,4367,5.0,1371772800
27451,4367,3.0,1398729600
27452,4367,5.0,1363132800
27453,4367,1.0,1390003200
27454,4367,4.0,1392595200
27455,4367,3.0,1356048000
27456,4367,3.0,1382918400
27457,4367,5.0,1355184000
27458,4367,2.0,1362355200
27459,4367,4.0,1353283200
27460,4367,5.0,1385769600
27461,4367,3.0,1368662400
27462,4367,4.0,1368835200
24974,4367,4.0,1358294400
27463,4367,1.0,1383609600
27464,4367,4.0,1360022400
27465,4367,5.0,1395964800
27466,4367,3.0,1361491200
27467,4367,5.0,1370995200
27468,4367,3.0,1361404800
27469,4367,5.0,1361404800
27470,4367,3.0,1375833600
27471,4367,4.0,1398038400
27472,4367,2.0,1351123200
27473,4367,1.0,1385942400
27474,4367,3.0,1361577600
27475,4367,1.0,1337299200
27476,4367,1.0,1370304000
27477,4367,1.0,1355875200
27478,4367,5.0,1355702400
27479,4367,3.0,1390176000
27480,4367,5.0,1401926400
27481,4367,1.0,1359331200
27482,4367,2.0,1373068800
27483,4367,5.0,1371168000
25209,4367,5.0,1394668800
27484,4367,5.0,1404864000
3389,4367,5.0,1366329600
27485,4367,4.0,1381622400
27486,4367,5.0,1373068800
27487,4367,5.0,1392940800
27488,4367,3.0,1369958400
27489,4367,5.0,1369094400
27490,4367,4.0,1369094400
27491,4367,5.0,1355875200
27492,4367,5.0,1376352000
27493,4367,5.0,1365379200
27494,4367,5.0,1398643200
27495,4367,5.0,1353196800
27496,4367,2.0,1364169600
27497,4367,5.0,1372723200
27498,4367,5.0,1371254400
27499,4367,5.0,1364860800
27500,4367,1.0,1373932800
27501,4367,5.0,1376784000
27502,4367,5.0,1357516800
15413,4367,2.0,1392508800
27503,4367,5.0,1383004800
27504,4367,5.0,1373760000
27505,4367,5.0,1380844800
27506,4367,4.0,1374451200
27507,4367,4.0,1398297600
27508,4367,5.0,1370822400
27509,4367,3.0,1380412800
27510,4367,3.0,1383868800
27511,4367,3.0,1384387200
27512,4367,1.0,1402272000
27513,4367,5.0,1390608000
27514,4367,1.0,1395014400
27515,4367,2.0,1372636800
27516,4367,5.0,1378598400
26991,4367,2.0,1356825600
27517,4367,4.0,1389139200
27518,4367,2.0,1403222400
27519,4367,5.0,1389484800
27520,4367,5.0,1374019200
27521,4367,1.0,1397174400
27522,4367,1.0,1359158400
27523,4367,1.0,1374537600
27524,4367,5.0,1376265600
27525,4367,1.0,1398816000
27526,4367,5.0,1404950400
27527,4367,2.0,1372464000
27528,4367,5.0,1369872000
27529,4367,2.0,1389312000
27530,4367,1.0,1388707200
27531,4367,5.0,1378425600
27532,4367,1.0,1389398400
27533,4367,3.0,1373328000
27534,4367,1.0,1367798400
27535,4367,5.0,1366243200
27536,4367,5.0,1368921600
27537,4367,4.0,1371600000
27538,4367,1.0,1364515200
27539,4367,2.0,1402099200
19798,4367,4.0,1389916800
27540,4367,3.0,1402704000
27541,4367,5.0,1368144000
27542,4367,2.0,1365897600
27543,4367,4.0,1372896000
27544,4367,1.0,1379376000
27545,4367,2.0,1398038400
27546,4367,3.0,1380931200
22929,4367,5.0,1372204800
27547,4367,2.0,1385510400
27548,4367,2.0,1403136000
27549,4367,1.0,1371513600
27550,4367,5.0,1364515200
27551,4367,4.0,1353196800
27552,4367,5.0,1396483200
27553,4367,5.0,1379376000
27554,4367,5.0,1391644800
27555,4367,5.0,1380585600
27556,4367,1.0,1389139200
27557,4367,1.0,1378944000
27558,4367,2.0,1381881600
27559,4367,5.0,1372982400
27560,4367,5.0,1358812800
27561,4367,5.0,1366416000
27562,4367,5.0,1372550400
27563,4367,5.0,1366761600
27564,4367,5.0,1394236800
27565,4367,5.0,1359331200
27566,4367,5.0,1402444800
27567,4367,5.0,1373241600
27568,4367,5.0,1368748800
27569,4367,5.0,1350345600
27570,4367,2.0,1400976000
21681,4367,5.0,1343606400
27571,4367,4.0,1369440000
27572,4367,5.0,1361232000
24176,4367,4.0,1359331200
27573,4367,5.0,1403222400
27574,4367,4.0,1377907200
27575,4367,4.0,1365465600
27576,4367,5.0,1389571200
27577,4367,5.0,1358899200
27578,4367,5.0,1363651200
27579,4367,4.0,1358380800
9339,4367,5.0,1370736000
27580,4367,5.0,1369440000
27581,4367,1.0,1389484800
27582,4367,1.0,1383436800
27583,4367,1.0,1390953600
27584,4367,1.0,1395532800
27585,4367,1.0,1405296000
27586,4367,4.0,1386547200
27587,4367,5.0,1372723200
27588,4367,2.0,1390262400
27589,4367,3.0,1350345600
27590,4367,5.0,1393718400
27591,4367,5.0,1368748800
27592,4367,4.0,1362787200
27593,4367,4.0,1371513600
27594,4367,5.0,1396656000
27595,4367,5.0,1363651200
27596,4367,4.0,1366761600
27597,4367,5.0,1390608000
27598,4367,5.0,1372291200
27599,4367,2.0,1391558400
27600,4367,3.0,1357257600
27601,4367,5.0,1357603200
27602,4367,4.0,1384473600
27603,4367,5.0,1369353600
27604,4367,1.0,1360713600
27605,4367,2.0,1348012800
27606,4367,5.0,1367971200
27607,4367,5.0,1394928000
27608,4367,5.0,1376611200
27609,4367,5.0,1346889600
27610,4367,4.0,1380931200
27611,4367,5.0,1375056000
27612,4367,5.0,1363824000
27613,4367,3.0,1367625600
27614,4367,5.0,1402704000
27615,4367,4.0,1357430400
27616,4367,2.0,1400630400
27617,4367,4.0,1396224000
27618,4367,5.0,1362528000
27619,4367,5.0,1362787200
27620,4367,2.0,1381968000
27621,4367,1.0,1377734400
27622,4367,5.0,1371081600
27623,4367,3.0,1370390400
27624,4367,5.0,1383436800
27625,4367,1.0,1360800000
27626,4367,1.0,1398297600
27627,4367,5.0,1373414400
8867,4367,3.0,1382659200
27628,4367,1.0,1390867200
27629,4367,5.0,1368835200
27630,4367,5.0,1398384000
27631,4367,3.0,1364688000
27632,4367,5.0,1402099200
27633,4367,1.0,1392163200
27634,4367,5.0,1374883200
27635,4367,5.0,1359504000
27636,4367,4.0,1396051200
27637,4367,5.0,1359331200
27638,4367,4.0,1366848000
27639,4367,5.0,1376784000
27640,4367,1.0,1391299200
1894,4367,5.0,1347494400
27641,4367,5.0,1385942400
27642,4367,5.0,1356393600
27643,4367,1.0,1389830400
27644,4367,4.0,1404864000
27645,4367,5.0,1367712000
27646,4367,1.0,1401753600
27647,4367,2.0,1394409600
27648,4367,1.0,1371686400
27649,4367,5.0,1355702400
27650,4367,5.0,1399939200
27651,4367,4.0,1377043200
27652,4367,1.0,1380412800
27653,4367,5.0,1378512000
27654,4367,2.0,1398556800
27655,4367,5.0,1400198400
27656,4367,5.0,1394668800
27657,4367,4.0,1357948800
27658,4367,1.0,1390780800
27659,4367,5.0,1357603200
27660,4367,2.0,1374019200
27661,4367,1.0,1359072000
27662,4367,2.0,1377388800
27663,4367,5.0,1357344000
27664,4367,2.0,1377388800
27665,4367,4.0,1379721600
27666,4367,5.0,1402012800
27667,4367,1.0,1399075200
27668,4367,1.0,1371340800
27669,4367,5.0,1401321600
27670,4367,3.0,1357862400
27671,4367,5.0,1395273600
27672,4367,5.0,1337644800
27673,4367,3.0,1379894400
27674,4367,5.0,1363651200
27675,4367,4.0,1368662400
27676,4367,4.0,1369958400
27677,4367,5.0,1403913600
27678,4367,5.0,1400371200
27679,4367,5.0,1364169600
27680,4367,3.0,1391731200
27681,4367,4.0,1391385600
27682,4367,4.0,1362873600
27683,4367,4.0,1395360000
27684,4367,5.0,1381968000
27685,4367,5.0,1354147200
27686,4367,2.0,1362787200
27687,4367,2.0,1391472000
27688,4367,1.0,1372291200
27689,4367,5.0,1354060800
27690,4367,1.0,1352073600
27691,4367,4.0,1384819200
27692,4367,5.0,1356739200
27693,4367,2.0,1379376000
27694,4367,5.0,1340928000
27695,4367,5.0,1388275200
27696,4367,5.0,1391904000
27697,4367,1.0,1384819200
27698,4367,4.0,1389398400
27699,4367,5.0,1368489600
27700,4367,4.0,1364515200
27701,4367,5.0,1360195200
27702,4367,1.0,1360281600
27703,4367,5.0,1372723200
12974,4367,1.0,1390176000
27704,4367,5.0,1393718400
27705,4367,5.0,1381017600
27706,4367,2.0,1394841600
27707,4367,5.0,1389052800
27708,4367,1.0,1399161600
9783,4367,5.0,1391817600
27709,4367,4.0,1375574400
27710,4367,5.0,1395100800
27711,4367,4.0,1373587200
27712,4367,5.0,1398816000
12629,4367,5.0,1381449600
27713,4367,5.0,1379030400
27714,4367,5.0,1346371200
27715,4367,5.0,1364169600
23960,4367,1.0,1384819200
27716,4367,1.0,1352592000
27717,4367,2.0,1391299200
27718,4367,3.0,1357257600
27719,4367,1.0,1351814400
27018,4367,2.0,1367280000
27720,4367,5.0,1346371200
27721,4367,5.0,1361318400
27722,4367,1.0,1395532800
27723,4367,5.0,1357516800
27724,4367,3.0,1358208000
27725,4367,5.0,1364515200
27726,4367,2.0,1383264000
27727,4367,5.0,1404259200
27728,4368,4.0,1359676800
27729,4368,5.0,1345852800
27730,4368,5.0,1402876800
27731,4369,5.0,1386979200
27732,4369,1.0,1368403200
27733,4369,5.0,1388275200
27734,4369,5.0,1361836800
27735,4369,4.0,1349481600
27736,4369,5.0,1369785600
27737,4369,2.0,1349049600
27738,4370,4.0,1392681600
27739,4370,5.0,1389657600
27740,4370,4.0,1360454400
27741,4370,2.0,1400198400
27742,4370,3.0,1370131200
27743,4370,5.0,1394064000
27744,4370,4.0,1364774400
27745,4370,1.0,1388620800
27746,4371,5.0,1364774400
27747,4372,5.0,1357689600
27748,4372,5.0,1359849600
27749,4372,5.0,1358208000
27750,4372,5.0,1358553600
27751,4372,1.0,1357516800
27752,4372,4.0,1358467200
27753,4372,5.0,1358640000
27754,4372,5.0,1351296000
27755,4372,4.0,1352419200
27756,4372,4.0,1356134400
27757,4372,1.0,1357603200
27758,4373,5.0,1355356800
27759,4373,1.0,1333843200
27760,4373,1.0,1338508800
27761,4373,5.0,1356739200
27762,4374,3.0,1362268800
27763,4375,1.0,1362960000
27764,4376,5.0,1388793600
27765,4377,1.0,1403481600
27766,4377,5.0,1392163200
27767,4377,4.0,1374883200
27768,4378,5.0,1344211200
27769,4378,1.0,1340928000
27770,4378,5.0,1363737600
27771,4378,5.0,1355961600
16104,4378,5.0,1342656000
27772,4378,5.0,1360800000
27773,4379,5.0,1366761600
27774,4379,1.0,1382140800
27775,4379,3.0,1375488000
27776,4379,5.0,1362787200
27777,4379,3.0,1378771200
25857,4379,2.0,1383091200
27778,4379,5.0,1371772800
19727,4379,1.0,1376352000
5676,4379,4.0,1388880000
27779,4380,4.0,1344124800
25586,4381,3.0,1349049600
27780,4382,5.0,1347062400
27781,4383,3.0,1360886400
27782,4384,5.0,1368489600
27783,4385,5.0,1358121600
27784,4386,5.0,1403654400
27785,4386,5.0,1371340800
27786,4390,2.0,1359676800
27787,4390,3.0,1351814400
27787,4387,3.0,1351814400
27788,4387,3.0,1369699200
27789,4387,3.0,1356739200
27790,4388,5.0,1353110400
27791,4388,5.0,1363737600
27792,4389,4.0,1351382400
27793,4391,1.0,1389657600
27794,4392,5.0,1394582400
27795,4392,5.0,1382313600
27796,4392,5.0,1390089600
27797,4393,1.0,1376438400
27798,4394,5.0,1349740800
21006,4398,5.0,1362700800
27799,4395,3.0,1396742400
27800,4395,5.0,1396915200
27801,4396,5.0,1400457600
22583,4396,5.0,1381795200
27802,4400,5.0,1357862400
27803,4400,5.0,1370390400
27804,4400,5.0,1353974400
27805,4397,5.0,1372982400
27806,4399,5.0,1375488000
27807,4401,5.0,1355011200
27808,4403,4.0,1335571200
27809,4402,2.0,1335139200
27810,4404,5.0,1380585600
27811,4404,5.0,1390003200
27812,4405,5.0,1346112000
27813,4406,5.0,1386028800
27814,4407,2.0,1359331200
27815,4407,3.0,1371513600
27816,4408,5.0,1395705600
27817,4408,2.0,1382400000
27818,4408,5.0,1357084800
27819,4409,4.0,1387152000
27820,4409,5.0,1402185600
23663,4410,4.0,1373068800
27821,4411,3.0,1370390400
27822,4412,5.0,1390348800
27823,4412,5.0,1358121600
27824,4413,5.0,1372636800
27825,4413,5.0,1392768000
27826,4414,5.0,1339027200
27827,4416,1.0,1391731200
27828,4415,5.0,1364947200
27829,4415,3.0,1366502400
27830,4417,5.0,1340496000
27831,4417,1.0,1376524800
27832,4417,3.0,1377216000
27833,4417,4.0,1381968000
27834,4417,1.0,1365465600
27835,4417,1.0,1376438400
27836,4417,5.0,1358985600
27837,4417,2.0,1337040000
27838,4417,5.0,1365120000
27839,4417,1.0,1394064000
27840,4417,3.0,1341187200
27841,4418,4.0,1400889600
27842,4419,5.0,1370995200
27843,4420,5.0,1391040000
27844,4420,4.0,1382659200
27845,4420,5.0,1377734400
27846,4420,5.0,1378425600
27847,4420,5.0,1389484800
27848,4420,5.0,1380844800
27849,4420,5.0,1380326400
27850,4420,5.0,1363564800
27851,4420,5.0,1391558400
27852,4420,5.0,1357862400
27853,4420,5.0,1391040000
27854,4420,5.0,1385251200
27855,4420,5.0,1391212800
27856,4420,5.0,1350259200
27857,4420,5.0,1393718400
27858,4420,5.0,1386201600
27859,4420,5.0,1387238400
27860,4420,5.0,1394755200
27861,4420,5.0,1394668800
27862,4420,4.0,1400630400
27863,4420,4.0,1390435200
27864,4420,5.0,1378080000
27865,4420,5.0,1359504000
27866,4420,5.0,1375920000
27867,4420,5.0,1379289600
27868,4420,5.0,1364428800
27869,4420,4.0,1392768000
27870,4420,2.0,1351555200
27871,4420,5.0,1398038400
27872,4420,5.0,1367625600
27873,4420,5.0,1379462400
27874,4420,5.0,1380067200
27875,4421,1.0,1385683200
27876,4421,1.0,1394668800
27877,4421,2.0,1401494400
27878,4421,3.0,1354406400
27879,4421,4.0,1384128000
27880,4421,4.0,1385856000
27881,4421,2.0,1389139200
27882,4421,3.0,1395187200
27883,4421,5.0,1390262400
27884,4421,5.0,1370822400
13968,4421,3.0,1375401600
27885,4421,3.0,1357171200
27886,4421,1.0,1356480000
27887,4421,5.0,1403481600
27888,4421,2.0,1387670400
27889,4421,2.0,1386720000
27890,4421,2.0,1389398400
27891,4421,4.0,1380931200
6049,4421,4.0,1389398400
27892,4421,1.0,1381708800
27893,4421,2.0,1384041600
27894,4423,5.0,1374019200
27895,4423,1.0,1357171200
27896,4423,5.0,1365897600
27897,4422,5.0,1361232000
27898,4424,5.0,1374883200
27899,4425,1.0,1367020800
27900,4426,5.0,1353888000
27901,4427,5.0,1352764800
27902,4428,5.0,1360627200
27903,4429,5.0,1347148800
27904,4430,1.0,1346889600
27905,4430,2.0,1363132800
27906,4430,5.0,1363824000
27907,4430,5.0,1387756800
27908,4430,5.0,1357948800
21743,4430,5.0,1346371200
27909,4430,5.0,1350518400
27910,4431,5.0,1347494400
27911,4431,2.0,1367625600
27912,4431,1.0,1355702400
27913,4431,4.0,1360108800
27914,4431,3.0,1389398400
27915,4431,2.0,1374105600
27916,4431,2.0,1369008000
27917,4431,5.0,1382918400
27918,4431,4.0,1354579200
27919,4431,4.0,1344038400
27920,4431,1.0,1363046400
27921,4431,1.0,1356220800
27922,4431,5.0,1362096000
27923,4431,1.0,1395792000
27924,4431,4.0,1360195200
27925,4431,3.0,1357084800
27926,4431,5.0,1357862400
27927,4431,4.0,1388016000
27928,4431,4.0,1379894400
27929,4431,5.0,1368748800
27930,4431,4.0,1368403200
27931,4431,5.0,1383696000
27932,4431,5.0,1359849600
27933,4431,5.0,1386806400
27934,4431,5.0,1397779200
27935,4431,4.0,1358035200
27936,4431,4.0,1354838400
27937,4431,2.0,1367798400
27938,4431,2.0,1353196800
19755,4431,5.0,1398729600
27939,4431,3.0,1347148800
27940,4431,4.0,1352073600
27941,4431,5.0,1396915200
27942,4431,1.0,1376179200
27943,4431,3.0,1366675200
27944,4431,1.0,1353715200
27945,4431,1.0,1363392000
27946,4431,2.0,1350604800
27947,4431,5.0,1355097600
27948,4431,5.0,1370131200
27949,4431,5.0,1388188800
27950,4431,4.0,1362614400
27951,4431,4.0,1380672000
27952,4431,1.0,1353024000
27953,4431,3.0,1353196800
27954,4431,3.0,1386806400
27955,4431,5.0,1360627200
27956,4431,5.0,1370476800
27957,4431,3.0,1364947200
27958,4431,3.0,1390262400
27959,4431,4.0,1349308800
13841,4431,5.0,1402963200
27960,4431,3.0,1395619200
27961,4431,5.0,1347753600
27906,4431,3.0,1363824000
27962,4431,5.0,1346976000
10194,4431,1.0,1377388800
27963,4431,2.0,1360540800
27964,4431,1.0,1381190400
27965,4431,3.0,1375056000
27966,4431,4.0,1365379200
27967,4431,2.0,1357689600
27968,4431,3.0,1379635200
27969,4431,1.0,1369699200
27970,4431,2.0,1366502400
27971,4431,3.0,1393200000
27972,4431,5.0,1386806400
27973,4431,3.0,1363132800
27974,4431,5.0,1356652800
27975,4431,5.0,1379980800
27976,4431,1.0,1360368000
27977,4431,5.0,1358208000
27978,4431,3.0,1397001600
27979,4431,4.0,1369267200
27980,4431,4.0,1344902400
27981,4431,3.0,1361404800
27982,4431,5.0,1362441600
27983,4431,5.0,1362528000
27984,4431,5.0,1398384000
27985,4431,5.0,1356566400
27986,4431,1.0,1364083200
27987,4431,3.0,1386374400
27988,4431,1.0,1357603200
27989,4431,5.0,1388620800
27990,4431,2.0,1349568000
27991,4431,4.0,1361577600
27992,4431,1.0,1359331200
27993,4431,3.0,1388016000
27994,4431,5.0,1359676800
27995,4431,5.0,1404604800
21302,4431,3.0,1379980800
27996,4431,3.0,1352851200
27997,4431,3.0,1396310400
27998,4431,5.0,1356739200
27999,4431,2.0,1357776000
28000,4432,5.0,1376438400
28001,4433,2.0,1395964800
28002,4434,3.0,1377216000
28003,4434,5.0,1358726400
28004,4434,5.0,1376956800
28005,4435,5.0,1369267200
28006,4436,5.0,1399852800
28007,4436,5.0,1347840000
28008,4436,5.0,1395273600
28009,4436,4.0,1377302400
28010,4436,5.0,1361145600
28011,4436,5.0,1372204800
28012,4436,5.0,1374364800
28013,4436,5.0,1367625600
28014,4436,1.0,1404777600
28015,4436,5.0,1374019200
28016,4436,4.0,1358121600
28017,4436,5.0,1391126400
28018,4436,5.0,1371513600
28019,4436,4.0,1386374400
28020,4436,5.0,1393804800
28021,4436,1.0,1353888000
28022,4436,5.0,1365379200
28023,4436,4.0,1366848000
28024,4436,5.0,1369785600
28025,4436,5.0,1359849600
28026,4436,4.0,1398124800
28027,4436,5.0,1383436800
28028,4436,5.0,1401062400
28029,4436,5.0,1398643200
28030,4436,5.0,1403481600
28031,4436,5.0,1369440000
28032,4436,5.0,1378598400
28033,4436,3.0,1384992000
28034,4436,5.0,1380758400
28035,4436,4.0,1364860800
28036,4436,5.0,1394841600
28037,4436,5.0,1390521600
28038,4436,5.0,1370736000
28039,4436,5.0,1378080000
28040,4436,5.0,1401408000
28041,4436,5.0,1361750400
28042,4436,5.0,1379376000
28043,4436,4.0,1376438400
28044,4436,5.0,1358467200
28045,4436,3.0,1375833600
28046,4436,5.0,1357948800
28047,4436,2.0,1355184000
28048,4436,5.0,1378857600
28049,4436,3.0,1390608000
28050,4436,5.0,1396310400
28051,4436,5.0,1346716800
28052,4436,4.0,1379030400
28053,4436,5.0,1392940800
28054,4436,5.0,1362960000
28055,4436,4.0,1390608000
28056,4436,5.0,1386720000
28057,4436,4.0,1383782400
28058,4436,5.0,1386201600
28059,4436,1.0,1375747200
28060,4436,5.0,1369526400
28061,4436,5.0,1358380800
28062,4436,2.0,1376611200
17252,4436,5.0,1397260800
28063,4436,5.0,1402272000
28064,4436,5.0,1397260800
28065,4436,5.0,1376956800
28066,4436,5.0,1399939200
28067,4436,5.0,1394064000
28068,4436,5.0,1358726400
28069,4436,2.0,1395014400
28070,4436,5.0,1393632000
28071,4436,5.0,1378684800
28072,4436,5.0,1399852800
28073,4436,5.0,1355011200
28074,4436,5.0,1378598400
28075,4436,5.0,1368662400
28076,4436,4.0,1393977600
28077,4436,5.0,1375401600
28078,4436,5.0,1403395200
28079,4436,5.0,1354492800
28080,4436,5.0,1388016000
28081,4436,5.0,1401926400
28082,4436,5.0,1389398400
28083,4436,4.0,1376611200
28084,4436,5.0,1400889600
28085,4436,5.0,1389225600
28086,4436,5.0,1397347200
28087,4436,5.0,1357257600
28088,4436,5.0,1357430400
28089,4436,5.0,1366329600
28090,4436,5.0,1402012800
28091,4436,5.0,1375228800
28092,4436,3.0,1338508800
28093,4436,5.0,1388275200
28094,4436,5.0,1367107200
28095,4436,5.0,1364601600
28096,4436,5.0,1388448000
28097,4436,5.0,1388793600
28098,4436,2.0,1386806400
28099,4436,3.0,1361491200
28100,4436,5.0,1360713600
28101,4436,5.0,1383955200
28102,4436,5.0,1359590400
28103,4436,1.0,1362700800
28104,4436,5.0,1339891200
28105,4436,5.0,1355011200
28106,4436,1.0,1356307200
28107,4436,5.0,1392508800
28108,4436,5.0,1373846400
28109,4436,5.0,1405209600
21559,4436,5.0,1346544000
28110,4436,5.0,1366243200
28111,4436,5.0,1386633600
28112,4436,5.0,1405123200
28113,4436,5.0,1389225600
28114,4436,4.0,1394841600
28115,4436,5.0,1377648000
28116,4436,5.0,1357430400
28117,4436,5.0,1374364800
28118,4436,5.0,1383955200
28119,4436,5.0,1371340800
28120,4436,5.0,1404259200
28121,4436,5.0,1400716800
28122,4436,3.0,1358208000
28123,4436,5.0,1395446400
28124,4436,5.0,1388966400
28125,4436,5.0,1368230400
28126,4436,5.0,1377907200
28127,4436,4.0,1363651200
28128,4436,4.0,1364169600
28129,4436,5.0,1384646400
28130,4436,5.0,1378598400
19903,4436,5.0,1341273600
28131,4436,5.0,1382659200
28132,4436,4.0,1360108800
28133,4436,5.0,1365120000
28134,4436,5.0,1370131200
28135,4436,5.0,1396051200
28136,4436,3.0,1398297600
26977,4436,5.0,1338249600
28137,4437,5.0,1382054400
28138,4438,5.0,1345420800
28139,4438,5.0,1342137600
28140,4438,5.0,1398124800
28141,4438,5.0,1346284800
28142,4438,5.0,1346284800
28143,4438,5.0,1347753600
28144,4438,5.0,1337126400
28145,4438,5.0,1366329600
28146,4438,3.0,1374105600
28147,4438,4.0,1380240000
28148,4438,5.0,1360022400
11205,4438,5.0,1382400000
28149,4438,5.0,1402963200
28150,4438,2.0,1379116800
28151,4438,5.0,1348963200
28152,4438,5.0,1368144000
28153,4438,5.0,1347321600
28154,4439,5.0,1370995200
28155,4440,5.0,1368057600
28156,4440,2.0,1376870400
28157,4441,2.0,1383696000
28158,4441,5.0,1397952000
28159,4442,5.0,1358294400
28160,4442,1.0,1370649600
28161,4443,4.0,1384646400
28162,4444,5.0,1371945600
28163,4445,3.0,1397433600
28164,4446,5.0,1356393600
28165,4448,5.0,1351900800
28166,4448,5.0,1385856000
10994,4448,4.0,1357430400
28167,4448,5.0,1366588800
14794,4448,5.0,1362873600
28168,4448,5.0,1366502400
28169,4449,5.0,1368403200
28170,4449,5.0,1376438400
28171,4449,4.0,1346112000
28172,4447,5.0,1359244800
28173,4450,5.0,1382832000
28174,4450,5.0,1376956800
28175,4451,5.0,1355011200
28176,4451,5.0,1363651200
28177,4452,5.0,1390608000
28178,4453,4.0,1358985600
28179,4454,5.0,1398643200
28180,4455,5.0,1360281600
28181,4455,5.0,1403049600
28182,4455,5.0,1384300800
27646,4455,4.0,1387152000
28183,4456,5.0,1395532800
28184,4456,5.0,1378598400
28185,4456,3.0,1376265600
28186,4456,5.0,1404259200
28187,4456,5.0,1390435200
28188,4456,5.0,1368057600
28189,4456,5.0,1386028800
28190,4456,5.0,1381104000
28191,4456,5.0,1349222400
28192,4456,1.0,1404086400
28193,4456,5.0,1369267200
28194,4456,4.0,1404518400
28195,4456,5.0,1374537600
28196,4456,5.0,1404259200
28197,4456,5.0,1403913600
28198,4456,5.0,1390262400
28199,4456,4.0,1386979200
28200,4456,5.0,1397779200
28201,4457,5.0,1400544000
28202,4458,5.0,1358726400
28203,4458,5.0,1365379200
28204,4458,2.0,1376265600
28205,4458,4.0,1383868800
28206,4458,3.0,1396051200
28207,4458,5.0,1385510400
28208,4459,5.0,1365638400
28209,4460,4.0,1353283200
28210,4460,2.0,1379980800
28211,4460,5.0,1380844800
28212,4461,5.0,1349568000
28213,4462,5.0,1404518400
28214,4463,3.0,1368144000
28215,4464,5.0,1386806400
28216,4465,4.0,1382572800
28217,4466,5.0,1371859200
28218,4466,5.0,1382227200
28219,4466,5.0,1401580800
28220,4467,5.0,1338249600
28221,4468,5.0,1344384000
28222,4468,5.0,1368144000
28223,4468,5.0,1396483200
28224,4470,1.0,1391299200
28225,4469,5.0,1394064000
28226,4471,4.0,1352937600
28227,4471,3.0,1398902400
28228,4471,5.0,1395619200
28229,4471,5.0,1368662400
28230,4472,5.0,1398643200
12643,4473,5.0,1383436800
28231,4473,5.0,1399507200
28232,4474,4.0,1376265600
28233,4475,5.0,1355356800
28234,4476,5.0,1342742400
28235,4476,5.0,1375056000
28236,4476,5.0,1385683200
28237,4477,3.0,1388707200
28238,4478,5.0,1368144000
28239,4479,5.0,1359676800
28240,4480,1.0,1381363200
28241,4480,1.0,1378684800
28242,4481,5.0,1342828800
28243,4481,5.0,1372550400
28244,4481,5.0,1377734400
28245,4481,3.0,1378512000
28246,4482,5.0,1367884800
28247,4483,5.0,1338508800
28248,4483,2.0,1384646400
28249,4484,5.0,1390953600
28250,4484,5.0,1396310400
28251,4485,1.0,1381104000
28252,4486,5.0,1388707200
28253,4487,3.0,1361145600
28254,4487,4.0,1386201600
28255,4488,3.0,1357603200
28256,4488,5.0,1388534400
28257,4488,5.0,1388534400
28258,4488,5.0,1350259200
28259,4488,4.0,1378080000
28260,4488,5.0,1388966400
28261,4488,1.0,1356307200
28262,4488,3.0,1360713600
28263,4488,5.0,1388534400
28264,4488,5.0,1388793600
28265,4488,5.0,1335744000
28266,4488,5.0,1347408000
28267,4488,5.0,1342742400
28268,4488,4.0,1376870400
28269,4488,5.0,1344124800
28270,4489,4.0,1370736000
28271,4489,5.0,1351036800
28272,4490,5.0,1345334400
28273,4491,3.0,1386374400
28274,4491,5.0,1359158400
28275,4491,2.0,1370649600
28276,4493,4.0,1405814400
28277,4493,5.0,1363046400
28278,4492,5.0,1398729600
28279,4492,5.0,1362441600
28280,4492,5.0,1357603200
28281,4492,5.0,1391040000
28282,4494,5.0,1386460800
28283,4494,5.0,1367798400
28284,4494,5.0,1383868800
28285,4494,5.0,1367193600
28286,4494,4.0,1394496000
28287,4494,4.0,1394236800
28288,4494,4.0,1395273600
28289,4494,5.0,1393545600
28290,4494,5.0,1387238400
28291,4494,5.0,1349740800
28292,4494,5.0,1392595200
28293,4495,5.0,1364256000
28294,4496,5.0,1348358400
28295,4497,1.0,1359849600
28296,4497,5.0,1368662400
28297,4498,5.0,1394582400
28298,4500,5.0,1403481600
28299,4499,5.0,1390780800
28300,4501,5.0,1353110400
28301,4502,5.0,1380412800
28302,4503,5.0,1380758400
28303,4503,5.0,1398902400
28304,4503,5.0,1381881600
28305,4503,2.0,1402185600
28306,4503,4.0,1399680000
28307,4503,5.0,1371427200
28308,4503,5.0,1374105600
28309,4503,3.0,1385942400
5888,4503,5.0,1403222400
28310,4503,5.0,1393977600
28311,4503,2.0,1400716800
28312,4503,5.0,1358812800
28313,4504,1.0,1372204800
28314,4505,3.0,1394409600
28315,4505,5.0,1362873600
28316,4505,5.0,1373587200
28317,4505,1.0,1401494400
28318,4505,3.0,1343520000
28319,4506,5.0,1401235200
28320,4506,5.0,1393545600
28321,4506,5.0,1401408000
28322,4506,5.0,1400025600
28323,4506,5.0,1372464000
28324,4506,5.0,1357171200
28325,4506,3.0,1378080000
28326,4506,5.0,1362960000
28327,4506,5.0,1371686400
28328,4506,4.0,1382832000
28329,4506,5.0,1403481600
28330,4506,4.0,1405036800
28331,4507,5.0,1390694400
28332,4507,5.0,1389052800
28333,4507,5.0,1397001600
28334,4508,3.0,1394755200
28335,4509,5.0,1382054400
28336,4510,1.0,1405900800
28337,4510,4.0,1385078400
24695,4510,3.0,1367712000
28338,4510,4.0,1395100800
28339,4510,1.0,1400544000
28340,4510,3.0,1402444800
28341,4510,3.0,1399766400
28342,4510,4.0,1379462400
28343,4510,2.0,1389916800
28344,4510,3.0,1359072000
28345,4510,5.0,1392336000
28346,4510,5.0,1361750400
28347,4510,3.0,1401840000
28348,4510,1.0,1401235200
28349,4510,5.0,1360972800
28350,4510,5.0,1386892800
28351,4510,4.0,1377734400
28352,4511,5.0,1400630400
28353,4512,3.0,1375920000
28354,4514,5.0,1356998400
28355,4514,5.0,1404259200
28356,4517,5.0,1406073600
28357,4518,4.0,1404864000
28358,4513,1.0,1381017600
28359,4516,5.0,1403049600
28360,4516,5.0,1399507200
28001,4520,4.0,1395964800
28361,4519,5.0,1343347200
28362,4515,3.0,1343260800
28363,4515,3.0,1349568000
28364,4521,3.0,1400716800
28365,4522,5.0,1337904000
28366,4523,5.0,1365724800
28367,4523,1.0,1385856000
28368,4523,5.0,1383609600
28369,4523,1.0,1385769600
28370,4524,4.0,1387152000
28371,4525,5.0,1363564800
28372,4526,5.0,1358812800
28373,4527,5.0,1357689600
28374,4528,5.0,1353456000
5917,4529,2.0,1371168000
28375,4530,2.0,1362614400
28376,4531,1.0,1381708800
28377,4531,4.0,1402876800
28378,4531,1.0,1395619200
28379,4532,5.0,1376265600
28380,4533,5.0,1369440000
28381,4534,5.0,1355788800
28382,4535,5.0,1393200000
28383,4536,2.0,1380240000
28384,4536,4.0,1396569600
28385,4536,4.0,1364342400
28386,4536,4.0,1364428800
28387,4536,4.0,1355961600
23737,4536,4.0,1393027200
28388,4536,4.0,1364774400
28389,4536,5.0,1387929600
28390,4536,2.0,1378944000
28391,4536,5.0,1371168000
28392,4536,4.0,1390089600
28393,4536,5.0,1368144000
28394,4536,3.0,1370217600
17011,4537,5.0,1364601600
28395,4537,5.0,1339027200
28396,4537,5.0,1365552000
28397,4537,5.0,1371081600
28398,4537,3.0,1319760000
28399,4538,5.0,1362355200
28400,4538,5.0,1398211200
28401,4538,4.0,1362182400
28402,4538,5.0,1382227200
28403,4538,5.0,1388016000
28404,4538,5.0,1391904000
28405,4539,5.0,1401667200
28406,4539,5.0,1350000000
28407,4540,5.0,1372636800
28408,4541,4.0,1371513600
28409,4541,5.0,1376179200
28410,4542,5.0,1355875200
28411,4542,4.0,1389484800
28412,4542,5.0,1366675200
28413,4542,3.0,1394409600
28414,4542,5.0,1364774400
28415,4542,4.0,1386979200
28416,4542,1.0,1346371200
28417,4542,5.0,1403654400
6215,4543,5.0,1390348800
28418,4544,5.0,1376784000
28419,4545,5.0,1394236800
28420,4545,5.0,1394668800
28421,4546,5.0,1351641600
28422,4546,5.0,1337644800
28423,4546,4.0,1373328000
25981,4546,1.0,1347408000
28424,4546,4.0,1370908800
28425,4546,5.0,1367452800
28426,4546,5.0,1361491200
28427,4546,5.0,1359504000
28428,4546,3.0,1359849600
28429,4546,5.0,1355270400
28430,4546,1.0,1397001600
28431,4546,5.0,1377820800
28432,4546,1.0,1347062400
28433,4546,1.0,1360713600
28434,4546,4.0,1349654400
28435,4546,5.0,1389139200
28436,4546,4.0,1380067200
28437,4546,1.0,1347667200
28438,4548,5.0,1395532800
28439,4547,5.0,1402185600
28440,4549,4.0,1365206400
28441,4550,4.0,1360108800
28442,4551,5.0,1388534400
28443,4552,5.0,1368662400
28444,4553,5.0,1375660800
28445,4554,5.0,1404518400
28446,4554,5.0,1381363200
28447,4554,5.0,1403827200
28448,4554,5.0,1386115200
28449,4555,5.0,1391990400
28450,4555,5.0,1337126400
28451,4555,1.0,1395532800
28452,4555,2.0,1357257600
5917,4555,1.0,1404086400
28453,4555,5.0,1360108800
28454,4555,5.0,1339372800
28455,4555,5.0,1403136000
28456,4555,5.0,1393545600
28457,4555,1.0,1358208000
28458,4555,1.0,1378339200
28459,4556,5.0,1384473600
28460,4557,1.0,1344902400
28461,4558,5.0,1396569600
28462,4559,5.0,1373587200
28463,4559,4.0,1360022400
28464,4560,2.0,1357344000
28465,4560,5.0,1355184000
28466,4560,4.0,1357948800
26889,4560,2.0,1365638400
28467,4560,5.0,1377216000
28468,4560,1.0,1355875200
28469,4560,1.0,1386460800
28470,4560,1.0,1363046400
28471,4561,5.0,1380672000
28472,4562,5.0,1402185600
28473,4563,5.0,1367366400
28474,4564,5.0,1355011200
28475,4565,3.0,1386374400
28476,4566,5.0,1405555200
28477,4566,5.0,1404259200
28478,4566,5.0,1399420800
28479,4566,5.0,1395964800
28480,4566,5.0,1384905600
28481,4566,4.0,1376265600
28482,4566,5.0,1388275200
28483,4566,5.0,1374969600
28484,4566,3.0,1394841600
28485,4566,5.0,1383350400
28486,4566,5.0,1378598400
28487,4566,4.0,1402444800
28488,4566,5.0,1402012800
28489,4566,5.0,1400025600
28490,4566,5.0,1404691200
28491,4566,5.0,1401753600
28492,4566,5.0,1391472000
28493,4566,2.0,1388966400
28494,4566,2.0,1394150400
28495,4566,5.0,1353283200
28496,4566,5.0,1399852800
28497,4566,5.0,1362096000
28498,4566,5.0,1391126400
28499,4566,3.0,1380931200
28500,4566,5.0,1400025600
28501,4566,5.0,1368057600
28502,4566,5.0,1403136000
28503,4566,5.0,1388707200
28504,4566,5.0,1401235200
28505,4567,5.0,1402617600
28506,4567,5.0,1397260800
28507,4567,3.0,1356912000
28508,4567,5.0,1382227200
28509,4567,5.0,1398729600
28510,4567,5.0,1366070400
28511,4567,4.0,1397347200
28512,4567,5.0,1385164800
28513,4567,5.0,1400630400
28514,4567,4.0,1396396800
28515,4567,5.0,1373328000
28516,4567,5.0,1398038400
28517,4567,5.0,1390780800
28518,4567,3.0,1405036800
28519,4567,1.0,1356739200
28520,4567,4.0,1403136000
28521,4567,4.0,1353283200
28522,4567,5.0,1398729600
28523,4567,5.0,1361750400
28524,4567,5.0,1402531200
28525,4567,5.0,1403568000
28526,4567,4.0,1393545600
28527,4567,5.0,1365897600
28528,4567,4.0,1373673600
28529,4567,4.0,1390521600
28530,4567,5.0,1393977600
28531,4567,5.0,1401926400
28532,4567,5.0,1390521600
28533,4567,4.0,1356480000
28534,4567,5.0,1362096000
28535,4567,5.0,1376956800
28536,4567,5.0,1391817600
28537,4567,5.0,1361923200
28538,4567,5.0,1365638400
28539,4567,5.0,1368662400
28540,4567,5.0,1376092800
28541,4567,5.0,1366416000
28542,4567,3.0,1395100800
28543,4567,5.0,1398297600
28544,4567,5.0,1363824000
28545,4567,3.0,1393286400
28546,4567,5.0,1375747200
28547,4567,5.0,1394582400
28548,4567,5.0,1358380800
28549,4567,5.0,1367452800
28550,4567,5.0,1391558400
28551,4567,5.0,1400889600
28552,4567,5.0,1356825600
28553,4567,3.0,1359590400
28554,4567,1.0,1368403200
28555,4567,4.0,1389744000
28556,4567,5.0,1393632000
14759,4567,5.0,1380672000
28557,4567,3.0,1372982400
28558,4567,5.0,1357948800
28559,4567,5.0,1366588800
28560,4567,3.0,1381968000
28561,4567,5.0,1403136000
28562,4567,5.0,1394841600
28563,4567,5.0,1401840000
16183,4567,4.0,1361232000
28564,4567,4.0,1378252800
28565,4567,5.0,1358035200
28566,4567,5.0,1393977600
28567,4567,5.0,1357344000
28568,4567,5.0,1362096000
28569,4567,2.0,1360627200
28570,4567,5.0,1394928000
24804,4567,5.0,1364256000
28571,4567,5.0,1355961600
28572,4567,5.0,1346630400
28573,4567,4.0,1373932800
28574,4567,3.0,1377129600
28575,4567,5.0,1380067200
28576,4567,5.0,1387756800
28577,4567,5.0,1385510400
28578,4567,5.0,1395187200
28579,4567,5.0,1359417600
28580,4567,4.0,1364947200
28581,4567,5.0,1388707200
25537,4567,5.0,1393545600
28582,4567,4.0,1397347200
28583,4567,5.0,1393545600
28584,4567,5.0,1377302400
28585,4567,5.0,1377820800
28586,4567,4.0,1376697600
28587,4567,5.0,1401062400
28588,4567,4.0,1393372800
28589,4567,4.0,1393459200
28590,4567,5.0,1395619200
28591,4567,5.0,1396915200
28592,4567,1.0,1360800000
28593,4567,3.0,1394928000
28594,4567,5.0,1369785600
28595,4568,5.0,1404950400
3332,4569,5.0,1354752000
28596,4570,5.0,1356393600
28597,4570,1.0,1372204800
28598,4570,3.0,1400544000
28599,4570,4.0,1378771200
28600,4570,2.0,1362182400
28601,4570,2.0,1403136000
28602,4570,4.0,1367452800
28603,4570,4.0,1404777600
28604,4570,4.0,1357257600
28605,4570,5.0,1382659200
28606,4570,5.0,1384732800
28607,4570,5.0,1389398400
28608,4570,1.0,1373328000
28609,4570,5.0,1368316800
28610,4570,5.0,1382572800
28611,4571,5.0,1358640000
28612,4572,4.0,1374278400
28613,4572,5.0,1380153600
28614,4572,5.0,1358208000
28615,4572,5.0,1375228800
28616,4573,5.0,1385424000
28617,4573,5.0,1400284800
28618,4574,4.0,1390089600
28619,4574,5.0,1403740800
28620,4574,4.0,1372032000
28621,4574,5.0,1372723200
28622,4574,5.0,1389484800
28623,4574,5.0,1384819200
28624,4574,5.0,1393372800
28625,4574,4.0,1391817600
28626,4574,5.0,1364515200
28627,4574,5.0,1365206400
28628,4574,5.0,1395792000
28629,4574,5.0,1388448000
28630,4574,5.0,1390176000
28631,4574,3.0,1387929600
28632,4574,5.0,1387238400
28633,4575,2.0,1373846400
14052,4576,5.0,1381276800
28634,4577,5.0,1394236800
28635,4578,5.0,1354233600
28636,4579,5.0,1347148800
28637,4580,5.0,1338422400
28638,4580,5.0,1338854400
28639,4580,5.0,1339286400
28640,4580,1.0,1345248000
28641,4580,1.0,1345334400
28642,4580,5.0,1338854400
28643,4581,1.0,1342915200
28644,4581,5.0,1363046400
28645,4582,3.0,1368489600
28646,4582,5.0,1364688000
28647,4582,4.0,1353024000
28648,4583,5.0,1386115200
28649,4584,1.0,1404950400
28650,4585,5.0,1388016000
28651,4585,5.0,1399766400
28652,4585,5.0,1399334400
28653,4585,5.0,1372982400
28654,4585,5.0,1398297600
28655,4585,5.0,1402358400
4910,4585,5.0,1405123200
28656,4585,5.0,1390435200
28657,4585,5.0,1395014400
28658,4585,5.0,1387756800
28659,4585,3.0,1379894400
28660,4585,4.0,1397692800
28661,4586,1.0,1362441600
28662,4586,1.0,1339804800
28663,4586,5.0,1356048000
28664,4587,5.0,1396137600
28665,4588,4.0,1372982400
28666,4589,2.0,1366934400
28667,4590,5.0,1376265600
28668,4590,5.0,1377648000
28669,4591,5.0,1375488000
28670,4592,4.0,1368576000
28671,4593,3.0,1373241600
28672,4594,2.0,1366416000
28673,4595,5.0,1375401600
28674,4595,4.0,1389312000
28675,4596,4.0,1403913600
28676,4596,3.0,1379116800
28677,4596,5.0,1367798400
28678,4596,2.0,1394409600
28679,4596,5.0,1382400000
28680,4596,5.0,1372636800
28681,4596,1.0,1369958400
28682,4596,4.0,1365897600
28683,4596,5.0,1402272000
28684,4596,5.0,1391472000
28685,4596,4.0,1373760000
28686,4596,1.0,1382918400
28687,4596,1.0,1342656000
28688,4596,5.0,1395619200
28689,4596,4.0,1374537600
28690,4596,3.0,1377993600
28691,4596,5.0,1374796800
28692,4596,5.0,1392249600
28693,4596,5.0,1393200000
28694,4596,5.0,1365292800
28695,4596,3.0,1391212800
4145,4596,2.0,1386547200
28696,4596,3.0,1389052800
28697,4596,5.0,1366243200
28698,4596,5.0,1381449600
28699,4596,5.0,1381017600
28700,4596,1.0,1377129600
28701,4596,5.0,1375833600
28702,4596,5.0,1401926400
28703,4596,5.0,1363478400
28704,4596,5.0,1362441600
28705,4596,5.0,1367971200
11009,4596,3.0,1363737600
28706,4596,5.0,1381276800
28707,4596,1.0,1378080000
28708,4596,2.0,1373328000
28709,4596,4.0,1361491200
28710,4596,2.0,1374019200
28711,4596,4.0,1371254400
28712,4596,5.0,1367884800
28713,4596,5.0,1381968000
28714,4596,2.0,1383004800
28715,4596,1.0,1384560000
28716,4596,1.0,1392076800
28717,4596,4.0,1372204800
28718,4596,5.0,1345593600
28719,4596,1.0,1383609600
28720,4596,3.0,1370563200
28721,4597,5.0,1371427200
28722,4597,5.0,1373760000
28723,4597,5.0,1356739200
28724,4597,4.0,1307232000
28725,4597,5.0,1394582400
28726,4597,4.0,1349740800
28727,4598,4.0,1385424000
28728,4599,1.0,1356393600
28729,4599,3.0,1355011200
28730,4599,2.0,1359158400
28731,4600,1.0,1341878400
28732,4600,5.0,1343433600
28733,4600,4.0,1361577600
28734,4600,5.0,1342483200
28735,4600,4.0,1365552000
28736,4601,5.0,1404950400
28737,4602,5.0,1358035200
28738,4603,5.0,1401840000
28739,4603,5.0,1397088000
28740,4604,3.0,1405296000
28741,4604,5.0,1398902400
28742,4605,1.0,1396742400
28743,4605,1.0,1392508800
28744,4605,1.0,1383868800
28745,4605,5.0,1364515200
28746,4605,2.0,1392595200
28747,4605,5.0,1360281600
28748,4605,3.0,1402185600
28749,4605,5.0,1371254400
28750,4605,5.0,1381795200
28751,4605,1.0,1344902400
28752,4605,5.0,1358985600
28753,4605,1.0,1405209600
28754,4606,2.0,1367798400
28755,4606,5.0,1360368000
28756,4606,5.0,1348272000
28757,4606,3.0,1358899200
28758,4606,1.0,1374019200
28759,4606,5.0,1397001600
28760,4606,2.0,1399334400
28761,4606,3.0,1378684800
28762,4606,3.0,1365379200
28763,4609,5.0,1397174400
28764,4608,5.0,1359676800
28765,4607,5.0,1354233600
28766,4610,5.0,1361232000
28767,4610,5.0,1392940800
28768,4611,5.0,1352678400
28769,4612,5.0,1355702400
28770,4613,4.0,1356652800
28771,4614,3.0,1384300800
28772,4614,2.0,1396742400
28773,4614,4.0,1399248000
28774,4614,5.0,1378771200
28775,4614,4.0,1394323200
28776,4614,5.0,1372118400
28777,4614,5.0,1387497600
28778,4614,5.0,1380153600
28779,4614,5.0,1363564800
28780,4614,5.0,1375142400
28781,4614,1.0,1405209600
28782,4614,5.0,1380499200
28783,4615,3.0,1385942400
28784,4615,5.0,1362873600
28785,4615,2.0,1402099200
28786,4615,5.0,1370908800
28787,4615,4.0,1372896000
28788,4615,5.0,1342569600
28789,4615,1.0,1361232000
28790,4615,1.0,1400371200
28791,4615,4.0,1386115200
28792,4615,4.0,1372291200
28793,4615,5.0,1371945600
28794,4615,5.0,1375574400
28795,4615,1.0,1388793600
28796,4615,5.0,1394496000
28797,4616,4.0,1386633600
28798,4616,5.0,1397260800
28799,4616,5.0,1398816000
28800,4617,5.0,1376524800
28801,4617,5.0,1370908800
28802,4617,5.0,1391040000
28803,4618,4.0,1342742400
28804,4619,4.0,1399680000
28805,4620,3.0,1394582400
28806,4621,5.0,1361145600
28807,4621,5.0,1358380800
28808,4621,4.0,1354838400
28809,4621,5.0,1382313600
28810,4621,2.0,1399507200
28811,4621,2.0,1390348800
6590,4621,3.0,1395100800
18715,4621,1.0,1398816000
28812,4622,5.0,1356393600
28813,4623,5.0,1404172800
28814,4623,5.0,1387324800
28815,4623,5.0,1391990400
28816,4623,5.0,1403568000
28817,4623,5.0,1391904000
28818,4623,5.0,1363824000
28819,4624,2.0,1379548800
28820,4625,5.0,1358380800
28821,4626,5.0,1379462400
28822,4627,1.0,1358208000
28823,4627,5.0,1360454400
28824,4628,2.0,1369267200
28825,4628,5.0,1367193600
28826,4628,1.0,1368057600
28827,4628,5.0,1352592000
28828,4628,3.0,1352764800
28829,4628,3.0,1384128000
28830,4628,5.0,1367107200
28831,4628,3.0,1364428800
28832,4628,3.0,1369526400
28833,4628,5.0,1361491200
28834,4628,5.0,1362009600
28835,4628,3.0,1373673600
28836,4629,4.0,1350086400
28837,4630,4.0,1357516800
28838,4631,1.0,1363219200
28839,4632,3.0,1361750400
28840,4632,2.0,1363910400
28841,4633,2.0,1372723200
28842,4634,5.0,1392163200
25965,4636,3.0,1372809600
25962,4636,3.0,1367625600
28843,4635,4.0,1382486400
28844,4635,2.0,1380499200
28845,4637,5.0,1363305600
28846,4638,5.0,1380240000
28847,4638,5.0,1405209600
28848,4638,5.0,1398470400
28849,4638,5.0,1376697600
28850,4638,4.0,1388793600
16603,4639,5.0,1398038400
28851,4640,3.0,1395619200
28852,4641,3.0,1359331200
28853,4641,3.0,1366848000
28854,4642,3.0,1361059200
28855,4642,2.0,1396137600
28856,4643,5.0,1341100800
28857,4644,5.0,1356048000
28858,4645,5.0,1372982400
28859,4646,3.0,1361577600
28860,4647,5.0,1399248000
28861,4648,2.0,1351555200
28862,4649,5.0,1384646400
28863,4650,5.0,1370217600
18655,4651,5.0,1377820800
28864,4652,4.0,1405123200
28865,4652,5.0,1399334400
28866,4653,5.0,1378598400
28867,4654,5.0,1355097600
28868,4654,3.0,1390176000
28869,4654,5.0,1393632000
28870,4654,5.0,1400889600
28871,4654,5.0,1394582400
28872,4654,4.0,1400716800
28873,4654,1.0,1396224000
28874,4654,5.0,1384300800
28875,4655,5.0,1365811200
28876,4656,5.0,1388620800
28877,4657,5.0,1372464000
25208,4657,5.0,1368316800
28878,4658,5.0,1358985600
28879,4660,4.0,1352073600
28880,4659,4.0,1367798400
28881,4661,4.0,1395964800
28882,4663,1.0,1364860800
28883,4663,1.0,1365120000
28884,4662,3.0,1361664000
28885,4664,5.0,1394668800
28886,4664,5.0,1404000000
28887,4664,5.0,1374710400
28888,4665,4.0,1402704000
28889,4665,5.0,1403308800
28890,4665,5.0,1390953600
28891,4665,5.0,1357344000
28892,4665,5.0,1354579200
28893,4665,5.0,1405123200
28894,4665,5.0,1397606400
28895,4665,5.0,1386892800
28896,4665,4.0,1386028800
28897,4665,5.0,1390003200
28898,4665,5.0,1362873600
28899,4667,3.0,1386806400
28900,4666,1.0,1358035200
28901,4668,5.0,1363132800
28902,4670,2.0,1343174400
28903,4669,1.0,1358726400
28904,4671,5.0,1376870400
28905,4671,3.0,1391472000
28906,4671,5.0,1358035200
28907,4671,5.0,1372291200
28908,4672,5.0,1386028800
28909,4672,5.0,1357516800
28910,4672,4.0,1367020800
28911,4672,5.0,1374883200
28912,4672,5.0,1398384000
28913,4673,5.0,1393891200
28914,4674,4.0,1354492800
28915,4675,1.0,1402358400
28916,4675,5.0,1396656000
28917,4676,5.0,1361750400
28918,4677,1.0,1398211200
28919,4677,3.0,1400889600
28920,4678,1.0,1369612800
28921,4679,5.0,1356652800
28922,4680,5.0,1376352000
28923,4681,5.0,1384214400
15650,4681,5.0,1393891200
28924,4682,3.0,1352592000
28925,4683,5.0,1404432000
28926,4684,4.0,1350345600
28927,4685,4.0,1373068800
28928,4686,3.0,1363132800
28929,4687,4.0,1374537600
28930,4687,5.0,1367539200
28931,4687,2.0,1390953600
28932,4687,4.0,1363219200
28933,4687,5.0,1355270400
28934,4687,5.0,1364947200
28935,4687,5.0,1369440000
28936,4687,1.0,1382227200
28937,4687,5.0,1365724800
28938,4687,1.0,1395705600
28939,4687,5.0,1366243200
28940,4687,2.0,1372809600
28941,4687,2.0,1373068800
28942,4687,3.0,1370649600
28943,4687,1.0,1403136000
28944,4687,3.0,1381363200
28945,4687,5.0,1351728000
28946,4687,2.0,1399420800
28947,4687,5.0,1377561600
28948,4687,2.0,1369267200
28949,4687,4.0,1349827200
28950,4687,2.0,1374710400
28951,4687,2.0,1364601600
28952,4687,3.0,1380412800
28953,4687,1.0,1378339200
28954,4687,2.0,1376524800
28955,4687,5.0,1358294400
28956,4687,4.0,1385769600
28957,4688,5.0,1352851200
28958,4688,3.0,1359936000
28959,4688,2.0,1377561600
28960,4688,5.0,1356566400
28961,4688,1.0,1375660800
28962,4688,5.0,1373414400
28963,4688,3.0,1358035200
28964,4688,5.0,1364688000
28965,4688,3.0,1376092800
18420,4688,1.0,1372982400
28966,4688,1.0,1386547200
28967,4688,5.0,1354060800
11585,4688,4.0,1370822400
28968,4688,4.0,1361836800
17442,4689,5.0,1393545600
28969,4690,3.0,1355097600
28970,4691,5.0,1359158400
28971,4691,5.0,1386979200
28972,4691,5.0,1358380800
28973,4692,4.0,1364774400
19018,4692,3.0,1395187200
28974,4692,5.0,1372550400
28975,4692,3.0,1403222400
28976,4692,5.0,1388793600
28977,4692,4.0,1384992000
28978,4692,5.0,1404691200
28979,4692,5.0,1404691200
2243,4692,5.0,1375401600
28980,4692,5.0,1378684800
28981,4692,4.0,1393804800
28982,4692,4.0,1391299200
28983,4692,2.0,1387411200
28984,4692,5.0,1378598400
28985,4692,5.0,1370044800
28986,4692,5.0,1375660800
8871,4692,5.0,1363132800
28987,4692,5.0,1378512000
28988,4692,5.0,1376956800
28989,4692,5.0,1400371200
28990,4692,1.0,1385856000
28991,4692,4.0,1386806400
28992,4692,5.0,1388016000
28993,4692,4.0,1403222400
28994,4692,5.0,1391212800
28995,4693,4.0,1383004800
28996,4693,5.0,1358640000
28997,4693,2.0,1355011200
28998,4693,5.0,1396224000
28999,4693,5.0,1371340800
29000,4693,5.0,1404518400
29001,4693,5.0,1359763200
29002,4693,5.0,1378080000
29003,4693,5.0,1398470400
29004,4693,5.0,1401321600
29005,4693,2.0,1385769600
29006,4693,5.0,1405123200
29007,4693,5.0,1379462400
29008,4693,5.0,1385251200
29009,4693,5.0,1394323200
29010,4693,5.0,1405296000
29011,4693,5.0,1384560000
29012,4693,5.0,1361232000
29013,4693,5.0,1382313600
29014,4693,1.0,1396569600
29015,4693,5.0,1404691200
29016,4693,3.0,1370217600
29017,4693,1.0,1404777600
29018,4693,5.0,1395964800
29019,4693,5.0,1372464000
29020,4693,4.0,1356739200
29021,4693,5.0,1402185600
29022,4693,5.0,1396137600
29023,4693,5.0,1359590400
29024,4693,5.0,1392681600
29025,4693,5.0,1388620800
29026,4693,5.0,1405209600
29027,4693,5.0,1377993600
29028,4694,4.0,1393459200
29029,4694,4.0,1397260800
29030,4694,5.0,1397433600
29031,4694,5.0,1393545600
29032,4694,4.0,1398038400
29033,4694,3.0,1397260800
29034,4694,3.0,1395878400
29035,4694,5.0,1396915200
29036,4694,4.0,1397088000
29037,4694,5.0,1397174400
29038,4694,4.0,1397347200
29039,4694,3.0,1395360000
29040,4694,4.0,1397520000
29041,4694,4.0,1398124800
29042,4694,4.0,1398211200
29043,4694,4.0,1397088000
29044,4694,3.0,1397347200
29045,4694,4.0,1397520000
29046,4694,4.0,1398297600
29047,4694,5.0,1397088000
29048,4694,5.0,1397692800
29049,4694,4.0,1393200000
29050,4694,5.0,1396483200
29051,4694,5.0,1395878400
29052,4694,3.0,1397088000
29053,4694,5.0,1397174400
29054,4694,5.0,1396828800
29055,4694,4.0,1398124800
29056,4694,5.0,1398124800
29057,4694,4.0,1397001600
29058,4694,4.0,1397088000
29059,4694,4.0,1397779200
29060,4694,4.0,1397001600
29061,4694,5.0,1397692800
29062,4694,4.0,1393459200
29063,4694,4.0,1397606400
29064,4694,5.0,1397692800
29065,4694,5.0,1402876800
29066,4694,4.0,1397088000
29067,4694,5.0,1397347200
29068,4694,3.0,1396224000
29069,4694,4.0,1397520000
29070,4694,3.0,1396742400
29071,4694,5.0,1393632000
29072,4694,5.0,1397347200
29073,4694,4.0,1397088000
29074,4694,5.0,1393545600
29075,4694,4.0,1397520000
29076,4694,3.0,1397260800
29077,4694,4.0,1397088000
29078,4694,4.0,1390176000
29079,4694,4.0,1393632000
29080,4694,4.0,1395964800
29081,4694,4.0,1397433600
29082,4694,5.0,1397088000
29083,4694,4.0,1397001600
29084,4694,5.0,1396915200
29085,4694,5.0,1398729600
29086,4694,4.0,1398124800
29087,4694,4.0,1392422400
29088,4694,3.0,1396483200
29089,4694,4.0,1395964800
29090,4694,4.0,1397952000
29091,4694,5.0,1397088000
29092,4694,5.0,1403136000
29093,4694,4.0,1390435200
29094,4694,5.0,1397347200
29095,4694,3.0,1397174400
29096,4694,2.0,1397001600
29097,4694,5.0,1397088000
29098,4694,5.0,1397088000
29099,4694,4.0,1398124800
29100,4694,4.0,1397001600
29101,4694,4.0,1397692800
29102,4694,4.0,1397001600
17726,4694,5.0,1390608000
29103,4694,4.0,1397174400
29104,4695,5.0,1400544000
29105,4695,5.0,1392681600
29106,4696,5.0,1359849600
29107,4697,5.0,1353715200
29108,4698,5.0,1358812800
29109,4698,5.0,1390435200
29110,4698,5.0,1378425600
29111,4698,5.0,1400803200
29112,4699,5.0,1376352000
28876,4700,2.0,1388620800
29113,4701,5.0,1393891200
29114,4702,5.0,1362355200
29115,4702,4.0,1356307200
29116,4702,5.0,1363564800
29117,4703,1.0,1377734400
28876,4704,4.0,1388620800
29118,4705,5.0,1349568000
29119,4706,4.0,1363478400
29120,4706,5.0,1375574400
29121,4706,5.0,1386633600
29122,4706,5.0,1376956800
29123,4706,1.0,1385942400
29124,4706,5.0,1355702400
29125,4706,5.0,1397001600
29126,4707,3.0,1394668800
7780,4708,5.0,1367884800
29127,4708,4.0,1364428800
29128,4708,4.0,1398643200
29129,4708,5.0,1352332800
29130,4709,5.0,1383696000
29131,4711,5.0,1357689600
29132,4710,4.0,1367280000
29133,4710,5.0,1389225600
29134,4713,1.0,1405296000
29135,4712,3.0,1374537600
29136,4714,1.0,1370822400
29137,4714,5.0,1378252800
29138,4714,5.0,1369872000
29139,4714,5.0,1369958400
29136,4715,1.0,1370822400
29140,4716,5.0,1405900800
29141,4716,5.0,1404777600
29142,4716,5.0,1389312000
29143,4716,4.0,1370044800
29144,4716,5.0,1374192000
29145,4716,3.0,1375574400
29146,4716,3.0,1391644800
29147,4716,4.0,1390694400
29148,4716,5.0,1393804800
29149,4716,4.0,1363737600
29150,4716,5.0,1396396800
29151,4716,5.0,1404518400
29152,4716,4.0,1394755200
29153,4716,5.0,1389657600
29154,4717,4.0,1359676800
29155,4718,1.0,1364860800
29156,4719,2.0,1392249600
29157,4720,4.0,1386979200
29158,4721,1.0,1399593600
29159,4722,3.0,1378944000
29160,4722,5.0,1357344000
29161,4723,5.0,1344816000
29162,4723,5.0,1343779200
29163,4724,5.0,1349481600
29164,4725,5.0,1377302400
29165,4725,5.0,1393632000
29166,4726,5.0,1353369600
29167,4726,5.0,1392336000
29168,4727,4.0,1352419200
29169,4728,3.0,1386892800
29170,4728,4.0,1381190400
29171,4728,5.0,1351382400
29172,4728,5.0,1353542400
29173,4729,5.0,1361577600
29174,4729,4.0,1395360000
29175,4729,5.0,1368057600
29176,4729,2.0,1398124800
29177,4729,4.0,1355875200
29178,4731,5.0,1351555200
28300,4732,4.0,1348617600
28300,4730,5.0,1348704000
29178,4733,4.0,1351555200
29179,4734,5.0,1394409600
29180,4735,1.0,1390953600
29181,4735,2.0,1392163200
29182,4735,5.0,1400112000
29183,4735,5.0,1381536000
28300,4736,3.0,1350691200
29184,4737,1.0,1373587200
29185,4738,4.0,1379894400
29186,4738,1.0,1388016000
29187,4739,5.0,1403568000
29188,4740,5.0,1396656000
8776,4741,4.0,1383609600
29189,4742,3.0,1372377600
29190,4743,1.0,1392422400
29191,4743,1.0,1388275200
29192,4744,5.0,1378339200
29193,4744,5.0,1382227200
29194,4745,4.0,1371254400
29195,4745,5.0,1370995200
29196,4746,5.0,1369353600
29197,4746,5.0,1388361600
29198,4746,3.0,1362441600
29199,4747,4.0,1359072000
26112,4748,5.0,1353715200
29200,4748,5.0,1365120000
29201,4749,5.0,1390262400
29202,4749,5.0,1376956800
29203,4749,3.0,1397865600
29204,4749,4.0,1403913600
29205,4750,5.0,1390521600
29206,4751,3.0,1359417600
29207,4752,5.0,1385769600
29208,4752,5.0,1383091200
29209,4752,4.0,1381536000
29210,4752,5.0,1383091200
29211,4752,4.0,1396396800
29212,4752,4.0,1374105600
29213,4752,5.0,1384473600
29214,4752,2.0,1383091200
29215,4752,5.0,1371168000
27178,4752,5.0,1388966400
29216,4752,2.0,1405123200
29217,4752,5.0,1376611200
29218,4752,5.0,1401667200
29219,4752,5.0,1404000000
29220,4752,4.0,1386720000
29221,4752,5.0,1389484800
29222,4752,5.0,1402876800
29223,4752,1.0,1383004800
29224,4752,5.0,1374192000
29225,4752,5.0,1385942400
29226,4752,1.0,1397865600
29227,4752,4.0,1398038400
29228,4752,1.0,1400630400
29229,4752,5.0,1387843200
29230,4752,5.0,1393804800
29231,4752,5.0,1376870400
29232,4752,5.0,1384041600
1702,4752,5.0,1405123200
29233,4752,5.0,1399852800
29234,4752,3.0,1371254400
29235,4752,5.0,1386028800
29236,4752,5.0,1397347200
29237,4752,5.0,1373155200
29238,4752,5.0,1402790400
29239,4752,5.0,1404172800
29240,4752,5.0,1391385600
29241,4752,5.0,1399852800
29242,4752,5.0,1374883200
29243,4752,4.0,1405209600
29244,4752,4.0,1370563200
29245,4752,3.0,1379030400
29246,4752,5.0,1404432000
29247,4752,5.0,1392249600
29248,4752,5.0,1389484800
29249,4752,5.0,1373414400
29250,4752,5.0,1395878400
29251,4752,5.0,1405036800
29252,4752,4.0,1403654400
29253,4752,4.0,1369526400
29254,4752,5.0,1392249600
29255,4752,1.0,1404777600
29256,4752,5.0,1403136000
29257,4752,5.0,1403395200
29258,4752,5.0,1404000000
29259,4752,5.0,1384300800
29260,4752,3.0,1396828800
29261,4752,5.0,1404000000
29262,4752,4.0,1380326400
29263,4752,5.0,1368576000
29264,4752,5.0,1387411200
29265,4752,5.0,1365120000
29266,4752,1.0,1404172800
29267,4752,1.0,1402272000
29268,4752,5.0,1371686400
29269,4752,5.0,1386374400
29270,4752,5.0,1377561600
29271,4752,4.0,1379808000
29272,4752,5.0,1399248000
29273,4752,4.0,1375660800
29274,4752,3.0,1385856000
29275,4752,4.0,1376179200
29276,4752,5.0,1385251200
29277,4752,5.0,1382659200
29278,4752,5.0,1393632000
29279,4752,5.0,1389398400
29280,4752,3.0,1382313600
29281,4752,5.0,1378771200
29282,4752,5.0,1389744000
29283,4752,5.0,1387065600
29284,4752,5.0,1392336000
29285,4753,5.0,1405382400
29286,4754,5.0,1379721600
29287,4754,5.0,1394755200
29288,4754,5.0,1395705600
29289,4754,4.0,1359849600
29290,4754,5.0,1400198400
29291,4754,5.0,1388620800
29292,4754,5.0,1402099200
29293,4754,5.0,1377561600
29294,4755,5.0,1369267200
29295,4755,5.0,1360713600
29296,4755,5.0,1367107200
29297,4755,3.0,1402790400
29298,4755,5.0,1369094400
29299,4755,5.0,1358035200
29300,4755,2.0,1371427200
29301,4756,3.0,1359331200
29302,4756,5.0,1382659200
29303,4757,5.0,1356912000
29304,4759,5.0,1383609600
4042,4759,5.0,1364688000
29137,4758,1.0,1378252800
29305,4760,3.0,1371254400
29306,4760,5.0,1358812800
29307,4761,3.0,1390176000
29308,4762,4.0,1363996800
29309,4763,3.0,1368662400
29310,4763,3.0,1364515200
29311,4763,5.0,1365897600
29312,4764,5.0,1371600000
29313,4765,5.0,1394928000
29314,4766,5.0,1391472000
29315,4767,1.0,1373846400
29316,4767,2.0,1368576000
29317,4767,1.0,1365033600
29318,4767,2.0,1395878400
29319,4767,1.0,1363737600
29320,4767,5.0,1371772800
29321,4767,2.0,1369267200
29322,4767,4.0,1366588800
29323,4767,5.0,1368489600
29324,4767,2.0,1390176000
29325,4767,1.0,1369008000
29326,4767,5.0,1364428800
11205,4767,5.0,1362787200
29327,4767,1.0,1402444800
29328,4767,1.0,1370908800
29329,4767,2.0,1371340800
29330,4767,1.0,1369699200
29331,4767,5.0,1360627200
29332,4768,4.0,1352678400
29294,4769,5.0,1374796800
29333,4769,3.0,1371600000
29303,4769,1.0,1357862400
29334,4769,5.0,1405036800
29335,4769,3.0,1358812800
29298,4769,5.0,1369094400
29336,4769,3.0,1356480000
29337,4769,1.0,1355443200
29338,4769,3.0,1386806400
29339,4769,3.0,1358899200
29340,4769,5.0,1389398400
29341,4769,3.0,1353801600
29342,4769,3.0,1358380800
29343,4769,1.0,1376092800
29344,4770,5.0,1376611200
29345,4771,5.0,1352764800
29346,4772,5.0,1374364800
29347,4772,2.0,1405296000
29348,4772,5.0,1400112000
10492,4772,1.0,1399161600
29349,4772,4.0,1391299200
29350,4773,5.0,1355356800
29351,4774,4.0,1380067200
29352,4775,3.0,1369699200
29353,4775,3.0,1349395200
29354,4775,3.0,1359590400
29355,4776,4.0,1380758400
20735,4777,5.0,1355961600
29356,4777,5.0,1355270400
29357,4778,5.0,1369267200
29358,4778,5.0,1368144000
29359,4778,5.0,1360281600
29360,4778,5.0,1361836800
29361,4778,5.0,1361664000
29362,4778,1.0,1369008000
29363,4778,4.0,1367452800
29364,4778,3.0,1378944000
29365,4778,2.0,1367712000
29366,4778,4.0,1365379200
29367,4778,1.0,1395187200
29368,4778,5.0,1362268800
29369,4778,5.0,1363392000
29370,4778,5.0,1377734400
29371,4778,5.0,1388966400
29372,4778,4.0,1377648000
29373,4778,3.0,1363737600
29374,4778,5.0,1371600000
29375,4778,1.0,1385683200
29376,4779,4.0,1361577600
29377,4779,5.0,1360281600
29378,4780,5.0,1390348800
29379,4781,2.0,1368230400
29380,4782,5.0,1362441600
29381,4783,5.0,1353801600
29382,4783,5.0,1389312000
29383,4783,4.0,1359244800
29384,4783,4.0,1370131200
29385,4784,5.0,1376524800
29386,4784,5.0,1384646400
12742,4784,5.0,1353110400
29387,4784,4.0,1385078400
29388,4784,5.0,1365033600
29389,4784,2.0,1402531200
29390,4784,5.0,1364256000
29391,4784,4.0,1398384000
29392,4785,5.0,1355097600
29393,4785,3.0,1394928000
29394,4785,5.0,1360368000
29395,4785,1.0,1365033600
29396,4785,5.0,1355702400
29397,4785,4.0,1363996800
29398,4785,5.0,1363996800
29399,4785,1.0,1362528000
29400,4787,5.0,1404518400
29401,4787,4.0,1395100800
29402,4787,5.0,1379894400
29403,4786,5.0,1381881600
29404,4788,3.0,1384300800
29405,4789,1.0,1382918400
29406,4790,5.0,1359072000
29407,4791,1.0,1356912000
29408,4791,5.0,1357084800
29409,4791,1.0,1357257600
29410,4791,4.0,1356739200
29411,4792,5.0,1394064000
21120,4792,4.0,1370908800
29412,4792,5.0,1347235200
29413,4792,5.0,1338768000
29414,4792,4.0,1351468800
29415,4792,5.0,1312934400
29416,4793,5.0,1392422400
29417,4794,5.0,1391472000
29418,4794,1.0,1386806400
29419,4794,5.0,1362355200
29420,4794,5.0,1378771200
29421,4794,5.0,1373414400
29422,4794,5.0,1366156800
29423,4794,5.0,1381968000
29424,4794,3.0,1380240000
29425,4794,5.0,1398297600
29426,4795,5.0,1386979200
29427,4796,1.0,1375833600
25709,4796,5.0,1360713600
29428,4796,3.0,1371168000
21468,4796,5.0,1387065600
29429,4796,4.0,1393545600
29430,4796,1.0,1383436800
29431,4796,5.0,1368057600
29432,4796,3.0,1385337600
29433,4797,1.0,1382054400
29434,4798,5.0,1370563200
29435,4798,1.0,1373500800
29436,4798,3.0,1376697600
29437,4799,5.0,1390348800
29438,4800,5.0,1400976000
29439,4801,5.0,1387324800
29440,4802,1.0,1369180800
29441,4803,5.0,1390262400
29442,4804,3.0,1392940800
29443,4804,1.0,1399766400
29444,4804,2.0,1367539200
29445,4804,4.0,1393718400
29446,4804,5.0,1373760000
29447,4804,1.0,1382918400
29448,4804,4.0,1387065600
29449,4806,3.0,1392422400
29450,4805,5.0,1399507200
28821,4807,2.0,1379462400
29451,4808,5.0,1376352000
29452,4808,4.0,1374192000
29453,4809,1.0,1390867200
29454,4809,1.0,1398297600
29455,4809,5.0,1394755200
29456,4809,5.0,1363392000
29457,4809,5.0,1384560000
29458,4809,5.0,1388707200
29459,4809,5.0,1366243200
29460,4810,3.0,1354579200
29461,4811,3.0,1365897600
29462,4812,4.0,1400630400
29463,4812,1.0,1351123200
29464,4813,1.0,1359072000
29465,4814,4.0,1386547200
29466,4815,5.0,1368057600
29467,4816,5.0,1396828800
29468,4817,2.0,1362096000
29469,4818,1.0,1373155200
29470,4818,2.0,1382313600
29471,4818,2.0,1392595200
29472,4818,2.0,1358553600
29473,4819,1.0,1382140800
29474,4820,2.0,1386115200
29475,4821,4.0,1367884800
29476,4822,4.0,1386547200
29477,4822,5.0,1393372800
29478,4822,2.0,1367798400
29479,4822,2.0,1367798400
29480,4823,4.0,1372377600
29481,4825,1.0,1381622400
29482,4825,4.0,1362009600
29483,4825,5.0,1370822400
29484,4824,1.0,1362960000
29485,4824,5.0,1389744000
29486,4824,5.0,1371081600
29487,4824,5.0,1369699200
29488,4824,5.0,1372636800
29489,4826,5.0,1398902400
29490,4826,5.0,1398384000
29491,4827,5.0,1365638400
29492,4828,5.0,1355184000
29493,4829,3.0,1361577600
29494,4829,4.0,1362873600
29495,4829,3.0,1361836800
29496,4830,5.0,1374192000
26226,4833,5.0,1396396800
29497,4832,5.0,1359158400
29498,4832,5.0,1356307200
29499,4832,5.0,1356566400
29500,4831,5.0,1364083200
29501,4831,5.0,1354924800
29502,4835,5.0,1392768000
29503,4834,5.0,1404345600
29504,4836,5.0,1393977600
29505,4836,3.0,1351555200
29506,4836,1.0,1390780800
29507,4836,5.0,1365724800
29508,4836,5.0,1353888000
29509,4836,5.0,1368662400
29510,4837,5.0,1356048000
29511,4838,5.0,1369785600
29512,4839,1.0,1362441600
29513,4839,4.0,1357257600
29514,4839,3.0,1371081600
29515,4839,2.0,1369008000
29516,4839,4.0,1370217600
29517,4839,4.0,1360800000
29518,4839,5.0,1358640000
29519,4840,5.0,1364947200
29520,4841,5.0,1380672000
29521,4842,5.0,1366329600
29522,4843,4.0,1381968000
29523,4844,5.0,1367366400
29524,4845,5.0,1363737600
29525,4845,5.0,1399334400
29526,4846,5.0,1363478400
29527,4846,5.0,1368576000
29528,4846,5.0,1363046400
29529,4847,5.0,1359504000
29530,4848,5.0,1363305600
29531,4849,5.0,1357257600
29532,4850,5.0,1379462400
29533,4851,3.0,1382486400
29534,4852,2.0,1376092800
29535,4852,1.0,1371081600
29536,4853,5.0,1402876800
25150,4854,4.0,1386547200
29537,4855,5.0,1361577600
29538,4855,5.0,1374019200
29539,4855,5.0,1355875200
29540,4855,5.0,1367798400
29541,4855,5.0,1373846400
29542,4855,5.0,1359331200
29543,4855,5.0,1360540800
29544,4855,5.0,1371168000
29545,4856,5.0,1360454400
29546,4856,5.0,1355097600
29547,4856,4.0,1360108800
29548,4856,4.0,1395964800
29549,4856,4.0,1357084800
29550,4856,4.0,1384646400
29551,4856,3.0,1364860800
29552,4856,3.0,1353283200
29553,4857,5.0,1350432000
29554,4858,5.0,1377561600
29555,4858,5.0,1401580800
29556,4858,5.0,1391040000
29557,4858,5.0,1384646400
29558,4858,5.0,1391644800
29559,4858,5.0,1404086400
29560,4858,5.0,1366156800
29561,4858,5.0,1389571200
29562,4858,4.0,1396828800
29563,4858,4.0,1397260800
29564,4858,5.0,1387324800
29565,4858,4.0,1392249600
29566,4858,4.0,1383264000
29567,4858,5.0,1354060800
29568,4858,1.0,1388275200
29569,4859,4.0,1381449600
29570,4860,2.0,1385251200
29571,4861,4.0,1385424000
29572,4861,5.0,1379635200
29573,4861,4.0,1395100800
29574,4861,2.0,1381795200
29575,4862,1.0,1359417600
29576,4863,3.0,1362614400
29577,4864,2.0,1357516800
29578,4865,5.0,1394496000
29579,4865,5.0,1393372800
29580,4866,5.0,1395705600
29581,4866,5.0,1402444800
29582,4867,4.0,1391904000
29583,4867,5.0,1364688000
29584,4868,5.0,1377820800
29585,4868,2.0,1374969600
29586,4868,5.0,1378339200
29587,4869,1.0,1374105600
25435,4869,5.0,1357171200
29588,4869,5.0,1390521600
29589,4869,5.0,1370390400
29590,4869,5.0,1357689600
29591,4869,5.0,1381276800
29592,4869,3.0,1378339200
29593,4869,5.0,1379548800
29594,4869,5.0,1366761600
29595,4869,5.0,1358121600
29596,4869,5.0,1376784000
29597,4869,5.0,1391040000
29598,4869,5.0,1366848000
29599,4869,5.0,1391904000
29600,4869,5.0,1405209600
29601,4869,5.0,1368489600
29602,4869,5.0,1388534400
29603,4869,5.0,1379894400
29604,4870,1.0,1391558400
29605,4870,3.0,1381449600
29606,4870,5.0,1372377600
29607,4870,4.0,1398038400
29608,4870,5.0,1398902400
29609,4870,4.0,1390521600
29610,4871,5.0,1355356800
29611,4871,5.0,1393632000
29612,4872,5.0,1383868800
29613,4873,4.0,1368489600
29614,4873,4.0,1394150400
29615,4873,2.0,1373846400
29616,4873,5.0,1393632000
29617,4873,1.0,1384819200
29618,4874,5.0,1359331200
29619,4874,5.0,1388534400
29620,4874,5.0,1387670400
29621,4874,5.0,1362268800
29622,4875,5.0,1374451200
29623,4876,5.0,1382486400
29624,4877,4.0,1379116800
29625,4878,5.0,1358899200
29626,4878,4.0,1395705600
29627,4878,5.0,1368057600
29628,4878,2.0,1396915200
29629,4879,3.0,1402272000
29630,4880,5.0,1371859200
29631,4882,2.0,1405814400
29632,4882,5.0,1398470400
29633,4881,5.0,1391472000
4910,4881,5.0,1405123200
29634,4883,1.0,1401840000
29635,4884,2.0,1381190400
29636,4884,1.0,1370563200
29637,4884,5.0,1369353600
29638,4884,4.0,1395446400
29639,4884,1.0,1378425600
29640,4884,1.0,1370390400
29641,4884,5.0,1367539200
29642,4884,1.0,1379548800
29643,4884,5.0,1369958400
29644,4884,5.0,1384992000
29645,4884,4.0,1379548800
29646,4884,5.0,1380067200
29647,4884,2.0,1384905600
29648,4884,5.0,1375315200
29649,4884,4.0,1376870400
29650,4884,5.0,1381017600
29651,4884,5.0,1375660800
29652,4884,5.0,1366848000
29653,4884,2.0,1363132800
29654,4884,5.0,1391817600
29655,4884,5.0,1386028800
29656,4885,5.0,1356393600
29657,4886,1.0,1396483200
29658,4887,5.0,1395619200
29659,4888,5.0,1383264000
29660,4889,5.0,1355961600
29661,4890,1.0,1372032000
29662,4890,3.0,1380326400
29663,4891,5.0,1380153600
29664,4892,2.0,1378166400
29665,4892,5.0,1380844800
29666,4895,5.0,1396396800
29667,4895,2.0,1379462400
29668,4895,5.0,1378857600
20575,4895,2.0,1382400000
29669,4895,3.0,1404432000
29670,4895,5.0,1398297600
29671,4895,2.0,1404950400
29672,4895,3.0,1382572800
29673,4895,4.0,1381449600
29674,4895,5.0,1364083200
29675,4895,5.0,1392076800
29676,4895,5.0,1375920000
29677,4895,3.0,1382918400
29678,4895,4.0,1381795200
29679,4893,5.0,1395187200
29680,4894,5.0,1363305600
25025,4894,5.0,1371081600
29681,4896,5.0,1369699200
29682,4897,5.0,1358208000
29683,4898,5.0,1382918400
29684,4898,5.0,1364688000
29685,4898,5.0,1390348800
29686,4898,5.0,1360886400
29687,4898,4.0,1376956800
29688,4898,5.0,1377648000
29689,4898,5.0,1402272000
29690,4898,5.0,1392163200
29691,4898,5.0,1400544000
29692,4898,5.0,1366156800
29693,4898,4.0,1361491200
29694,4898,5.0,1374105600
29695,4898,5.0,1401667200
29696,4899,5.0,1394064000
29697,4900,5.0,1371168000
29698,4900,5.0,1358812800
29699,4900,1.0,1393372800
29700,4900,5.0,1370476800
29701,4900,4.0,1373500800
29702,4900,5.0,1353628800
29703,4900,1.0,1378166400
29704,4900,1.0,1389398400
29705,4901,5.0,1402444800
29706,4901,5.0,1398988800
29707,4901,1.0,1404086400
29708,4901,5.0,1404086400
2826,4902,4.0,1365379200
29709,4902,3.0,1391385600
29710,4902,5.0,1365292800
29711,4902,5.0,1383177600
29712,4902,4.0,1375574400
29713,4902,5.0,1372896000
29714,4902,1.0,1380931200
29715,4902,1.0,1376697600
29716,4902,2.0,1373328000
29717,4902,1.0,1403654400
29718,4902,3.0,1365379200
29719,4902,5.0,1388880000
29720,4902,5.0,1365379200
29721,4902,5.0,1393718400
29722,4902,3.0,1400371200
29723,4902,1.0,1401408000
29724,4902,5.0,1405036800
29725,4902,5.0,1365897600
29726,4902,5.0,1365206400
29727,4902,5.0,1372118400
29728,4902,3.0,1396569600
29729,4902,4.0,1361664000
29730,4902,2.0,1371513600
29731,4902,3.0,1371513600
29732,4902,5.0,1365811200
29733,4902,5.0,1398384000
29734,4902,2.0,1379462400
29735,4902,5.0,1401580800
29736,4902,1.0,1385337600
29737,4902,5.0,1365206400
29738,4902,2.0,1365724800
29739,4902,3.0,1402617600
29740,4903,1.0,1395705600
29741,4904,5.0,1388016000
29742,4905,5.0,1392768000
29743,4905,5.0,1393891200
29744,4907,5.0,1375660800
29745,4906,5.0,1377129600
29746,4908,1.0,1373846400
29747,4908,1.0,1376352000
29748,4908,1.0,1394064000
29749,4909,5.0,1390262400
29750,4910,1.0,1358640000
29751,4911,2.0,1390694400
29752,4913,5.0,1357171200
29753,4914,5.0,1401062400
29754,4912,5.0,1360972800
29755,4915,5.0,1374451200
29756,4916,5.0,1381968000
29757,4916,3.0,1400457600
29758,4916,5.0,1390521600
29759,4916,5.0,1378252800
29760,4917,2.0,1359072000
29761,4917,1.0,1360972800
29762,4918,5.0,1396742400
29763,4919,5.0,1386892800
29764,4919,3.0,1395964800
29765,4920,5.0,1373587200
29766,4921,4.0,1384473600
29767,4921,3.0,1391385600
29768,4922,5.0,1374192000
29769,4923,3.0,1399507200
29770,4924,1.0,1400025600
29770,4925,1.0,1400025600
29771,4926,1.0,1367625600
29772,4926,5.0,1360281600
29773,4927,5.0,1358121600
29774,4927,5.0,1403654400
29775,4927,3.0,1357084800
29776,4928,1.0,1387756800
15848,4929,3.0,1381190400
29777,4930,5.0,1368230400
29778,4931,1.0,1355184000
29779,4931,3.0,1356825600
29780,4931,4.0,1355702400
29781,4931,1.0,1354492800
29782,4932,5.0,1391385600
29783,4933,5.0,1380672000
19297,4933,5.0,1363305600
29784,4933,4.0,1358812800
29785,4933,4.0,1362182400
29786,4933,4.0,1379116800
29787,4934,4.0,1377820800
29788,4935,5.0,1389052800
29789,4936,5.0,1392076800
29790,4937,1.0,1367625600
29791,4938,3.0,1398124800
29792,4938,5.0,1395964800
29793,4938,5.0,1400371200
29794,4939,5.0,1359072000
29795,4940,5.0,1353974400
29796,4940,5.0,1353974400
29797,4940,5.0,1353974400
29798,4940,5.0,1351641600
29799,4940,5.0,1362528000
29800,4940,4.0,1374019200
29801,4941,5.0,1381449600
29802,4942,5.0,1404864000
29803,4943,4.0,1393200000
29804,4943,1.0,1395446400
29805,4944,5.0,1356652800
29806,4945,1.0,1372118400
29807,4946,5.0,1405382400
29808,4946,5.0,1391212800
29809,4947,5.0,1371859200
29810,4947,5.0,1359936000
29811,4948,1.0,1376524800
29812,4950,5.0,1382227200
29813,4950,5.0,1363824000
29814,4949,3.0,1404604800
29815,4949,5.0,1396137600
29816,4951,5.0,1362787200
29817,4951,4.0,1362096000
29818,4951,5.0,1374364800
29819,4952,5.0,1357257600
29820,4952,5.0,1361836800
29770,4953,1.0,1400025600
29821,4954,2.0,1391040000
29822,4954,5.0,1395878400
29823,4955,5.0,1403395200
29824,4956,5.0,1355788800
29825,4957,5.0,1380672000
29826,4958,1.0,1372377600
29827,4959,5.0,1368576000
29828,4960,3.0,1393718400
29829,4961,5.0,1400371200
29830,4961,1.0,1357948800
29831,4961,5.0,1390780800
29832,4962,5.0,1383436800
29833,4963,5.0,1385596800
27656,4963,4.0,1388448000
29834,4963,5.0,1386028800
29835,4963,3.0,1400112000
29836,4964,5.0,1381449600
29837,4964,5.0,1389484800
29838,4965,5.0,1364947200
29839,4966,5.0,1364601600
29840,4967,1.0,1378857600
29841,4968,3.0,1355184000
29842,4969,5.0,1372377600
29843,4973,5.0,1393718400
29844,4970,2.0,1357430400
29845,4970,5.0,1358380800
29846,4972,5.0,1362441600
29847,4972,5.0,1370390400
29848,4975,4.0,1355184000
29849,4971,5.0,1403308800
29850,4971,1.0,1402531200
29851,4980,5.0,1402444800
29852,4974,1.0,1386374400
29853,4983,5.0,1355616000
29854,4978,4.0,1381795200
29855,4979,5.0,1370304000
29856,4979,5.0,1367971200
29857,4984,4.0,1357689600
29858,4985,5.0,1374364800
29859,4977,5.0,1360540800
29860,4986,5.0,1358640000
29861,4981,5.0,1355270400
29862,4976,3.0,1360195200
29863,4982,5.0,1358812800
29864,4987,1.0,1370390400
26959,4988,5.0,1396915200
29865,4988,5.0,1398902400
29866,4988,5.0,1364342400
29867,4989,1.0,1357257600
29868,4989,1.0,1403913600
26975,4989,1.0,1356480000
29869,4990,5.0,1363910400
29754,4990,5.0,1360972800
29870,4991,5.0,1385596800
29871,4992,5.0,1405641600
29872,4992,5.0,1392940800
29873,4992,5.0,1405209600
29874,4993,1.0,1385337600
29875,4993,5.0,1391731200
29876,4994,2.0,1369699200
29877,4994,5.0,1368835200
29878,4994,2.0,1364774400
29879,4994,4.0,1361404800
29880,4994,4.0,1366934400
29881,4995,5.0,1362355200
29882,4995,1.0,1361923200
29883,4995,1.0,1374105600
29884,4995,2.0,1375228800
29885,4995,5.0,1367798400
29886,4995,5.0,1370304000
29887,4995,5.0,1379116800
29888,4995,5.0,1364688000
29665,4995,1.0,1380844800
29889,4996,3.0,1384560000
29890,4997,5.0,1397779200
29891,4998,1.0,1369440000
4587,4999,5.0,1379548800
29892,5000,5.0,1398556800
29893,5000,2.0,1305676800
29894,5001,5.0,1357603200
29895,5002,5.0,1356307200
29896,5002,3.0,1356912000
29897,5003,3.0,1372809600
29898,5004,5.0,1370217600
29899,5005,1.0,1398297600
29900,5006,5.0,1360454400
29901,5006,1.0,1389052800
29902,5006,2.0,1375401600
29903,5006,5.0,1370649600
29904,5006,2.0,1382227200
29905,5006,5.0,1360540800
29906,5006,5.0,1394323200
29907,5006,4.0,1358812800
29908,5006,4.0,1394668800
29909,5006,3.0,1385942400
29910,5006,2.0,1371513600
29911,5006,1.0,1358208000
29912,5006,3.0,1381881600
29913,5006,5.0,1389225600
29914,5006,3.0,1374192000
29915,5006,3.0,1377907200
29916,5006,3.0,1357430400
29917,5006,2.0,1388534400
29918,5006,3.0,1373587200
29919,5006,4.0,1373587200
29920,5006,3.0,1370044800
29921,5006,2.0,1380412800
29922,5006,5.0,1362700800
29923,5006,1.0,1368576000
29924,5006,1.0,1359072000
29925,5006,1.0,1385251200
29926,5006,2.0,1397606400
29927,5006,4.0,1404777600
29928,5006,4.0,1356393600
29929,5006,5.0,1366761600
29930,5006,1.0,1377648000
29931,5006,1.0,1363737600
29932,5006,1.0,1356652800
29933,5006,1.0,1400544000
29934,5006,1.0,1356134400
29935,5006,1.0,1358380800
29936,5007,5.0,1381449600
29937,5007,5.0,1397779200
29938,5008,5.0,1390348800
29939,5008,1.0,1403222400
29940,5009,1.0,1383264000
29941,5010,3.0,1376611200
29942,5011,5.0,1365465600
29943,5012,5.0,1379030400
29944,5013,5.0,1371686400
29945,5014,3.0,1368230400
29946,5015,3.0,1383004800
29947,5015,5.0,1358208000
29948,5015,3.0,1382918400
29949,5015,5.0,1386288000
29950,5015,5.0,1357948800
29951,5015,4.0,1388880000
29952,5015,5.0,1384732800
29953,5015,3.0,1396396800
29954,5015,5.0,1370822400
29955,5015,2.0,1388188800
29956,5015,5.0,1370217600
29957,5015,4.0,1363564800
29958,5016,5.0,1363910400
25062,5016,3.0,1368921600
29959,5017,5.0,1375056000
29960,5017,5.0,1383782400
29961,5017,4.0,1388448000
29962,5017,4.0,1373846400
29963,5018,5.0,1356998400
29964,5019,3.0,1366329600
29965,5019,5.0,1380672000
29966,5019,5.0,1402185600
29967,5020,1.0,1382659200
29968,5021,4.0,1395705600
29969,5021,3.0,1385337600
29970,5021,1.0,1397779200
29971,5022,5.0,1377734400
29972,5023,3.0,1378771200
29973,5023,5.0,1381276800
29974,5023,5.0,1376611200
29975,5024,5.0,1398556800
29976,5024,5.0,1385683200
29977,5024,5.0,1381104000
29978,5024,5.0,1398124800
29979,5024,1.0,1372118400
29980,5024,5.0,1388448000
29981,5024,5.0,1367193600
29982,5024,5.0,1404777600
29983,5025,5.0,1367452800
29984,5033,3.0,1402876800
29985,5039,5.0,1367107200
29986,5039,4.0,1363996800
29987,5039,5.0,1379635200
29988,5027,5.0,1391040000
29989,5027,1.0,1382832000
29990,5027,5.0,1401840000
29991,5027,3.0,1387497600
29992,5027,5.0,1382486400
29993,5027,3.0,1383004800
29994,5027,5.0,1398556800
29995,5027,5.0,1370995200
29996,5027,5.0,1394668800
29997,5027,5.0,1369699200
29998,5027,3.0,1394841600
29999,5027,5.0,1391731200
30000,5027,1.0,1391040000
30001,5027,5.0,1366502400
30002,5027,5.0,1381795200
30003,5027,3.0,1374105600
30004,5027,1.0,1404604800
30005,5027,2.0,1382313600
30006,5029,4.0,1396569600
30007,5026,3.0,1364169600
30008,5026,1.0,1377043200
30009,5043,1.0,1402099200
30010,5040,3.0,1390953600
30011,5040,4.0,1389052800
30012,5040,5.0,1396828800
30013,5040,4.0,1401494400
30014,5040,5.0,1382140800
30015,5035,1.0,1368662400
30016,5037,4.0,1379808000
30017,5028,3.0,1371600000
30018,5028,1.0,1377129600
30019,5028,1.0,1369353600
30020,5046,3.0,1371686400
30021,5046,5.0,1376870400
30022,5050,2.0,1382400000
30023,5050,2.0,1382054400
30024,5038,3.0,1372636800
30025,5038,1.0,1371859200
30026,5047,5.0,1369008000
30027,5049,1.0,1390694400
30028,5049,5.0,1400803200
30029,5049,2.0,1372982400
30030,5049,5.0,1396828800
30031,5049,5.0,1395964800
30032,5049,5.0,1373068800
30033,5049,5.0,1386028800
30034,5031,1.0,1378339200
30035,5031,1.0,1375747200
30036,5044,3.0,1367712000
30037,5044,3.0,1400112000
30038,5044,5.0,1390780800
30039,5044,5.0,1388361600
30040,5044,4.0,1395619200
30041,5044,3.0,1393718400
30042,5044,5.0,1365206400
30043,5044,5.0,1368230400
30044,5044,4.0,1380499200
30045,5044,4.0,1399766400
30046,5044,5.0,1370390400
30047,5044,5.0,1371168000
30048,5044,5.0,1387152000
30049,5044,4.0,1400284800
30050,5044,5.0,1384732800
30051,5044,4.0,1371772800
30052,5044,3.0,1393459200
30053,5044,5.0,1393286400
30054,5044,4.0,1397433600
30055,5044,1.0,1364515200
30056,5044,4.0,1381190400
30057,5044,2.0,1399852800
30058,5044,5.0,1393804800
30059,5044,4.0,1400544000
30060,5044,3.0,1370131200
30061,5044,2.0,1375747200
30062,5044,5.0,1391817600
30063,5044,5.0,1385683200
30064,5044,5.0,1404518400
30065,5044,4.0,1395619200
30066,5051,3.0,1382572800
30016,5034,4.0,1379808000
30067,5034,5.0,1379635200
30068,5034,2.0,1386547200
30069,5045,5.0,1369526400
30070,5030,1.0,1397001600
30071,5042,5.0,1364515200
30072,5042,2.0,1396137600
30073,5042,5.0,1375747200
30074,5042,1.0,1383782400
30075,5048,2.0,1385769600
30076,5048,5.0,1388448000
30077,5048,1.0,1388188800
30078,5048,1.0,1392422400
30079,5036,1.0,1360972800
30080,5036,5.0,1400284800
30081,5036,5.0,1394409600
30082,5036,1.0,1389312000
30083,5036,1.0,1389052800
30084,5036,4.0,1372896000
30085,5036,5.0,1389484800
30086,5036,4.0,1383782400
30087,5041,5.0,1375228800
30088,5041,5.0,1371686400
30089,5041,1.0,1381449600
30090,5041,5.0,1357430400
30091,5041,5.0,1370217600
30092,5032,5.0,1380844800
30093,5032,1.0,1371859200
30094,5032,1.0,1361145600
30095,5032,4.0,1379548800
30096,5052,1.0,1388534400
30097,5052,1.0,1362009600
30098,5052,3.0,1386115200
30054,5052,5.0,1403827200
30099,5052,5.0,1391644800
30100,5052,5.0,1369008000
30101,5053,5.0,1378512000
30102,5054,1.0,1354924800
30103,5055,5.0,1367798400
30104,5055,5.0,1398384000
30105,5055,5.0,1375660800
30106,5056,4.0,1389139200
30107,5057,5.0,1377907200
30108,5057,4.0,1362355200
30109,5057,4.0,1400198400
30110,5057,1.0,1405036800
30111,5058,3.0,1358812800
25864,5059,4.0,1382486400
30112,5060,5.0,1360540800
30113,5060,4.0,1370304000
30114,5060,4.0,1373932800
30115,5060,1.0,1391644800
30116,5060,1.0,1378684800
30117,5060,4.0,1381017600
30118,5060,5.0,1357689600
30119,5060,1.0,1378425600
30120,5060,4.0,1376092800
30121,5060,5.0,1365120000
30122,5060,2.0,1364774400
30123,5060,5.0,1368403200
30124,5061,1.0,1397433600
30125,5061,5.0,1384992000
30126,5062,1.0,1364342400
30127,5062,2.0,1365033600
30128,5063,5.0,1387324800
30129,5063,1.0,1384560000
30130,5064,5.0,1374019200
30131,5065,5.0,1361404800
30132,5066,5.0,1361145600
30133,5066,5.0,1362096000
30134,5067,5.0,1386288000
30135,5067,5.0,1378166400
30136,5068,3.0,1362355200
30137,5069,5.0,1377907200
30138,5070,3.0,1403136000
30139,5071,5.0,1368835200
30140,5072,5.0,1379030400
30141,5074,4.0,1371600000
30142,5074,3.0,1387929600
30143,5073,2.0,1363478400
30144,5075,3.0,1385510400
30145,5075,5.0,1368057600
30146,5075,3.0,1370563200
30147,5075,1.0,1371427200
30148,5075,2.0,1370304000
30149,5075,2.0,1370044800
30150,5075,5.0,1376524800
30151,5076,5.0,1381708800
30152,5077,1.0,1402099200
30153,5077,5.0,1391904000
30154,5078,5.0,1385769600
30155,5079,2.0,1378944000
30156,5080,2.0,1390608000
30157,5081,1.0,1388448000
30158,5082,5.0,1364515200
30159,5083,5.0,1383696000
30160,5084,5.0,1369699200
30161,5084,4.0,1365724800
30162,5084,5.0,1378339200
30163,5085,5.0,1392076800
30164,5085,2.0,1374192000
30165,5085,1.0,1387238400
30166,5085,4.0,1386288000
30167,5085,3.0,1387411200
30168,5085,5.0,1370995200
30169,5085,5.0,1392508800
30170,5085,4.0,1385078400
30171,5085,3.0,1374019200
30172,5085,3.0,1391126400
30173,5085,4.0,1366416000
30174,5085,2.0,1377388800
30175,5086,5.0,1362873600
30176,5086,5.0,1389139200
30177,5087,5.0,1363737600
30178,5088,5.0,1373587200
30179,5089,5.0,1405468800
30180,5089,4.0,1388448000
30181,5089,2.0,1365984000
30182,5089,5.0,1358553600
30183,5089,2.0,1357948800
30184,5090,5.0,1400025600
30185,5090,5.0,1398470400
30186,5091,1.0,1383091200
30187,5091,3.0,1378684800
30188,5092,4.0,1386633600
30189,5092,5.0,1392681600
30190,5092,5.0,1405036800
30191,5092,3.0,1378166400
30192,5092,4.0,1371254400
30193,5093,5.0,1396051200
30194,5093,5.0,1405555200
30195,5093,2.0,1404777600
30196,5093,3.0,1405728000
8253,5094,5.0,1384732800
30197,5095,5.0,1389312000
30198,5096,1.0,1359936000
30199,5097,1.0,1371772800
30200,5098,5.0,1400544000
30201,5099,4.0,1360627200
30202,5100,1.0,1370390400
30203,5101,4.0,1370217600
30204,5101,4.0,1380672000
30205,5101,4.0,1371772800
30206,5102,5.0,1364601600
30207,5102,2.0,1387152000
30208,5102,1.0,1362096000
30209,5102,3.0,1378080000
30210,5102,5.0,1370131200
30211,5102,5.0,1387670400
6804,5102,3.0,1392681600
30212,5102,5.0,1377388800
30213,5103,4.0,1391040000
30214,5103,5.0,1405036800
30215,5104,5.0,1381276800
30216,5104,1.0,1361145600
30217,5105,5.0,1386028800
30218,5106,5.0,1369872000
30219,5106,5.0,1368316800
30220,5107,4.0,1368489600
30221,5107,2.0,1368057600
30222,5107,4.0,1361836800
30223,5107,5.0,1378684800
30224,5107,2.0,1369699200
30225,5107,5.0,1389052800
30226,5109,5.0,1376784000
30227,5109,5.0,1360713600
30228,5109,4.0,1373328000
30229,5108,4.0,1386720000
30230,5110,5.0,1358812800
30231,5111,4.0,1389312000
30232,5112,5.0,1389225600
30233,5112,5.0,1376697600
28879,5113,2.0,1363392000
30234,5114,1.0,1389398400
30235,5115,5.0,1366329600
30236,5116,1.0,1364688000
30237,5116,5.0,1362182400
30238,5116,1.0,1368921600
30239,5117,4.0,1360713600
30240,5118,5.0,1394755200
30241,5118,2.0,1389571200
30242,5118,2.0,1404345600
30243,5118,4.0,1396224000
30244,5118,5.0,1389484800
26016,5118,2.0,1386806400
30245,5118,1.0,1386892800
30246,5118,3.0,1391040000
30247,5118,4.0,1394841600
30248,5118,5.0,1384473600
30249,5118,4.0,1367625600
30250,5118,5.0,1389398400
30251,5118,1.0,1395619200
30252,5118,3.0,1394236800
30253,5118,3.0,1363219200
30254,5118,5.0,1403568000
30255,5118,3.0,1388102400
30256,5118,4.0,1382745600
30257,5119,3.0,1395705600
30258,5120,5.0,1362960000
30259,5121,5.0,1388448000
30260,5121,5.0,1387929600
30261,5122,5.0,1395964800
29890,5122,3.0,1390867200
30262,5123,5.0,1403568000
30263,5124,5.0,1372291200
30264,5125,5.0,1370649600
30265,5125,3.0,1391472000
30266,5125,1.0,1401148800
30267,5125,5.0,1396656000
30268,5126,3.0,1364083200
29665,5128,5.0,1380844800
30269,5127,1.0,1362096000
30270,5127,1.0,1360713600
30271,5129,5.0,1397779200
30272,5130,4.0,1389312000
30273,5130,5.0,1388966400
30274,5130,4.0,1379894400
30275,5130,4.0,1376697600
30276,5130,5.0,1375660800
26035,5130,2.0,1367020800
30277,5130,5.0,1381968000
30278,5130,5.0,1363824000
30279,5130,4.0,1379721600
30280,5130,5.0,1375660800
7571,5131,5.0,1377129600
30281,5131,5.0,1372723200
30282,5131,5.0,1375574400
30283,5131,1.0,1378080000
30284,5132,4.0,1396569600
30285,5132,5.0,1369267200
30286,5133,3.0,1368662400
30287,5133,2.0,1374624000
30288,5133,2.0,1375056000
30289,5133,4.0,1360108800
30290,5133,2.0,1382572800
30291,5133,5.0,1390953600
30292,5133,1.0,1373241600
30293,5134,5.0,1389225600
30294,5135,5.0,1374710400
30295,5136,4.0,1389571200
30296,5137,3.0,1364947200
30297,5138,4.0,1365292800
30298,5138,5.0,1371254400
30299,5139,5.0,1394064000
30300,5139,1.0,1375315200
30301,5140,5.0,1372896000
30302,5141,1.0,1389571200
30303,5141,5.0,1385078400
30304,5142,5.0,1397865600
30305,5143,5.0,1378684800
30305,5145,5.0,1378684800
30306,5144,5.0,1400371200
30307,5146,3.0,1393372800
30308,5146,4.0,1360886400
30309,5146,2.0,1379116800
30310,5147,5.0,1360713600
30311,5148,5.0,1387497600
30312,5148,5.0,1392508800
30313,5148,3.0,1392336000
30314,5148,5.0,1396828800
30315,5148,5.0,1367884800
30316,5149,3.0,1372118400
30317,5150,3.0,1400889600
30318,5151,5.0,1369353600
30319,5151,4.0,1366761600
30320,5151,3.0,1385164800
30228,5152,1.0,1373328000
30321,5153,1.0,1373500800
30322,5153,5.0,1400371200
30323,5154,5.0,1387152000
30324,5155,4.0,1384300800
30325,5156,5.0,1401235200
15511,5157,4.0,1376524800
30326,5157,5.0,1381968000
30327,5158,4.0,1398038400
30328,5159,2.0,1404864000
30329,5159,5.0,1404086400
30330,5160,3.0,1379030400
30331,5160,5.0,1377561600
30332,5162,5.0,1361577600
30333,5161,1.0,1375488000
30334,5163,2.0,1362960000
30335,5164,2.0,1391644800
30336,5164,5.0,1386201600
30337,5165,5.0,1365206400
30338,5166,5.0,1388707200
30339,5167,1.0,1404172800
30340,5168,5.0,1366243200
30341,5169,5.0,1385251200
30342,5170,4.0,1360195200
30343,5170,4.0,1359417600
30344,5172,4.0,1391731200
30345,5171,4.0,1389830400
30346,5173,3.0,1395964800
30347,5174,4.0,1384300800
30348,5175,5.0,1380672000
30349,5176,5.0,1390867200
30350,5177,5.0,1394150400
30351,5178,3.0,1371600000
30352,5178,5.0,1383955200
30353,5178,4.0,1388016000
30354,5179,5.0,1387843200
30355,5180,5.0,1400284800
30356,5181,4.0,1381536000
30357,5181,2.0,1368921600
30358,5182,1.0,1396224000
30359,5183,4.0,1375488000
30360,5184,4.0,1366329600
30361,5185,4.0,1389916800
10794,5185,5.0,1394755200
30362,5186,5.0,1369699200
30363,5187,5.0,1366156800
30364,5188,2.0,1403308800
30365,5188,4.0,1403222400
24050,5189,4.0,1370908800
30366,5190,1.0,1389398400
30367,5190,5.0,1395187200
30368,5191,1.0,1398211200
30369,5192,2.0,1377129600
30370,5193,5.0,1382313600
30371,5194,5.0,1371168000
30372,5194,4.0,1405728000
30373,5195,1.0,1370217600
30374,5195,2.0,1402012800
30375,5195,5.0,1363737600
30376,5196,4.0,1381363200
30377,5196,5.0,1369612800
23107,5198,5.0,1369008000
30378,5197,2.0,1396915200
30379,5199,5.0,1382572800
30380,5201,5.0,1398297600
30381,5201,5.0,1400544000
30382,5200,5.0,1384560000
30383,5202,5.0,1385510400
30384,5202,5.0,1399248000
30385,5202,5.0,1382400000
30386,5202,5.0,1389312000
30387,5202,2.0,1395619200
30388,5202,3.0,1388016000
30389,5202,5.0,1386547200
30390,5202,5.0,1396828800
30391,5202,1.0,1394323200
30392,5202,5.0,1391644800
30393,5202,5.0,1389225600
30394,5202,2.0,1394841600
30395,5202,5.0,1401840000
30396,5202,4.0,1388620800
30397,5202,5.0,1386201600
30398,5202,5.0,1390176000
30399,5202,5.0,1393977600
30400,5202,5.0,1385078400
30401,5202,4.0,1395273600
30402,5202,5.0,1395014400
30403,5202,4.0,1383868800
30404,5202,5.0,1389052800
30405,5202,5.0,1395360000
30406,5202,5.0,1365379200
30407,5202,5.0,1372809600
30408,5202,5.0,1388966400
30409,5202,5.0,1397779200
30410,5202,5.0,1392249600
30411,5203,5.0,1369008000
30412,5203,5.0,1371081600
30413,5204,4.0,1391731200
30414,5205,4.0,1398038400
30415,5206,1.0,1389225600
30416,5208,1.0,1368748800
30417,5207,5.0,1370476800
30418,5210,1.0,1375142400
30419,5211,3.0,1369094400
30420,5209,5.0,1383091200
30421,5209,5.0,1374105600
30422,5209,5.0,1393804800
30423,5209,5.0,1393200000
30424,5212,5.0,1367539200
30425,5213,5.0,1370908800
30426,5214,5.0,1395100800
30427,5215,4.0,1368489600
30428,5216,1.0,1380153600
30429,5216,2.0,1389830400
30430,5217,5.0,1384732800
30431,5218,2.0,1388275200
30432,5218,5.0,1375488000
30433,5218,3.0,1364428800
30434,5218,1.0,1375401600
30435,5219,5.0,1367107200
30436,5219,2.0,1375228800
30437,5219,4.0,1405641600
5665,5219,2.0,1404259200
30438,5219,3.0,1372550400
6050,5219,2.0,1385769600
30439,5219,4.0,1404864000
30440,5219,4.0,1376697600
30441,5220,1.0,1372550400
30442,5220,3.0,1376006400
30443,5220,5.0,1367366400
30444,5220,5.0,1377216000
30445,5220,4.0,1368921600
30446,5220,2.0,1372377600
30447,5220,3.0,1374019200
30448,5220,3.0,1372809600
30449,5220,2.0,1374883200
30450,5220,2.0,1373846400
30451,5220,1.0,1380758400
30452,5220,5.0,1371340800
30453,5221,5.0,1361491200
30454,5222,5.0,1366588800
30455,5223,5.0,1400803200
30456,5224,3.0,1386115200
30457,5225,1.0,1386633600
30458,5225,5.0,1380844800
30459,5225,5.0,1380672000
30460,5225,3.0,1395360000
30461,5226,4.0,1370131200
30462,5226,3.0,1369612800
30463,5226,5.0,1366848000
30464,5227,5.0,1390780800
30465,5227,5.0,1397088000
30466,5227,5.0,1396656000
30467,5227,5.0,1391990400
30468,5228,5.0,1368748800
30469,5229,5.0,1370822400
30470,5230,5.0,1390953600
30471,5231,2.0,1387497600
30472,5231,5.0,1382918400
30473,5231,4.0,1382313600
30474,5232,5.0,1370304000
30475,5234,5.0,1375920000
30476,5234,1.0,1386115200
30477,5234,5.0,1362268800
30478,5234,5.0,1364428800
30479,5234,2.0,1367193600
30480,5234,5.0,1362355200
30481,5233,4.0,1377129600
30482,5235,4.0,1382486400
30483,5235,4.0,1386374400
30484,5235,5.0,1382572800
30485,5235,5.0,1393891200
30486,5235,5.0,1382918400
30487,5235,5.0,1374019200
30488,5236,5.0,1401148800
6061,5236,3.0,1384473600
30489,5236,3.0,1382400000
30490,5236,5.0,1356652800
30491,5236,1.0,1399593600
30492,5236,5.0,1382918400
30493,5236,4.0,1385164800
30494,5236,5.0,1394409600
30495,5236,3.0,1375056000
30496,5236,4.0,1399507200
30497,5236,5.0,1395792000
30498,5236,5.0,1364428800
30499,5236,4.0,1363651200
30500,5236,5.0,1377648000
30501,5236,5.0,1380672000
30502,5236,3.0,1365984000
30503,5236,5.0,1386806400
30504,5236,3.0,1383868800
30505,5236,5.0,1366243200
11548,5236,5.0,1385164800
30506,5236,3.0,1386892800
30507,5236,3.0,1397952000
30508,5236,5.0,1361664000
30509,5236,5.0,1343779200
30510,5236,4.0,1391472000
30511,5236,3.0,1389830400
30512,5236,3.0,1385337600
30513,5236,4.0,1396310400
30514,5236,5.0,1390867200
30515,5236,5.0,1382745600
30516,5236,4.0,1372032000
30517,5236,5.0,1366675200
30518,5236,4.0,1392768000
30519,5236,5.0,1381881600
30520,5236,4.0,1387152000
30521,5236,3.0,1389052800
30522,5236,4.0,1366416000
30523,5236,4.0,1367798400
30524,5236,4.0,1396396800
30525,5236,4.0,1400889600
30526,5236,4.0,1380412800
30527,5236,5.0,1404259200
30528,5237,5.0,1388620800
30529,5237,5.0,1389398400
30530,5237,1.0,1402099200
30531,5237,5.0,1389225600
30532,5238,5.0,1376611200
1103,5239,5.0,1396828800
30533,5240,5.0,1365811200
30534,5240,3.0,1384819200
30535,5240,3.0,1368748800
30536,5240,5.0,1368662400
30537,5240,1.0,1369440000
30538,5242,5.0,1375228800
30539,5242,1.0,1374710400
30540,5243,2.0,1383004800
30541,5241,1.0,1386979200
30542,5241,1.0,1363651200
30543,5244,5.0,1367798400
30544,5245,5.0,1224806400
30545,5245,5.0,1233619200
30546,5245,5.0,1400112000
30547,5245,1.0,1387929600
30548,5245,5.0,1378512000
30549,5245,5.0,1367884800
30550,5245,5.0,1224892800
30551,5245,5.0,1387929600
30552,5245,4.0,1384387200
30553,5245,5.0,1226102400
30554,5245,5.0,1362528000
30555,5245,5.0,1386288000
30556,5245,5.0,1400976000
30557,5245,5.0,1227484800
30558,5245,5.0,1225324800
30559,5245,5.0,1365292800
30560,5245,5.0,1398211200
30561,5245,5.0,1370476800
30562,5245,5.0,1382227200
30563,5245,5.0,1385769600
30564,5246,5.0,1389139200
30565,5247,5.0,1384819200
30566,5248,5.0,1380153600
30567,5249,2.0,1389916800
30568,5250,4.0,1391385600
30569,5251,5.0,1376524800
30570,5252,5.0,1372636800
30571,5253,5.0,1398297600
30572,5254,1.0,1395360000
30573,5254,5.0,1386374400
30574,5254,5.0,1388448000
30575,5255,4.0,1374883200
30576,5255,3.0,1385164800
30577,5255,5.0,1372982400
30578,5255,3.0,1388102400
30579,5255,5.0,1378166400
30580,5255,5.0,1396742400
30581,5255,5.0,1386979200
30582,5255,4.0,1391731200
30583,5255,5.0,1389657600
30584,5255,5.0,1374019200
30585,5255,4.0,1402963200
30586,5255,5.0,1377561600
17187,5255,5.0,1380067200
30587,5255,5.0,1389916800
13654,5255,4.0,1379289600
30588,5255,5.0,1375574400
30589,5255,5.0,1405036800
30590,5255,3.0,1396224000
30591,5255,5.0,1393113600
30592,5255,5.0,1391385600
30593,5255,5.0,1398643200
30594,5255,2.0,1405814400
30595,5255,1.0,1394668800
30596,5255,3.0,1372377600
30597,5255,5.0,1397606400
30598,5255,5.0,1380844800
30599,5255,4.0,1395705600
30600,5255,5.0,1404172800
30601,5255,3.0,1400284800
30602,5255,4.0,1398902400
30603,5255,1.0,1395187200
30604,5255,5.0,1387584000
30605,5255,3.0,1392768000
30606,5255,5.0,1386288000
30607,5255,4.0,1405900800
30608,5255,5.0,1376870400
30609,5255,5.0,1387238400
30610,5255,5.0,1398643200
30611,5255,5.0,1373068800
30612,5255,5.0,1372291200
30613,5255,5.0,1398729600
30614,5255,5.0,1375747200
30615,5255,5.0,1394150400
30616,5255,5.0,1382745600
30617,5255,5.0,1391212800
30618,5255,5.0,1394323200
30619,5255,3.0,1380240000
30620,5255,1.0,1379635200
30621,5255,5.0,1382745600
30622,5255,5.0,1398384000
30623,5255,5.0,1385424000
30624,5255,4.0,1385596800
30625,5255,1.0,1391040000
30626,5255,5.0,1402963200
30627,5255,4.0,1383523200
30628,5255,5.0,1398902400
30629,5255,4.0,1371081600
30630,5255,5.0,1384214400
30631,5255,5.0,1385769600
30632,5255,5.0,1372377600
30633,5255,4.0,1402704000
30634,5255,5.0,1396569600
30635,5255,4.0,1405036800
30636,5255,2.0,1399680000
30637,5255,5.0,1378684800
30638,5255,2.0,1398816000
30639,5255,5.0,1396396800
30640,5255,4.0,1405900800
30641,5255,3.0,1405123200
30642,5255,4.0,1402272000
30643,5255,5.0,1395100800
30644,5255,4.0,1388620800
30645,5255,5.0,1397174400
30646,5255,4.0,1385164800
30647,5255,5.0,1398816000
30648,5255,5.0,1393804800
30649,5255,5.0,1394323200
30650,5255,5.0,1386806400
30651,5255,5.0,1391990400
30652,5255,5.0,1371859200
30653,5255,5.0,1382572800
30654,5255,5.0,1390348800
30655,5255,4.0,1396396800
30656,5255,1.0,1400284800
30657,5255,4.0,1383436800
30658,5255,5.0,1392163200
30659,5255,4.0,1385683200
30660,5255,4.0,1378512000
30661,5255,4.0,1394928000
30662,5255,5.0,1372809600
30663,5255,4.0,1375056000
30664,5255,5.0,1395014400
30665,5255,4.0,1372550400
30666,5255,5.0,1384992000
30667,5255,4.0,1390348800
30668,5255,4.0,1394323200
30669,5255,5.0,1398988800
30670,5255,4.0,1375574400
30671,5255,5.0,1380326400
30672,5255,5.0,1389139200
30673,5255,5.0,1404691200
30674,5255,5.0,1405728000
30675,5255,5.0,1384473600
30676,5255,4.0,1376784000
30677,5255,5.0,1399766400
30678,5255,5.0,1372291200
30679,5255,4.0,1405987200
30680,5255,1.0,1399680000
30681,5255,5.0,1402704000
30682,5255,5.0,1369180800
30683,5255,1.0,1391990400
30684,5255,5.0,1388534400
30685,5255,5.0,1379030400
30686,5255,5.0,1371254400
30687,5255,4.0,1400025600
30688,5255,5.0,1368576000
30689,5255,5.0,1383868800
30690,5255,4.0,1389052800
30691,5255,5.0,1397779200
30692,5255,2.0,1388966400
30693,5255,4.0,1405209600
30694,5255,1.0,1399420800
30695,5255,4.0,1405209600
30696,5255,5.0,1375574400
30697,5255,5.0,1399248000
30698,5255,5.0,1389052800
30699,5255,5.0,1377475200
30700,5255,4.0,1398556800
30701,5255,5.0,1392422400
30702,5255,5.0,1381276800
30703,5255,4.0,1389225600
30704,5255,5.0,1401408000
30705,5255,5.0,1397692800
30706,5255,5.0,1401148800
30707,5255,5.0,1388620800
30708,5255,5.0,1390521600
30709,5255,5.0,1389225600
30710,5255,3.0,1393027200
30711,5255,5.0,1404604800
30712,5255,1.0,1387324800
30713,5255,5.0,1400112000
30714,5255,5.0,1386547200
30715,5255,5.0,1382572800
30716,5255,5.0,1396310400
30717,5255,5.0,1398470400
30718,5255,5.0,1405641600
30719,5255,4.0,1400976000
30720,5255,1.0,1400371200
30721,5255,5.0,1376352000
30722,5255,4.0,1371427200
30723,5255,3.0,1397174400
30724,5255,5.0,1399593600
30725,5255,5.0,1370908800
30726,5255,5.0,1382918400
30727,5255,5.0,1372723200
30728,5255,3.0,1386028800
30729,5255,4.0,1404950400
30730,5255,5.0,1382659200
30731,5255,5.0,1370390400
30732,5255,5.0,1378166400
30733,5255,3.0,1400976000
30734,5255,4.0,1374537600
30735,5255,5.0,1381449600
30736,5255,5.0,1384473600
30737,5255,5.0,1403308800
30738,5255,3.0,1402531200
30739,5256,5.0,1401840000
30740,5257,5.0,1354320000
30741,5257,5.0,1378771200
30742,5257,5.0,1386979200
30743,5257,5.0,1390521600
30744,5257,4.0,1357603200
30745,5257,5.0,1374796800
30746,5258,3.0,1372636800
30747,5258,2.0,1370044800
30748,5258,5.0,1387584000
30749,5258,5.0,1369180800
30750,5259,5.0,1394928000
30751,5259,5.0,1405728000
30752,5259,5.0,1380672000
30753,5259,5.0,1394323200
30754,5259,5.0,1370995200
30755,5259,5.0,1382400000
30756,5260,5.0,1392336000
30757,5260,4.0,1395878400
30758,5260,4.0,1390780800
30759,5261,1.0,1382313600
30760,5261,5.0,1371600000
21464,5262,1.0,1396569600
30761,5263,3.0,1373587200
30762,5264,4.0,1404864000
30763,5265,1.0,1366934400
30764,5265,1.0,1366070400
30765,5265,1.0,1366675200
30766,5265,5.0,1367539200
30767,5265,1.0,1375056000
30768,5266,5.0,1403481600
30769,5266,5.0,1375142400
30770,5267,5.0,1383696000
30771,5267,5.0,1402531200
30772,5267,5.0,1393459200
30773,5267,1.0,1393286400
30774,5267,5.0,1387324800
30775,5267,5.0,1388620800
30776,5267,5.0,1404950400
30777,5267,5.0,1403395200
30778,5267,5.0,1389916800
30779,5267,5.0,1397260800
30780,5267,5.0,1375315200
30781,5270,4.0,1396656000
30782,5271,1.0,1387929600
30783,5271,1.0,1397347200
30784,5271,5.0,1399939200
30785,5271,5.0,1370131200
30783,5268,1.0,1397347200
30786,5269,4.0,1405036800
30787,5272,5.0,1388707200
30788,5273,5.0,1378944000
30789,5273,3.0,1397347200
30790,5273,5.0,1405987200
30791,5274,3.0,1386720000
30792,5274,5.0,1389571200
30793,5274,2.0,1372550400
30794,5274,5.0,1394150400
30795,5275,5.0,1380240000
30796,5276,3.0,1371254400
30797,5276,5.0,1391817600
30798,5276,1.0,1388102400
30799,5276,4.0,1381017600
30800,5277,5.0,1390262400
30801,5277,5.0,1391644800
30802,5277,5.0,1405468800
30803,5277,5.0,1367971200
30804,5277,1.0,1404864000
30805,5277,5.0,1390262400
30806,5277,5.0,1405814400
30807,5277,5.0,1399939200
30808,5277,4.0,1391558400
30809,5277,5.0,1400457600
30810,5277,5.0,1369526400
30811,5278,5.0,1374796800
30812,5279,5.0,1375488000
30813,5279,5.0,1381708800
30814,5280,1.0,1383696000
30815,5280,5.0,1389657600
30816,5281,5.0,1375228800
18110,5282,4.0,1372032000
30817,5282,4.0,1381276800
27694,5282,5.0,1379894400
30818,5282,5.0,1379116800
30819,5283,5.0,1374537600
30820,5283,1.0,1386288000
30821,5283,3.0,1386892800
30822,5283,5.0,1376179200
30823,5283,5.0,1405814400
30824,5284,4.0,1392681600
30825,5285,5.0,1367020800
30826,5286,1.0,1370131200
30827,5287,1.0,1389916800
30828,5287,4.0,1375228800
30829,5287,5.0,1401321600
30830,5287,2.0,1374364800
30831,5288,5.0,1376524800
30832,5289,5.0,1376179200
30833,5289,5.0,1393459200
30834,5290,5.0,1394064000
30835,5291,5.0,1377561600
30836,5292,5.0,1401926400
30837,5292,1.0,1365379200
30838,5292,5.0,1369699200
30839,5293,5.0,1377907200
30840,5293,5.0,1380412800
30841,5294,4.0,1386028800
30842,5295,5.0,1396224000
30843,5295,5.0,1401840000
30844,5296,5.0,1371427200
30845,5297,4.0,1385856000
30846,5297,3.0,1381190400
30847,5297,5.0,1392422400
30848,5297,1.0,1381622400
30849,5297,5.0,1374451200
30850,5297,4.0,1403136000
30851,5297,4.0,1394928000
30852,5297,5.0,1386979200
30853,5297,1.0,1381968000
30854,5297,5.0,1379808000
30855,5297,5.0,1394841600
30856,5297,5.0,1397347200
30857,5297,5.0,1404691200
30858,5297,4.0,1387497600
30859,5297,4.0,1394668800
30860,5297,4.0,1375660800
30861,5297,5.0,1401667200
30862,5297,2.0,1397088000
30863,5297,5.0,1381968000
30864,5297,5.0,1400284800
30865,5297,2.0,1387411200
30866,5297,5.0,1370304000
30867,5297,1.0,1383782400
30868,5297,4.0,1395705600
30869,5297,3.0,1382486400
30870,5297,4.0,1388707200
30871,5297,5.0,1405900800
30872,5297,5.0,1379548800
30873,5297,5.0,1381968000
30874,5297,4.0,1403222400
30875,5297,1.0,1394928000
30876,5297,5.0,1390867200
30877,5297,5.0,1395273600
30878,5298,5.0,1376956800
30879,5298,4.0,1380672000
30880,5299,5.0,1393804800
30881,5299,3.0,1392681600
30882,5300,5.0,1404604800
30883,5301,1.0,1394582400
30884,5301,1.0,1374710400
30885,5301,1.0,1374710400
30886,5302,5.0,1370304000
30887,5303,3.0,1373932800
30888,5304,2.0,1371168000
30889,5305,5.0,1403654400
30890,5306,5.0,1387411200
30891,5307,5.0,1386806400
30892,5308,5.0,1387238400
28843,5309,4.0,1383868800
30893,5309,5.0,1392854400
30894,5310,5.0,1383696000
30895,5311,1.0,1370304000
30896,5312,1.0,1398902400
30897,5313,5.0,1393027200
30898,5314,1.0,1383609600
30899,5315,5.0,1388793600
30900,5316,1.0,1388188800
30901,5317,1.0,1376265600
30902,5317,1.0,1373846400
30903,5318,5.0,1377043200
30904,5319,5.0,1379894400
30905,5319,5.0,1386288000
30906,5319,4.0,1375920000
30907,5320,4.0,1403222400
30908,5321,5.0,1395619200
30909,5322,5.0,1365206400
30910,5323,5.0,1400630400
30911,5323,3.0,1389398400
30912,5324,5.0,1376092800
30913,5325,5.0,1384300800
30914,5325,4.0,1384646400
30915,5326,1.0,1394582400
25529,5326,2.0,1387843200
30916,5326,4.0,1377043200
30917,5327,5.0,1404432000
30918,5327,5.0,1371772800
30919,5327,5.0,1401321600
30920,5328,5.0,1375142400
30921,5329,5.0,1402876800
30922,5329,5.0,1377820800
30923,5330,5.0,1393718400
30924,5331,4.0,1386374400
30925,5331,2.0,1401494400
30926,5331,5.0,1390003200
30927,5331,3.0,1386720000
30928,5332,5.0,1395014400
30929,5332,2.0,1368576000
30930,5332,1.0,1405123200
30931,5332,5.0,1366243200
30932,5332,5.0,1397001600
30933,5333,5.0,1379030400
30934,5334,5.0,1405728000
30935,5334,5.0,1377129600
30936,5334,3.0,1399593600
30937,5335,4.0,1392595200
30938,5335,4.0,1382054400
30939,5343,5.0,1395187200
30940,5343,4.0,1394236800
30941,5343,5.0,1401321600
30942,5343,5.0,1398297600
30943,5343,5.0,1390176000
30944,5343,5.0,1392422400
30945,5343,5.0,1386288000
30946,5343,5.0,1397088000
30947,5343,1.0,1397260800
30948,5343,4.0,1400284800
30949,5343,5.0,1393459200
30950,5343,5.0,1392768000
30951,5343,5.0,1396742400
30952,5343,5.0,1399766400
30953,5343,5.0,1402012800
30954,5343,5.0,1386115200
30955,5338,2.0,1392163200
30956,5338,5.0,1393718400
30957,5338,5.0,1371945600
30958,5336,5.0,1404432000
30959,5337,1.0,1366588800
30960,5340,1.0,1377129600
30961,5340,5.0,1387584000
30962,5340,3.0,1381104000
30543,5340,4.0,1377129600
30963,5339,4.0,1404172800
30964,5339,5.0,1405900800
30965,5344,5.0,1393200000
30966,5342,4.0,1400544000
30967,5342,1.0,1404172800
30968,5342,1.0,1398988800
30969,5342,1.0,1400112000
30970,5342,1.0,1402358400
30971,5342,4.0,1396656000
30972,5342,1.0,1401580800
30973,5342,5.0,1395360000
30974,5342,5.0,1393718400
30975,5341,5.0,1395619200
30976,5341,5.0,1403049600
30977,5341,5.0,1397520000
30978,5341,5.0,1394928000
30979,5345,1.0,1375920000
30980,5346,5.0,1395446400
30981,5346,5.0,1369180800
30982,5346,5.0,1397692800
30983,5346,2.0,1405814400
30984,5346,1.0,1382400000
30985,5346,5.0,1400976000
30986,5346,1.0,1385769600
30987,5346,5.0,1368403200
30988,5346,4.0,1401840000
30989,5346,3.0,1396483200
30990,5348,5.0,1393718400
30991,5347,2.0,1371168000
30992,5351,5.0,1391040000
30993,5349,4.0,1374192000
30994,5349,5.0,1377561600
30995,5349,1.0,1380672000
30996,5349,1.0,1376352000
30997,5350,5.0,1381363200
30998,5350,5.0,1379462400
30999,5352,3.0,1395187200
31000,5353,5.0,1375142400
31001,5353,5.0,1372636800
31002,5354,5.0,1376524800
31003,5355,5.0,1399852800
31004,5355,4.0,1377129600
11120,5356,5.0,1396569600
31005,5357,5.0,1390867200
31006,5358,1.0,1387843200
31007,5359,5.0,1388361600
31008,5360,5.0,1381708800
31009,5360,3.0,1380672000
31010,5360,5.0,1389571200
31011,5360,5.0,1394668800
31012,5360,5.0,1399161600
31013,5360,3.0,1405036800
31014,5360,5.0,1392336000
31015,5360,5.0,1387152000
31016,5360,5.0,1389225600
31017,5360,5.0,1383264000
24708,5360,5.0,1405555200
31018,5360,4.0,1384992000
31019,5360,5.0,1384992000
31020,5360,4.0,1386288000
31021,5360,5.0,1388707200
12187,5360,5.0,1402531200
31022,5360,5.0,1375228800
31023,5360,5.0,1384300800
31024,5360,5.0,1376956800
19617,5360,5.0,1378944000
31025,5360,5.0,1400544000
31026,5360,5.0,1402272000
31027,5360,5.0,1387843200
31028,5360,5.0,1395014400
31029,5360,5.0,1402531200
31030,5360,5.0,1393372800
31031,5360,5.0,1386979200
14804,5360,5.0,1398211200
31032,5360,5.0,1396656000
31033,5360,5.0,1384128000
31034,5360,5.0,1378080000
31035,5360,5.0,1400976000
31036,5365,5.0,1379030400
31037,5365,4.0,1402012800
31038,5364,5.0,1382486400
31039,5368,5.0,1383004800
31040,5368,1.0,1380412800
31041,5372,1.0,1381536000
31042,5372,5.0,1379462400
31043,5361,1.0,1405987200
31044,5361,5.0,1371081600
31045,5362,4.0,1386374400
31046,5366,4.0,1380672000
31047,5366,5.0,1381104000
31048,5370,5.0,1367366400
31049,5363,5.0,1391644800
31050,5363,2.0,1387065600
31051,5378,5.0,1381968000
31052,5378,1.0,1376611200
31040,5378,4.0,1380412800
31053,5378,1.0,1380931200
31054,5378,5.0,1370908800
31055,5378,1.0,1381881600
31056,5378,3.0,1389052800
31057,5378,3.0,1395446400
31058,5378,2.0,1384732800
2826,5369,5.0,1376870400
31059,5367,4.0,1384646400
31060,5374,1.0,1393804800
31061,5374,1.0,1393286400
31062,5371,1.0,1375660800
31063,5373,5.0,1392768000
31049,5375,5.0,1391644800
31064,5375,2.0,1395964800
31065,5375,2.0,1393545600
31066,5375,1.0,1389484800
31067,5375,2.0,1387238400
31068,5375,1.0,1393804800
31069,5376,4.0,1383091200
31070,5376,5.0,1382313600
31071,5377,1.0,1393286400
31072,5377,1.0,1385251200
31073,5377,1.0,1379894400
31074,5377,1.0,1387670400
31075,5377,1.0,1387152000
31076,5377,1.0,1389225600
31077,5377,1.0,1373241600
31078,5377,5.0,1387238400
31079,5377,1.0,1388534400
31080,5377,1.0,1391558400
31081,5377,1.0,1394928000
31082,5377,2.0,1383264000
31083,5379,5.0,1381622400
31084,5379,5.0,1382745600
30928,5380,5.0,1395014400
31085,5380,2.0,1376179200
31086,5380,1.0,1405555200
31087,5380,5.0,1404950400
30931,5380,5.0,1366329600
31088,5380,1.0,1384905600
31089,5380,1.0,1370649600
30932,5380,5.0,1397001600
31090,5381,5.0,1387152000
31091,5382,5.0,1404172800
30928,5382,5.0,1395014400
31092,5382,1.0,1403222400
31093,5382,5.0,1399420800
31094,5382,2.0,1377820800
30932,5382,5.0,1397001600
31095,5383,4.0,1377388800
31096,5383,5.0,1381276800
31097,5384,5.0,1372118400
31098,5385,1.0,1373241600
31099,5386,1.0,1373500800
31100,5387,3.0,1384387200
31101,5387,1.0,1397001600
31102,5388,1.0,1378512000
31103,5389,4.0,1379376000
30928,5390,5.0,1395014400
31104,5390,5.0,1404086400
4848,5390,1.0,1381536000
30931,5390,5.0,1366329600
31105,5390,1.0,1404172800
30932,5390,5.0,1397001600
31106,5390,2.0,1402272000
30928,5391,5.0,1395014400
31107,5391,1.0,1403136000
30931,5391,5.0,1366243200
30932,5391,5.0,1397001600
31108,5392,1.0,1371600000
31109,5393,1.0,1371859200
31110,5395,4.0,1377734400
31111,5395,5.0,1388188800
31112,5396,5.0,1382745600
31113,5394,5.0,1393459200
31114,5397,4.0,1405987200
31115,5397,3.0,1396224000
31116,5397,4.0,1396569600
31117,5397,5.0,1396137600
31118,5398,4.0,1386547200
31119,5398,2.0,1377043200
31120,5398,4.0,1384300800
31121,5402,1.0,1395273600
31122,5402,2.0,1402444800
31123,5402,5.0,1391731200
31124,5402,1.0,1388620800
31125,5402,2.0,1394928000
31126,5402,5.0,1393372800
31127,5399,5.0,1402617600
31128,5399,4.0,1395619200
31129,5399,5.0,1393200000
31130,5399,5.0,1392163200
31131,5399,5.0,1394582400
31132,5400,5.0,1377302400
31133,5407,1.0,1404777600
31134,5407,1.0,1399334400
31135,5409,5.0,1383177600
31136,5409,5.0,1377734400
31137,5408,5.0,1384560000
31138,5412,5.0,1378598400
31139,5405,3.0,1377993600
31140,5405,5.0,1391644800
31141,5405,5.0,1398729600
31142,5406,3.0,1403740800
31143,5401,2.0,1403568000
31144,5401,3.0,1395964800
31145,5401,3.0,1395878400
31146,5403,3.0,1389312000
31147,5403,5.0,1395532800
31148,5403,3.0,1394755200
31149,5403,3.0,1391040000
31150,5403,1.0,1388102400
31151,5404,1.0,1389398400
31152,5411,1.0,1377388800
31153,5411,1.0,1378512000
31154,5415,2.0,1394236800
31155,5415,1.0,1394409600
31156,5410,3.0,1378512000
31157,5413,5.0,1368489600
30727,5413,5.0,1372723200
31158,5414,4.0,1390867200
31159,5414,5.0,1390003200
31160,5414,5.0,1397779200
31161,5414,5.0,1391299200
31162,5416,5.0,1395878400
31163,5416,5.0,1404259200
31164,5417,5.0,1402012800
31165,5418,1.0,1401494400
31166,5418,3.0,1375401600
31167,5418,1.0,1381968000
25476,5418,1.0,1385251200
31168,5418,1.0,1405468800
31169,5418,1.0,1397952000
31170,5418,1.0,1398211200
31171,5418,3.0,1377734400
31172,5418,1.0,1405814400
31173,5418,3.0,1388620800
31174,5419,5.0,1398643200
31175,5420,5.0,1382400000
31176,5420,5.0,1395187200
31177,5420,3.0,1389744000
31178,5420,1.0,1397001600
31179,5421,5.0,1395619200
31180,5422,5.0,1376352000
23588,5423,5.0,1386979200
31181,5424,5.0,1394755200
31182,5425,5.0,1393718400
31183,5426,5.0,1374537600
31184,5427,5.0,1394409600
31185,5427,5.0,1396742400
31186,5427,3.0,1389830400
31187,5427,2.0,1397260800
31188,5427,3.0,1395532800
31189,5427,2.0,1376524800
31190,5427,5.0,1386460800
31191,5427,2.0,1392681600
31192,5427,4.0,1389052800
31193,5428,4.0,1391817600
31194,5429,3.0,1398297600
31195,5430,5.0,1377129600
31196,5431,5.0,1403308800
31197,5431,5.0,1402876800
31198,5433,2.0,1404691200
31199,5433,2.0,1396396800
31200,5433,2.0,1395446400
31201,5432,2.0,1390176000
31202,5434,4.0,1396224000
31203,5435,1.0,1400457600
31204,5436,4.0,1377734400
31205,5437,5.0,1381449600
31206,5438,1.0,1382745600
31207,5439,5.0,1398643200
31208,5439,1.0,1402358400
31209,5441,1.0,1390089600
31210,5440,4.0,1393891200
31211,5442,5.0,1404777600
30932,5442,5.0,1397001600
31212,5443,4.0,1376006400
31213,5445,4.0,1369180800
31214,5444,5.0,1393372800
31215,5446,2.0,1378425600
31216,5447,4.0,1370476800
31217,5448,5.0,1399248000
31218,5449,1.0,1384041600
31219,5450,1.0,1391990400
31220,5451,4.0,1370304000
31221,5452,2.0,1379289600
31222,5452,1.0,1387324800
31223,5452,4.0,1381708800
31224,5453,5.0,1376265600
31225,5453,5.0,1389312000
31226,5453,2.0,1399593600
31227,5453,5.0,1403049600
31228,5454,5.0,1402099200
31229,5455,5.0,1397088000
31230,5455,2.0,1402876800
31231,5455,5.0,1388188800
31232,5455,3.0,1404172800
31233,5456,1.0,1374710400
31234,5457,4.0,1372377600
31235,5458,3.0,1378080000
31236,5459,5.0,1400112000
31237,5460,4.0,1375315200
31238,5460,3.0,1387411200
31239,5461,2.0,1372723200
31240,5461,4.0,1385424000
31241,5461,5.0,1388275200
31242,5461,3.0,1374537600
31243,5462,3.0,1381104000
31244,5462,4.0,1398297600
31245,5462,5.0,1374537600
31246,5462,4.0,1399680000
31247,5463,4.0,1386892800
31248,5464,5.0,1372896000
31249,5464,1.0,1370304000
31250,5464,1.0,1370390400
31251,5464,1.0,1371772800
31252,5464,2.0,1372204800
31253,5464,4.0,1385942400
31254,5465,5.0,1384214400
31255,5466,5.0,1395878400
31256,5467,5.0,1383696000
31257,5468,2.0,1369008000
31258,5468,5.0,1374019200
31259,5469,4.0,1389484800
31260,5469,1.0,1387497600
31261,5469,3.0,1386806400
31262,5470,4.0,1390694400
31263,5470,5.0,1381708800
31264,5470,4.0,1395187200
31265,5470,5.0,1393891200
31266,5470,5.0,1386115200
31267,5470,4.0,1395878400
31268,5470,4.0,1386460800
31269,5470,5.0,1388966400
31270,5470,4.0,1393977600
31271,5470,3.0,1387843200
31272,5470,5.0,1395705600
31273,5470,4.0,1401235200
31274,5470,5.0,1398038400
31275,5470,5.0,1398211200
31276,5470,5.0,1382832000
31277,5470,3.0,1390521600
31278,5470,5.0,1401840000
31279,5470,5.0,1375056000
31280,5470,5.0,1386115200
31281,5470,5.0,1395619200
31282,5470,1.0,1390003200
31283,5470,5.0,1395273600
31284,5470,3.0,1401926400
31285,5470,5.0,1395792000
31286,5470,4.0,1390694400
31287,5471,5.0,1405036800
31288,5472,5.0,1395705600
24570,5472,5.0,1404086400
31289,5472,3.0,1398556800
31290,5472,5.0,1396828800
31291,5472,5.0,1403568000
31292,5473,5.0,1396137600
31293,5473,5.0,1377734400
31294,5474,1.0,1394841600
31295,5475,5.0,1402790400
31296,5476,5.0,1374364800
31297,5477,5.0,1371600000
31298,5478,5.0,1389830400
6427,5479,5.0,1388102400
31299,5479,5.0,1405209600
31300,5480,5.0,1385942400
31301,5480,5.0,1405987200
31302,5480,5.0,1376870400
31303,5481,1.0,1378598400
31304,5481,5.0,1383177600
31305,5482,5.0,1380326400
31306,5483,4.0,1384473600
31307,5484,5.0,1375401600
31308,5484,5.0,1391990400
31309,5485,4.0,1392768000
31310,5485,3.0,1386115200
31311,5485,2.0,1382659200
31312,5486,5.0,1375228800
31313,5487,5.0,1393200000
31314,5488,5.0,1383350400
31315,5490,1.0,1374969600
29431,5489,5.0,1373068800
31316,5491,3.0,1372809600
31317,5491,3.0,1366848000
31318,5491,5.0,1354665600
31319,5491,1.0,1392422400
31320,5491,1.0,1402012800
31321,5491,2.0,1334966400
31322,5491,3.0,1397174400
31323,5491,1.0,1395273600
31324,5491,1.0,1376870400
31325,5491,5.0,1372204800
31326,5491,4.0,1368921600
31327,5492,2.0,1405900800
31328,5492,3.0,1393459200
31329,5492,5.0,1384732800
31330,5492,5.0,1396051200
31331,5492,1.0,1378598400
31332,5492,5.0,1400284800
31333,5492,3.0,1405641600
31334,5492,5.0,1375488000
31335,5492,5.0,1403222400
31336,5493,5.0,1388016000
31337,5494,4.0,1394064000
31338,5494,5.0,1385769600
31339,5495,5.0,1375660800
31340,5496,5.0,1392336000
31341,5497,5.0,1378684800
31342,5497,5.0,1375833600
31343,5497,5.0,1373500800
31344,5497,4.0,1374969600
31345,5497,5.0,1376697600
31346,5497,5.0,1376524800
31347,5498,4.0,1379548800
31348,5499,1.0,1391904000
31349,5500,5.0,1388707200
31350,5501,5.0,1371686400
31351,5501,5.0,1372377600
31352,5502,5.0,1390694400
31353,5503,4.0,1395187200
31354,5503,5.0,1405123200
31355,5503,3.0,1398470400
31356,5503,5.0,1397001600
31357,5503,2.0,1395360000
31358,5503,4.0,1402012800
31359,5503,1.0,1380844800
11557,5503,3.0,1404691200
31360,5503,4.0,1404691200
31361,5503,5.0,1391558400
31362,5503,5.0,1401235200
31363,5503,5.0,1390521600
31364,5503,5.0,1388102400
31365,5503,5.0,1402444800
31366,5503,5.0,1405036800
31367,5503,3.0,1403308800
31368,5503,4.0,1394409600
31369,5503,5.0,1385510400
31370,5503,1.0,1398470400
31371,5503,5.0,1397088000
31372,5503,5.0,1402185600
31373,5503,5.0,1402963200
31374,5503,5.0,1404172800
17829,5503,5.0,1380844800
31375,5503,4.0,1405814400
31376,5503,3.0,1380412800
31377,5503,5.0,1404086400
31378,5503,5.0,1405209600
31379,5503,5.0,1398124800
31380,5503,3.0,1378425600
31381,5503,5.0,1396742400
31382,5503,5.0,1392422400
31383,5503,3.0,1394064000
5194,5503,5.0,1405036800
31384,5503,3.0,1391990400
31385,5503,3.0,1395532800
31386,5503,5.0,1399507200
31387,5503,5.0,1394755200
31388,5503,3.0,1384732800
31389,5503,4.0,1385251200
31390,5503,5.0,1402444800
31391,5503,5.0,1389398400
31392,5503,3.0,1390521600
31393,5503,5.0,1398988800
31394,5503,5.0,1396051200
31395,5503,3.0,1397606400
31396,5503,1.0,1393891200
31397,5503,5.0,1400025600
31398,5503,5.0,1399680000
31399,5503,5.0,1399420800
31400,5503,5.0,1390867200
31401,5503,3.0,1404864000
31402,5503,4.0,1392940800
31403,5503,5.0,1399852800
31404,5503,5.0,1391299200
31405,5503,5.0,1390867200
31406,5503,4.0,1390694400
31407,5503,5.0,1405900800
31408,5503,4.0,1390435200
31409,5503,5.0,1395014400
31410,5503,5.0,1397001600
31411,5503,5.0,1393372800
31412,5503,5.0,1405296000
31413,5503,5.0,1390521600
31414,5503,2.0,1395878400
31415,5503,5.0,1394496000
31416,5503,2.0,1402012800
31417,5503,5.0,1401667200
31418,5503,5.0,1379635200
31419,5503,4.0,1397088000
31420,5503,3.0,1397779200
31421,5503,5.0,1394582400
31422,5503,3.0,1394236800
31423,5504,5.0,1383004800
31424,5505,5.0,1382918400
31425,5505,3.0,1397088000
31426,5506,3.0,1399939200
31427,5506,4.0,1395878400
31428,5507,1.0,1396310400
31429,5508,3.0,1404172800
31430,5509,3.0,1395187200
31431,5509,4.0,1377302400
31432,5510,5.0,1381968000
31433,5511,5.0,1376006400
31434,5512,5.0,1387584000
31435,5512,5.0,1396915200
31436,5512,5.0,1397260800
31437,5513,3.0,1392076800
31438,5514,5.0,1400025600
31439,5515,5.0,1402272000
31440,5516,1.0,1400284800
31441,5516,2.0,1393545600
31442,5517,3.0,1391644800
31443,5518,5.0,1394323200
31444,5518,5.0,1399680000
31445,5519,1.0,1378944000
31446,5519,4.0,1372896000
31447,5519,5.0,1377043200
31448,5520,4.0,1370649600
31449,5521,4.0,1383868800
31450,5522,5.0,1398902400
31451,5523,1.0,1393718400
31452,5523,5.0,1397088000
31453,5523,5.0,1394323200
31454,5525,5.0,1398124800
31455,5526,5.0,1404172800
31456,5524,4.0,1404172800
31457,5531,5.0,1391817600
31458,5529,5.0,1395446400
15698,5528,3.0,1388102400
31459,5528,5.0,1397606400
31460,5527,5.0,1389052800
31461,5527,5.0,1405728000
13192,5527,3.0,1401840000
31462,5527,5.0,1402272000
31463,5532,3.0,1402704000
31464,5530,5.0,1392249600
31465,5533,4.0,1375315200
31466,5534,4.0,1396828800
31467,5535,5.0,1388966400
31468,5536,5.0,1378944000
31469,5536,5.0,1404259200
31470,5537,5.0,1388707200
31471,5537,5.0,1392249600
31472,5538,2.0,1392681600
31473,5538,1.0,1394928000
31474,5538,3.0,1388534400
31475,5538,5.0,1402876800
31476,5538,5.0,1390953600
31477,5538,5.0,1388448000
31478,5539,5.0,1388793600
31479,5539,5.0,1381017600
31480,5543,1.0,1395878400
31481,5543,5.0,1384560000
31482,5543,5.0,1351641600
31483,5540,4.0,1374364800
31484,5541,3.0,1380499200
31485,5542,5.0,1379203200
31486,5542,4.0,1381795200
31487,5544,5.0,1394755200
7080,5545,5.0,1392681600
31488,5547,5.0,1404864000
31489,5546,5.0,1389139200
31490,5548,4.0,1402272000
31491,5548,5.0,1376784000
31492,5549,2.0,1376265600
31493,5549,3.0,1386633600
31494,5549,4.0,1383264000
31495,5550,5.0,1371859200
31496,5551,5.0,1374796800
31497,5551,5.0,1372204800
31498,5551,5.0,1381104000
31499,5552,5.0,1402099200
31500,5553,4.0,1378339200
31501,5554,5.0,1401667200
25958,5556,5.0,1404777600
31502,5556,5.0,1393977600
31503,5556,5.0,1381622400
31504,5555,4.0,1396828800
31505,5557,5.0,1373500800
31506,5557,5.0,1372636800
31507,5559,2.0,1405209600
31508,5559,5.0,1376438400
31509,5559,5.0,1404864000
31510,5559,1.0,1404172800
31511,5559,1.0,1384387200
31512,5558,5.0,1389225600
31507,5558,1.0,1405209600
31513,5558,3.0,1391299200
31514,5558,4.0,1378771200
31515,5558,1.0,1401580800
31508,5558,5.0,1376438400
31516,5558,3.0,1401148800
31517,5558,2.0,1375315200
31518,5558,2.0,1405036800
31519,5558,4.0,1394755200
31520,5558,1.0,1396137600
31521,5558,1.0,1397174400
31522,5560,3.0,1394064000
31523,5560,4.0,1390262400
31524,5561,4.0,1397692800
31525,5562,5.0,1398729600
31526,5562,5.0,1394409600
31527,5563,5.0,1392076800
31528,5563,5.0,1400025600
31529,5563,1.0,1397779200
31530,5563,1.0,1397260800
31531,5567,2.0,1395878400
31532,5564,5.0,1390089600
31533,5566,3.0,1374796800
31534,5565,5.0,1392595200
31535,5571,5.0,1394323200
31536,5573,5.0,1387584000
31537,5573,5.0,1388793600
31538,5584,5.0,1395878400
31539,5569,4.0,1379030400
31540,5568,1.0,1391472000
31541,5576,1.0,1373846400
31542,5580,1.0,1383609600
31543,5585,4.0,1380153600
30098,5572,1.0,1386115200
31544,5582,5.0,1404345600
31545,5577,4.0,1403481600
31546,5577,5.0,1400976000
31547,5577,5.0,1403222400
31548,5577,1.0,1400025600
31549,5577,5.0,1398038400
31550,5577,2.0,1402704000
29984,5577,5.0,1401148800
31551,5577,5.0,1405036800
31552,5574,5.0,1395446400
31553,5574,5.0,1399852800
31554,5574,3.0,1398297600
31555,5579,4.0,1404172800
31556,5579,4.0,1379462400
31557,5570,1.0,1389916800
31558,5570,1.0,1392076800
31559,5575,1.0,1389484800
31560,5586,1.0,1386979200
31561,5586,1.0,1387238400
31559,5586,1.0,1389484800
31562,5586,1.0,1405814400
31563,5581,1.0,1393977600
31564,5578,3.0,1383523200
31565,5583,1.0,1397520000
31566,5587,1.0,1397174400
31567,5588,5.0,1405036800
31568,5589,5.0,1372636800
31569,5590,2.0,1377734400
31570,5590,3.0,1376092800
31571,5590,5.0,1375315200
31572,5590,5.0,1384560000
31573,5591,2.0,1397347200
31574,5592,1.0,1387497600
31575,5593,3.0,1387843200
31576,5594,5.0,1392595200
31577,5595,3.0,1389139200
31577,5596,3.0,1389139200
31578,5597,3.0,1377043200
31579,5598,5.0,1378684800
31580,5599,5.0,1404000000
31581,5599,5.0,1390089600
31582,5599,5.0,1398556800
31583,5599,5.0,1402876800
31584,5599,5.0,1385942400
31585,5599,4.0,1400457600
31586,5599,5.0,1396051200
31587,5599,4.0,1398556800
20060,5599,5.0,1404259200
31588,5599,5.0,1395532800
31589,5599,5.0,1395014400
31590,5599,5.0,1392249600
31591,5599,5.0,1405036800
31592,5599,5.0,1398038400
31593,5600,4.0,1403827200
31594,5600,5.0,1405296000
31595,5601,3.0,1398729600
31596,5602,1.0,1381795200
31597,5602,5.0,1375142400
31598,5602,3.0,1380758400
31599,5603,3.0,1380585600
31600,5604,1.0,1382832000
31601,5605,5.0,1383955200
31602,5606,5.0,1403913600
31603,5607,5.0,1391817600
31604,5607,5.0,1382313600
31605,5607,3.0,1396224000
31606,5607,5.0,1402531200
31607,5607,5.0,1385424000
31608,5607,5.0,1376697600
31609,5608,2.0,1401926400
31610,5608,1.0,1392940800
31470,5609,5.0,1388707200
31611,5610,5.0,1390348800
31612,5611,1.0,1392076800
31613,5612,3.0,1381795200
31614,5614,5.0,1386979200
31615,5613,3.0,1380499200
31616,5613,2.0,1398124800
31617,5613,2.0,1380672000
31618,5613,2.0,1388275200
31619,5613,5.0,1377648000
31620,5615,4.0,1375142400
31621,5616,3.0,1386374400
31622,5617,2.0,1378771200
31623,5617,1.0,1404864000
31624,5618,4.0,1382918400
31625,5619,5.0,1395273600
31626,5620,1.0,1393372800
21711,5620,1.0,1373846400
31627,5621,5.0,1386633600
31628,5621,4.0,1388880000
31629,5622,2.0,1389052800
31630,5623,5.0,1389139200
31631,5623,5.0,1391731200
31632,5623,3.0,1394841600
31633,5624,1.0,1388620800
31634,5624,3.0,1398729600
31635,5625,2.0,1393632000
31636,5626,5.0,1376092800
31637,5627,3.0,1393977600
31638,5631,5.0,1375056000
31639,5631,5.0,1376611200
31640,5628,5.0,1377388800
31641,5628,5.0,1405209600
31642,5628,5.0,1404345600
31643,5630,4.0,1376265600
31644,5630,3.0,1379721600
31645,5629,1.0,1404259200
31646,5629,2.0,1402012800
31647,5629,1.0,1395878400
31648,5632,1.0,1381708800
31649,5633,1.0,1393977600
31650,5634,4.0,1404000000
31651,5635,5.0,1399334400
31652,5635,2.0,1390435200
31653,5637,1.0,1386633600
31654,5638,2.0,1392076800
31655,5636,4.0,1404777600
31656,5636,2.0,1393804800
31657,5636,5.0,1395792000
31658,5636,2.0,1395878400
31659,5639,3.0,1399507200
31660,5640,4.0,1397606400
31661,5641,4.0,1375747200
31662,5642,2.0,1395532800
31663,5643,1.0,1388707200
31664,5644,5.0,1395705600
31665,5645,2.0,1384646400
31666,5646,4.0,1383696000
31667,5646,5.0,1378771200
31668,5647,5.0,1375228800
18149,5647,5.0,1390435200
31669,5648,1.0,1392076800
31670,5648,3.0,1397520000
31671,5649,3.0,1390953600
31672,5650,3.0,1379808000
31673,5650,4.0,1379635200
31674,5651,5.0,1396742400
18890,5652,5.0,1386547200
31675,5652,4.0,1398384000
31676,5652,5.0,1393977600
31677,5654,3.0,1400544000
31678,5653,2.0,1390953600
31679,5655,2.0,1378080000
31680,5655,4.0,1386720000
31681,5656,3.0,1388361600
31682,5657,5.0,1394755200
31683,5658,5.0,1385251200
31684,5659,5.0,1391299200
31685,5660,5.0,1388448000
31686,5660,5.0,1396310400
31687,5660,5.0,1390521600
31688,5661,4.0,1378684800
31689,5662,5.0,1380672000
31690,5663,3.0,1378252800
31691,5664,1.0,1389052800
31692,5665,4.0,1384387200
31693,5665,2.0,1399334400
31694,5665,5.0,1404864000
31695,5665,2.0,1402704000
31696,5665,3.0,1399161600
31697,5665,5.0,1391040000
31698,5665,5.0,1386028800
31699,5665,4.0,1376956800
31700,5665,1.0,1397433600
31701,5665,4.0,1404345600
31702,5665,1.0,1390867200
31703,5665,3.0,1394236800
31704,5665,4.0,1402963200
31705,5665,5.0,1405814400
31706,5665,4.0,1375920000
31707,5665,5.0,1404345600
31708,5665,3.0,1398729600
31709,5665,5.0,1390089600
31710,5665,5.0,1401753600
31711,5665,2.0,1397606400
31712,5665,5.0,1377993600
31713,5665,5.0,1395878400
31714,5665,5.0,1386460800
31715,5665,5.0,1405555200
31716,5667,1.0,1397433600
31717,5666,1.0,1387324800
31718,5668,3.0,1383955200
7273,5669,5.0,1384992000
31719,5670,5.0,1393718400
31720,5670,5.0,1385683200
31721,5670,4.0,1383436800
31722,5670,5.0,1391472000
31723,5671,1.0,1381017600
31724,5672,3.0,1389225600
31725,5673,1.0,1383350400
31726,5674,5.0,1399248000
31727,5675,4.0,1391040000
31728,5676,5.0,1400112000
31729,5677,5.0,1403308800
31730,5678,4.0,1376697600
31731,5679,5.0,1402617600
31732,5680,5.0,1383782400
20379,5681,5.0,1398038400
31733,5682,5.0,1382400000
31734,5682,1.0,1389312000
31735,5684,5.0,1384387200
31736,5684,5.0,1405123200
31737,5683,5.0,1379548800
31738,5683,5.0,1397520000
31739,5685,5.0,1388707200
31740,5686,4.0,1393200000
31741,5686,5.0,1395187200
31742,5686,2.0,1401926400
31743,5686,4.0,1390867200
31744,5686,4.0,1389916800
31745,5686,5.0,1384905600
31746,5686,4.0,1391558400
31747,5686,3.0,1389657600
31748,5686,4.0,1388707200
31749,5686,5.0,1387497600
31750,5686,4.0,1390780800
31751,5686,1.0,1395532800
31752,5686,5.0,1390435200
14888,5686,5.0,1388016000
31753,5686,5.0,1390780800
31754,5686,5.0,1387497600
31755,5686,1.0,1400112000
31756,5686,4.0,1393459200
31757,5686,5.0,1389830400
31758,5686,4.0,1383436800
31759,5686,4.0,1393977600
31760,5686,5.0,1388793600
31761,5686,4.0,1391990400
31762,5686,1.0,1401321600
31763,5686,1.0,1393113600
31764,5686,4.0,1382572800
31765,5686,3.0,1388534400
31766,5686,4.0,1394409600
31767,5687,4.0,1402099200
31768,5687,2.0,1386720000
31769,5687,5.0,1392336000
31770,5687,2.0,1388707200
31771,5687,5.0,1386892800
31772,5687,5.0,1404604800
31773,5687,1.0,1393891200
31774,5687,5.0,1390262400
31757,5687,5.0,1389830400
31775,5687,5.0,1390694400
31776,5687,4.0,1397433600
31777,5687,1.0,1397347200
31778,5687,4.0,1386720000
31779,5687,3.0,1387324800
31780,5688,3.0,1395532800
31781,5688,2.0,1405728000
31782,5688,2.0,1393372800
31783,5689,5.0,1382140800
31784,5690,5.0,1386979200
31785,5690,5.0,1383523200
31786,5690,1.0,1401667200
31787,5690,1.0,1391558400
31788,5690,5.0,1390089600
31789,5691,5.0,1386720000
31790,5691,4.0,1388966400
31791,5692,5.0,1379980800
31792,5693,4.0,1378598400
31793,5693,3.0,1391385600
31794,5693,5.0,1404950400
31795,5693,1.0,1380153600
31796,5694,5.0,1380844800
31797,5696,1.0,1396224000
31797,5695,1.0,1394409600
31798,5697,5.0,1387152000
31799,5697,5.0,1387670400
31800,5698,5.0,1379289600
20337,5698,5.0,1380067200
31801,5698,2.0,1377129600
31802,5699,1.0,1386288000
31803,5701,4.0,1397779200
31804,5701,2.0,1404000000
31805,5703,1.0,1386720000
31806,5700,5.0,1390262400
31807,5702,4.0,1390867200
31808,5702,5.0,1382400000
31809,5702,4.0,1402876800
31810,5704,5.0,1376870400
11011,5705,4.0,1391472000
31811,5706,4.0,1404086400
31812,5706,4.0,1399680000
31813,5706,5.0,1400284800
31814,5706,5.0,1395360000
31815,5706,4.0,1403568000
31816,5706,2.0,1392249600
31817,5706,4.0,1403827200
31818,5707,5.0,1402704000
31819,5708,4.0,1393459200
31820,5708,4.0,1387065600
31821,5709,5.0,1398038400
31822,5710,5.0,1401062400
31823,5710,5.0,1389744000
31824,5711,5.0,1377129600
31825,5711,4.0,1390780800
31826,5711,3.0,1387670400
31827,5711,5.0,1383782400
31828,5711,1.0,1394928000
31829,5711,5.0,1399420800
31830,5711,3.0,1392768000
31831,5711,5.0,1401235200
31832,5711,5.0,1389657600
31833,5711,1.0,1384387200
31834,5711,1.0,1388102400
31835,5711,5.0,1383955200
31836,5712,5.0,1404604800
31837,5712,5.0,1388275200
31838,5712,2.0,1395446400
31839,5712,1.0,1404345600
31840,5712,3.0,1403049600
18318,5712,5.0,1404950400
31841,5712,1.0,1388016000
31842,5712,3.0,1404518400
31843,5713,3.0,1378598400
31844,5714,1.0,1387238400
31845,5715,5.0,1403308800
31846,5715,5.0,1365552000
31847,5716,1.0,1378944000
31848,5716,5.0,1381708800
31849,5717,5.0,1380672000
31850,5718,5.0,1399852800
31851,5718,1.0,1403913600
31852,5719,4.0,1404086400
16237,5720,5.0,1380585600
31853,5720,5.0,1384214400
31854,5720,5.0,1380672000
31855,5721,1.0,1400112000
20844,5721,4.0,1381190400
31856,5722,5.0,1404345600
31857,5723,5.0,1393891200
31858,5724,5.0,1400630400
31859,5725,5.0,1381622400
31860,5725,1.0,1383177600
31861,5726,1.0,1381622400
31862,5726,1.0,1392163200
31863,5727,3.0,1387152000
31864,5728,5.0,1376006400
31865,5728,5.0,1402704000
31866,5728,1.0,1395014400
31867,5728,5.0,1377129600
31868,5729,1.0,1406073600
31869,5729,1.0,1405209600
31870,5729,1.0,1405900800
31871,5729,2.0,1400112000
31872,5730,5.0,1398470400
31873,5730,3.0,1405209600
31874,5730,5.0,1393286400
31875,5731,5.0,1388016000
31876,5732,1.0,1405036800
31877,5734,5.0,1389744000
31878,5733,5.0,1404432000
31879,5733,5.0,1392163200
31880,5735,1.0,1387065600
31881,5736,5.0,1398556800
31882,5737,1.0,1380758400
31883,5738,5.0,1385164800
31884,5738,4.0,1381449600
31885,5738,5.0,1380758400
31886,5738,4.0,1403827200
31887,5738,5.0,1396224000
31888,5738,5.0,1376956800
31889,5738,4.0,1381363200
19937,5739,5.0,1389657600
31890,5740,5.0,1381968000
31891,5741,1.0,1391126400
31892,5741,3.0,1399075200
31893,5741,5.0,1398384000
31894,5742,1.0,1393804800
31895,5742,5.0,1381968000
31896,5742,5.0,1396137600
31897,5742,1.0,1395878400
31898,5742,5.0,1386201600
31899,5742,5.0,1381795200
21436,5742,5.0,1405987200
31900,5742,4.0,1387497600
31901,5742,4.0,1387152000
31902,5742,5.0,1393286400
31903,5742,5.0,1385769600
31904,5742,5.0,1383264000
31905,5742,5.0,1388188800
31906,5742,5.0,1393891200
31907,5742,5.0,1383177600
31908,5742,1.0,1405209600
31909,5742,2.0,1400889600
31910,5742,5.0,1390348800
31911,5742,5.0,1391644800
31912,5742,5.0,1389398400
31913,5743,5.0,1381104000
31914,5744,4.0,1400112000
31915,5744,1.0,1404259200
31916,5744,5.0,1382832000
31917,5745,5.0,1397174400
31918,5746,5.0,1404172800
31919,5748,2.0,1387152000
31920,5748,3.0,1383436800
31921,5747,1.0,1391644800
31922,5749,5.0,1401321600
31923,5749,4.0,1396051200
31924,5750,5.0,1378771200
31925,5751,4.0,1405209600
31926,5751,5.0,1401753600
31927,5751,4.0,1402704000
31928,5752,4.0,1397520000
31929,5753,5.0,1390348800
31930,5754,1.0,1389916800
31931,5755,4.0,1380240000
31932,5756,5.0,1379462400
18767,5757,5.0,1399420800
31933,5758,1.0,1404864000
31934,5759,5.0,1397865600
31935,5760,5.0,1382486400
31936,5761,1.0,1390003200
31937,5762,1.0,1395273600
31938,5763,5.0,1404432000
31939,5764,5.0,1382918400
31940,5765,5.0,1405641600
31941,5766,5.0,1404864000
31942,5767,3.0,1399593600
31943,5768,5.0,1390694400
31944,5769,3.0,1396224000
31945,5770,2.0,1404000000
31946,5771,1.0,1386547200
31947,5772,5.0,1401148800
31948,5772,4.0,1400544000
31949,5772,5.0,1400112000
31950,5772,5.0,1399852800
31951,5772,4.0,1405382400
31952,5772,4.0,1389916800
31953,5772,5.0,1399075200
31954,5772,5.0,1404604800
31955,5772,4.0,1393804800
31956,5772,4.0,1389657600
31957,5772,3.0,1403913600
31958,5772,5.0,1400630400
31959,5772,2.0,1397952000
31960,5772,5.0,1402876800
31961,5772,5.0,1391990400
31962,5772,5.0,1401235200
31963,5772,4.0,1402704000
31964,5772,5.0,1391040000
31965,5773,1.0,1384300800
31966,5773,1.0,1382745600
31967,5774,3.0,1378512000
31968,5774,2.0,1383782400
31969,5775,3.0,1390867200
31970,5775,2.0,1384560000
31971,5776,5.0,1380153600
31972,5776,2.0,1400630400
31973,5776,2.0,1400457600
31974,5777,5.0,1385078400
31975,5777,1.0,1388966400
31976,5777,5.0,1395360000
31977,5777,1.0,1390348800
31978,5778,5.0,1381190400
31979,5779,5.0,1388361600
31980,5779,4.0,1394841600
31981,5780,1.0,1394064000
31982,5781,5.0,1403049600
31983,5782,4.0,1390953600
31984,5783,5.0,1378684800
31985,5783,4.0,1383177600
31986,5784,5.0,1404777600
31987,5785,2.0,1403222400
31988,5786,5.0,1382832000
31989,5787,5.0,1393200000
31990,5787,5.0,1381536000
31991,5787,5.0,1392336000
31992,5787,3.0,1379462400
31993,5787,5.0,1398643200
31994,5787,5.0,1404259200
31995,5787,5.0,1379721600
31996,5787,3.0,1397779200
31997,5787,5.0,1396656000
31998,5787,5.0,1387324800
10723,5787,5.0,1399852800
31999,5787,2.0,1395878400
32000,5787,3.0,1403913600
32001,5787,5.0,1396396800
15233,5787,5.0,1399161600
32002,5787,5.0,1389312000
32003,5787,5.0,1394064000
32004,5787,4.0,1405382400
32005,5788,4.0,1378252800
32006,5789,5.0,1391212800
32007,5790,5.0,1389484800
32008,5790,5.0,1399766400
32009,5790,5.0,1389916800
32010,5791,1.0,1392940800
32011,5791,4.0,1403481600
32012,5792,5.0,1401667200
32013,5793,1.0,1397779200
32014,5793,5.0,1404172800
32015,5795,5.0,1381795200
32016,5794,2.0,1403049600
32017,5797,2.0,1381708800
32018,5797,5.0,1400198400
32019,5796,5.0,1390435200
32020,5796,5.0,1390348800
32021,5798,3.0,1388188800
32022,5798,5.0,1383523200
32023,5799,4.0,1389312000
32024,5799,5.0,1398902400
32025,5800,5.0,1405036800
32026,5801,2.0,1384646400
32027,5801,4.0,1393459200
32028,5802,5.0,1400457600
32029,5803,2.0,1404172800
32030,5803,1.0,1393718400
32031,5803,1.0,1385856000
32032,5803,1.0,1390348800
32033,5803,1.0,1389052800
32034,5804,5.0,1384646400
22482,5805,1.0,1389225600
32035,5806,1.0,1388361600
30256,5806,5.0,1389225600
32036,5807,4.0,1390521600
32037,5807,5.0,1402790400
32038,5807,5.0,1391731200
32039,5807,1.0,1404000000
32040,5807,1.0,1398729600
32041,5807,3.0,1378684800
32042,5807,1.0,1403654400
32043,5808,4.0,1384300800
32044,5809,1.0,1380153600
32045,5809,4.0,1391817600
32046,5809,3.0,1379462400
32047,5809,5.0,1379980800
32048,5810,1.0,1389139200
32049,5810,2.0,1392595200
32050,5811,2.0,1385942400
32051,5811,5.0,1394668800
32052,5811,1.0,1393804800
32053,5812,3.0,1380067200
32054,5812,4.0,1390521600
32055,5812,5.0,1396656000
32056,5813,5.0,1392163200
32057,5813,4.0,1404172800
32058,5813,5.0,1385596800
9744,5814,5.0,1390435200
32059,5815,5.0,1405296000
32060,5815,5.0,1392422400
32061,5816,5.0,1389312000
32062,5817,4.0,1392508800
32063,5817,3.0,1405296000
32064,5817,2.0,1402185600
32065,5817,4.0,1404259200
32066,5818,2.0,1389139200
32067,5819,5.0,1390003200
32068,5820,5.0,1404086400
32069,5821,1.0,1404950400
32070,5821,2.0,1404259200
32071,5822,5.0,1381104000
32072,5823,5.0,1395100800
32073,5823,5.0,1390262400
32074,5824,1.0,1389830400
32075,5825,2.0,1397088000
32076,5827,1.0,1393545600
32077,5826,5.0,1388361600
32078,5826,5.0,1394236800
32079,5826,5.0,1396051200
32080,5826,5.0,1401321600
32081,5826,5.0,1401580800
32082,5828,5.0,1391558400
32083,5828,2.0,1394582400
32084,5829,2.0,1393545600
32085,5830,3.0,1402531200
32086,5831,1.0,1404604800
32087,5831,1.0,1397347200
32088,5831,5.0,1388620800
32089,5831,1.0,1398643200
32090,5831,1.0,1393459200
32091,5832,5.0,1389744000
32092,5833,4.0,1383264000
32093,5833,5.0,1391126400
32094,5833,5.0,1390176000
32095,5833,5.0,1401408000
32096,5833,5.0,1398988800
32097,5833,5.0,1386201600
32098,5833,5.0,1383696000
32099,5833,5.0,1391904000
32100,5833,5.0,1400284800
32101,5833,2.0,1379635200
32102,5833,5.0,1384041600
32103,5833,4.0,1380672000
32104,5833,5.0,1392076800
32105,5833,3.0,1378857600
32106,5833,5.0,1396569600
3277,5834,5.0,1384560000
32107,5835,3.0,1389312000
32108,5836,2.0,1391472000
32109,5837,3.0,1391904000
32110,5838,4.0,1405036800
32111,5839,5.0,1402444800
32112,5840,5.0,1385596800
30254,5840,5.0,1403568000
32113,5841,5.0,1402012800
32114,5841,5.0,1389139200
32115,5841,4.0,1403568000
32116,5841,5.0,1390521600
32117,5841,5.0,1399939200
32118,5841,3.0,1384819200
32119,5841,5.0,1387065600
32120,5841,2.0,1385078400
32121,5841,2.0,1387929600
32122,5841,5.0,1393545600
32123,5841,5.0,1400803200
32124,5841,3.0,1405382400
32125,5841,5.0,1394755200
32126,5841,4.0,1385510400
32127,5841,5.0,1388448000
32128,5841,1.0,1401148800
32129,5842,5.0,1387756800
32130,5842,2.0,1387929600
32131,5843,5.0,1388361600
32132,5844,1.0,1394409600
32133,5845,2.0,1383696000
32134,5845,5.0,1382918400
32135,5845,5.0,1382832000
32136,5846,4.0,1389744000
32137,5847,1.0,1401840000
32138,5847,5.0,1396569600
32139,5847,3.0,1399593600
32140,5847,5.0,1402963200
32141,5847,4.0,1405123200
32142,5847,5.0,1397433600
32143,5847,4.0,1397260800
32144,5847,5.0,1397779200
30610,5847,5.0,1383004800
32145,5847,4.0,1393718400
32146,5847,5.0,1398988800
32147,5847,5.0,1405555200
32148,5847,4.0,1401148800
32149,5847,1.0,1402704000
32150,5847,5.0,1404518400
32151,5847,1.0,1388966400
32152,5847,1.0,1400198400
32153,5847,5.0,1404345600
32154,5847,1.0,1404086400
32155,5847,5.0,1390348800
12186,5847,5.0,1381968000
32156,5847,1.0,1396742400
32157,5847,2.0,1402358400
32158,5847,4.0,1405814400
28290,5847,5.0,1395187200
32159,5847,4.0,1402704000
32160,5847,2.0,1397520000
32161,5847,3.0,1396396800
32162,5847,4.0,1404172800
32163,5848,2.0,1399420800
32164,5850,1.0,1389744000
32165,5849,1.0,1391558400
32166,5849,1.0,1384732800
32167,5855,1.0,1381622400
32168,5855,3.0,1385251200
32169,5855,3.0,1382918400
32170,5851,4.0,1395878400
32171,5856,5.0,1390348800
32172,5856,5.0,1390262400
32173,5852,4.0,1395964800
32174,5854,4.0,1404432000
32175,5854,4.0,1401753600
32176,5854,2.0,1399852800
32177,5854,5.0,1395964800
29815,5854,1.0,1399420800
32178,5853,5.0,1394409600
32179,5857,2.0,1383523200
32180,5857,4.0,1397433600
32181,5858,5.0,1394496000
32182,5858,1.0,1380585600
32183,5858,5.0,1383782400
32184,5859,1.0,1387152000
32185,5859,1.0,1389484800
32186,5860,3.0,1380499200
32187,5861,5.0,1398384000
32188,5861,4.0,1402617600
32088,5861,5.0,1392768000
32189,5861,5.0,1395187200
32190,5861,5.0,1400889600
32191,5861,1.0,1384128000
32192,5862,4.0,1404950400
32193,5863,5.0,1400025600
32194,5863,5.0,1402099200
32195,5864,5.0,1394150400
32196,5864,5.0,1400112000
32197,5864,3.0,1404691200
32198,5864,5.0,1398556800
32199,5864,5.0,1404259200
32200,5864,5.0,1403568000
32201,5864,5.0,1401753600
32202,5864,5.0,1395964800
32203,5864,5.0,1392163200
32204,5864,4.0,1398643200
32205,5864,5.0,1405382400
32206,5864,4.0,1399680000
32207,5864,2.0,1400025600
32208,5864,5.0,1399507200
32209,5864,5.0,1399248000
32210,5864,5.0,1403568000
32211,5864,3.0,1396656000
32212,5864,4.0,1402099200
32213,5864,5.0,1399334400
32214,5864,3.0,1398902400
32215,5864,3.0,1405728000
32216,5864,5.0,1391126400
32217,5864,4.0,1396051200
32218,5864,4.0,1404518400
32219,5864,5.0,1400716800
32220,5864,3.0,1385078400
32221,5864,5.0,1390348800
32222,5864,3.0,1393113600
32223,5864,4.0,1404432000
24804,5864,5.0,1382745600
32224,5864,1.0,1388620800
32225,5864,1.0,1404518400
32226,5864,1.0,1387238400
32227,5864,4.0,1401408000
32228,5864,1.0,1385078400
32229,5864,5.0,1395187200
32230,5864,5.0,1404864000
32231,5864,5.0,1398729600
32232,5864,5.0,1394928000
32233,5864,5.0,1405900800
32234,5864,5.0,1397088000
32235,5864,3.0,1398384000
32236,5864,5.0,1403481600
32237,5864,5.0,1403913600
32238,5864,1.0,1399161600
32239,5864,4.0,1400457600
32240,5865,5.0,1383955200
32241,5865,5.0,1390348800
32242,5865,5.0,1387324800
32243,5866,1.0,1385942400
32244,5867,2.0,1391644800
32245,5868,1.0,1403568000
9815,5869,2.0,1398038400
32010,5870,3.0,1395964800
32246,5871,3.0,1389312000
32247,5872,5.0,1385510400
32248,5873,5.0,1400544000
32249,5873,1.0,1405468800
32250,5874,1.0,1386720000
32251,5875,1.0,1399939200
32252,5875,1.0,1405036800
32253,5876,4.0,1387843200
32254,5877,1.0,1390262400
32255,5878,4.0,1397433600
32256,5878,5.0,1389139200
32257,5879,4.0,1398729600
32258,5880,5.0,1388620800
32259,5880,4.0,1390262400
32260,5881,2.0,1388966400
32261,5882,5.0,1398988800
32262,5883,1.0,1389571200
32263,5884,5.0,1395878400
32264,5884,3.0,1393459200
32265,5884,5.0,1404000000
32266,5885,5.0,1404777600
32267,5886,5.0,1398643200
32268,5887,3.0,1391385600
32269,5888,1.0,1384300800
32270,5888,5.0,1381968000
32271,5888,1.0,1382659200
32272,5889,5.0,1393632000
32273,5890,3.0,1381795200
32274,5891,5.0,1381363200
32275,5892,2.0,1385942400
32276,5893,2.0,1380585600
32277,5894,5.0,1385856000
32278,5894,5.0,1383696000
32279,5894,5.0,1386720000
32280,5894,5.0,1387411200
32281,5895,1.0,1383696000
32282,5895,4.0,1385596800
32283,5896,1.0,1383436800
32284,5898,5.0,1401667200
32285,5897,5.0,1383004800
32286,5899,5.0,1403049600
32287,5900,5.0,1404000000
32288,5900,1.0,1403481600
32289,5901,5.0,1389052800
32290,5901,4.0,1391472000
32291,5901,5.0,1386633600
32292,5902,5.0,1404864000
32293,5902,5.0,1396483200
32294,5902,5.0,1381104000
32295,5903,5.0,1403308800
32296,5903,5.0,1390262400
32297,5903,5.0,1405468800
32298,5903,5.0,1392681600
32299,5903,4.0,1398816000
32300,5903,5.0,1398816000
30650,5904,3.0,1382400000
32301,5905,4.0,1384387200
32302,5909,4.0,1404345600
32303,5906,3.0,1389312000
32304,5906,5.0,1390089600
32305,5906,1.0,1389052800
32306,5906,5.0,1397865600
32307,5906,5.0,1389744000
32308,5906,5.0,1393718400
32309,5906,4.0,1393200000
32310,5907,1.0,1405987200
32311,5907,5.0,1397952000
32312,5907,5.0,1390262400
32313,5907,5.0,1386633600
32314,5907,4.0,1399334400
32315,5907,5.0,1405987200
32316,5907,5.0,1405123200
32317,5907,5.0,1404432000
32318,5907,5.0,1404000000
32319,5907,5.0,1402790400
32320,5907,4.0,1391299200
32321,5907,4.0,1391299200
32322,5907,5.0,1400544000
32323,5907,3.0,1403827200
32324,5907,5.0,1401494400
32325,5907,5.0,1404864000
32326,5907,4.0,1391385600
32327,5907,5.0,1389657600
32328,5907,4.0,1398902400
32329,5907,5.0,1401062400
32330,5907,5.0,1393113600
32331,5907,2.0,1401062400
32332,5907,5.0,1405555200
32333,5908,4.0,1391126400
32334,5910,2.0,1400112000
32335,5911,1.0,1402012800
32336,5911,1.0,1390521600
32337,5912,3.0,1384819200
32338,5912,2.0,1385164800
32339,5913,4.0,1400716800
32340,5914,3.0,1395964800
32341,5914,5.0,1405036800
32342,5914,4.0,1405900800
32343,5914,2.0,1405900800
32344,5914,1.0,1404604800
32345,5914,3.0,1391558400
32346,5914,4.0,1399334400
32347,5914,5.0,1401840000
32348,5914,1.0,1405987200
32349,5914,5.0,1401408000
32218,5914,4.0,1404518400
32350,5914,5.0,1404432000
32351,5914,5.0,1400457600
32352,5914,5.0,1392249600
32353,5914,5.0,1401926400
32354,5914,1.0,1402272000
32355,5915,5.0,1388534400
32356,5916,5.0,1403481600
32357,5917,1.0,1392249600
32358,5918,5.0,1392336000
32359,5919,4.0,1389052800
32360,5919,5.0,1394409600
32361,5919,5.0,1397088000
32362,5919,3.0,1390867200
32363,5919,4.0,1392422400
32364,5919,1.0,1398038400
32365,5919,5.0,1391990400
32366,5919,1.0,1394409600
32367,5920,5.0,1380326400
32368,5922,5.0,1389830400
32369,5922,3.0,1400371200
32370,5923,3.0,1400976000
32371,5925,2.0,1389052800
32372,5926,5.0,1386633600
32373,5924,1.0,1384214400
32374,5921,1.0,1388534400
32375,5927,1.0,1404432000
32376,5928,1.0,1395360000
32377,5929,4.0,1391644800
32378,5929,3.0,1400630400
32379,5930,1.0,1397001600
32380,5930,4.0,1388188800
32381,5931,3.0,1388448000
32382,5932,5.0,1384128000
32383,5933,4.0,1397001600
32384,5934,2.0,1402099200
32385,5935,1.0,1384560000
32386,5936,5.0,1398211200
32387,5939,2.0,1402704000
32388,5937,5.0,1387929600
32389,5937,3.0,1392595200
32390,5937,5.0,1383091200
32391,5937,3.0,1389916800
32392,5937,5.0,1387497600
32393,5938,5.0,1391817600
32394,5940,5.0,1395273600
32395,5940,5.0,1396137600
32396,5942,3.0,1392508800
32397,5941,5.0,1404864000
32398,5943,1.0,1402963200
32399,5943,5.0,1404259200
32400,5943,5.0,1404950400
32401,5944,2.0,1398556800
32402,5944,4.0,1390262400
32403,5944,5.0,1395964800
32404,5944,3.0,1386460800
29874,5944,5.0,1385337600
32405,5944,2.0,1389225600
32406,5944,3.0,1397088000
32407,5944,4.0,1401494400
32408,5944,2.0,1404604800
32409,5944,5.0,1392940800
32410,5944,5.0,1404777600
32411,5944,1.0,1404864000
32412,5944,2.0,1389744000
32413,5944,5.0,1405036800
32414,5945,4.0,1391126400
32415,5946,1.0,1398470400
32416,5946,1.0,1386806400
32417,5946,4.0,1392249600
32418,5946,1.0,1389657600
32419,5946,1.0,1400457600
32420,5946,3.0,1390003200
32421,5946,4.0,1384646400
32422,5946,1.0,1389139200
32423,5946,1.0,1402704000
32424,5946,2.0,1388793600
32425,5946,1.0,1394755200
32426,5946,2.0,1386115200
32427,5946,4.0,1388016000
32428,5946,5.0,1393200000
32429,5946,5.0,1387324800
32430,5946,3.0,1391212800
32431,5946,4.0,1399248000
32432,5946,5.0,1401148800
32433,5946,4.0,1384473600
32434,5947,5.0,1400112000
32435,5947,4.0,1403654400
32436,5947,5.0,1395100800
32437,5947,5.0,1386201600
32438,5948,5.0,1404086400
32439,5949,1.0,1389484800
32440,5950,1.0,1397520000
32441,5951,1.0,1387324800
32442,5951,1.0,1387065600
32443,5952,5.0,1397952000
32444,5953,4.0,1391126400
32445,5954,4.0,1386806400
32446,5955,5.0,1391040000
32447,5956,1.0,1388707200
32448,5958,1.0,1390953600
32449,5957,1.0,1394323200
32450,5959,5.0,1399075200
32451,5960,5.0,1392076800
32452,5960,1.0,1390867200
32453,5961,1.0,1385856000
32454,5961,1.0,1394668800
32455,5961,1.0,1394668800
32456,5962,2.0,1391558400
32457,5963,5.0,1405036800
32458,5964,5.0,1387152000
32459,5965,5.0,1398470400
32460,5965,5.0,1401840000
32461,5965,5.0,1400457600
32462,5965,5.0,1405382400
32463,5965,4.0,1388188800
32464,5965,5.0,1398038400
32465,5965,5.0,1405382400
32466,5965,5.0,1396224000
32467,5966,5.0,1403827200
32468,5966,2.0,1390262400
32469,5966,5.0,1390003200
32470,5967,4.0,1395532800
32471,5968,1.0,1397433600
29284,5969,3.0,1392336000
32472,5970,5.0,1397433600
32473,5970,5.0,1389744000
32474,5970,5.0,1396828800
32475,5970,5.0,1399593600
32476,5970,4.0,1399075200
32477,5971,4.0,1399939200
32478,5971,3.0,1404777600
32479,5972,4.0,1405814400
32480,5972,1.0,1388188800
32481,5972,1.0,1392595200
32482,5973,1.0,1393286400
32483,5973,3.0,1404777600
32484,5974,3.0,1396310400
32485,5975,3.0,1392595200
32486,5975,4.0,1404259200
32487,5975,5.0,1398816000
32488,5975,5.0,1397952000
32489,5975,5.0,1405900800
32490,5976,4.0,1391817600
32491,5977,1.0,1396915200
32492,5977,5.0,1390176000
32493,5978,4.0,1389830400
32494,5978,4.0,1389052800
32495,5978,4.0,1390348800
32496,5979,1.0,1383696000
32497,5980,2.0,1400976000
32498,5980,3.0,1392681600
32499,5981,3.0,1401926400
32500,5981,1.0,1401753600
32501,5982,3.0,1384214400
32502,5983,2.0,1393286400
32503,5985,4.0,1399334400
32504,5985,4.0,1392854400
32505,5985,3.0,1403481600
32506,5985,5.0,1400112000
32507,5985,5.0,1399248000
32508,5985,5.0,1393459200
32509,5985,2.0,1402444800
32510,5984,5.0,1400371200
32511,5984,3.0,1389225600
32512,5986,1.0,1395964800
32513,5987,5.0,1394582400
32514,5988,4.0,1405036800
32515,5988,2.0,1403913600
32516,5989,1.0,1385942400
32517,5990,4.0,1405468800
32518,5990,4.0,1392854400
32519,5991,1.0,1397088000
32520,5992,5.0,1399248000
32521,5992,5.0,1404950400
32522,5993,4.0,1385942400
32523,5994,5.0,1402963200
32524,5995,1.0,1392768000
32525,5996,4.0,1393977600
32526,5996,1.0,1391904000
32527,5996,5.0,1388188800
32528,5996,1.0,1394928000
32529,5996,4.0,1401494400
32530,5997,4.0,1404518400
32531,5997,1.0,1392249600
32532,5997,4.0,1398902400
32533,5997,1.0,1397692800
23123,5997,1.0,1390089600
32534,5997,1.0,1389052800
32535,5997,3.0,1404000000
32536,5998,5.0,1395014400
32537,5999,1.0,1388448000
32538,6000,5.0,1395446400
32539,6001,4.0,1396656000
32540,6001,4.0,1403827200
32541,6001,3.0,1394150400
32542,6002,5.0,1396310400
32543,6003,5.0,1389052800
32544,6004,3.0,1387152000
32545,6004,5.0,1394064000
32546,6005,5.0,1401926400
32547,6005,5.0,1401667200
32548,6006,5.0,1383696000
32546,6006,5.0,1401926400
32549,6007,5.0,1401667200
32546,6007,5.0,1401926400
32550,6008,5.0,1405036800
32551,6009,3.0,1386633600
32548,6010,5.0,1383523200
32547,6011,5.0,1401667200
32552,6012,5.0,1391817600
32553,6012,1.0,1400025600
32554,6013,1.0,1396656000
32555,6014,4.0,1390176000
32556,6015,1.0,1405814400
32557,6015,5.0,1396915200
32558,6016,1.0,1388880000
32559,6017,1.0,1389052800
32560,6017,2.0,1392595200
32561,6018,5.0,1388707200
32562,6019,1.0,1397174400
32563,6019,1.0,1394236800
32564,6020,1.0,1388620800
32565,6021,1.0,1402099200
32566,6021,1.0,1402704000
32567,6022,5.0,1397260800
32568,6023,4.0,1390780800
32569,6023,5.0,1399334400
32570,6024,5.0,1394668800
32571,6025,4.0,1390435200
32572,6025,5.0,1391904000
32573,6026,3.0,1388361600
32574,6027,3.0,1390953600
32575,6028,5.0,1390521600
32576,6029,2.0,1404172800
32577,6030,2.0,1402099200
32578,6031,4.0,1389657600
32579,6032,5.0,1389052800
32580,6032,5.0,1393804800
32581,6033,5.0,1393718400
32582,6033,5.0,1392336000
32583,6033,4.0,1398816000
32584,6033,5.0,1390780800
32585,6033,5.0,1400025600
32586,6033,4.0,1393632000
32587,6033,5.0,1395360000
32588,6034,5.0,1384128000
32589,6035,5.0,1396224000
32590,6035,5.0,1391385600
32591,6035,5.0,1396656000
32592,6035,5.0,1395619200
32593,6036,5.0,1400976000
32594,6036,5.0,1401926400
32595,6039,3.0,1404950400
32596,6039,4.0,1396137600
32597,6038,5.0,1404691200
32598,6037,5.0,1404259200
32599,6040,1.0,1387497600
32600,6041,5.0,1400976000
32601,6042,4.0,1389312000
32602,6042,2.0,1394755200
32603,6042,5.0,1397779200
32604,6042,5.0,1389398400
32605,6042,5.0,1384300800
32606,6042,5.0,1396051200
32607,6042,5.0,1402790400
31781,6042,5.0,1405728000
32608,6042,5.0,1384214400
31740,6043,5.0,1393545600
32609,6043,5.0,1390435200
32610,6043,2.0,1395273600
32611,6043,5.0,1394323200
32612,6043,5.0,1392076800
32613,6043,1.0,1392076800
32614,6043,1.0,1397952000
32615,6043,5.0,1394755200
32616,6043,4.0,1391990400
32617,6043,4.0,1389312000
32618,6043,5.0,1392249600
32619,6043,2.0,1394668800
32620,6043,5.0,1403740800
32621,6043,5.0,1388620800
32622,6043,1.0,1395360000
30588,6043,3.0,1391126400
32623,6043,4.0,1391904000
32624,6043,2.0,1402790400
32625,6043,5.0,1393804800
32626,6043,3.0,1393977600
32627,6043,4.0,1396569600
32628,6043,1.0,1391472000
32629,6043,2.0,1393459200
32630,6043,3.0,1393372800
32631,6043,1.0,1391644800
32632,6043,4.0,1391904000
32633,6043,5.0,1402876800
32634,6043,2.0,1393977600
32635,6043,5.0,1405555200
32636,6043,2.0,1391990400
32637,6043,3.0,1403481600
32638,6043,5.0,1397260800
32639,6043,5.0,1392681600
32640,6043,3.0,1402704000
32641,6043,2.0,1393372800
32642,6043,1.0,1391472000
32643,6043,1.0,1392854400
32644,6043,4.0,1393891200
32645,6043,3.0,1391644800
32646,6043,3.0,1391385600
32647,6043,5.0,1392422400
32648,6043,3.0,1393804800
20761,6043,4.0,1394755200
32649,6043,1.0,1395878400
32650,6043,5.0,1393545600
32651,6043,5.0,1394323200
32652,6043,4.0,1392249600
32653,6043,5.0,1392508800
32654,6043,5.0,1393891200
32655,6043,5.0,1393545600
32656,6043,5.0,1395532800
32657,6043,5.0,1398384000
32658,6043,2.0,1392681600
32659,6043,4.0,1393286400
32660,6043,1.0,1395187200
32661,6043,5.0,1391904000
32662,6043,3.0,1400457600
32663,6043,4.0,1403568000
32664,6043,5.0,1394841600
32665,6043,5.0,1395705600
32666,6043,3.0,1392163200
32667,6043,4.0,1392681600
32668,6043,1.0,1391904000
32669,6043,1.0,1392681600
32670,6043,1.0,1405382400
32671,6043,1.0,1394236800
32672,6043,4.0,1397606400
32673,6043,5.0,1395360000
30137,6043,5.0,1393372800
32674,6043,5.0,1391904000
32675,6043,3.0,1405036800
32676,6043,5.0,1404432000
32677,6043,3.0,1393632000
32678,6043,3.0,1392422400
32679,6043,4.0,1393545600
32680,6043,4.0,1392336000
32681,6043,4.0,1394064000
32682,6043,1.0,1393804800
32683,6043,3.0,1392854400
32684,6043,3.0,1397347200
32685,6043,3.0,1394496000
32686,6043,4.0,1391904000
32687,6043,2.0,1392940800
32688,6043,2.0,1391904000
32689,6043,3.0,1391385600
32690,6043,3.0,1392768000
32691,6043,4.0,1391644800
32692,6043,4.0,1392076800
32693,6043,4.0,1393891200
32694,6043,1.0,1392940800
32695,6043,2.0,1392422400
32696,6043,5.0,1394496000
32697,6043,2.0,1392076800
32698,6043,4.0,1392076800
32699,6043,1.0,1394150400
32700,6043,5.0,1394496000
32701,6043,5.0,1394668800
32702,6043,3.0,1397347200
32703,6043,3.0,1392422400
32704,6043,1.0,1394496000
32705,6043,5.0,1393891200
32706,6043,2.0,1391731200
27290,6043,4.0,1394064000
32707,6043,3.0,1401926400
32708,6043,2.0,1394668800
32709,6043,5.0,1392422400
32710,6043,1.0,1392422400
32711,6043,3.0,1405296000
32712,6043,2.0,1399248000
32713,6043,2.0,1391990400
32714,6043,1.0,1393718400
32715,6043,3.0,1393027200
32716,6043,3.0,1404604800
32717,6043,1.0,1399507200
32718,6043,2.0,1393632000
32719,6043,3.0,1391904000
32720,6043,5.0,1391990400
32721,6043,1.0,1391990400
32722,6043,5.0,1393632000
32723,6043,5.0,1396137600
32724,6043,5.0,1391644800
32725,6043,1.0,1392681600
32726,6043,4.0,1396137600
32727,6043,4.0,1392681600
32728,6043,2.0,1392681600
32729,6043,1.0,1391904000
32730,6043,4.0,1391990400
32731,6043,4.0,1392249600
32732,6043,5.0,1394928000
32733,6043,4.0,1393718400
32734,6043,4.0,1390262400
32735,6043,5.0,1399593600
32736,6043,2.0,1393891200
32737,6043,5.0,1394841600
32738,6043,4.0,1397260800
32739,6043,4.0,1392336000
32740,6043,2.0,1404864000
32741,6043,1.0,1398384000
32742,6043,1.0,1393632000
32743,6043,1.0,1394582400
32744,6043,5.0,1405555200
32745,6043,4.0,1393372800
32746,6043,1.0,1397692800
32747,6043,4.0,1395878400
32748,6043,5.0,1395360000
32749,6043,1.0,1390780800
32750,6043,4.0,1391990400
32751,6043,4.0,1392076800
32752,6043,1.0,1393891200
32234,6043,4.0,1395014400
32753,6043,5.0,1394236800
32754,6043,1.0,1392422400
32755,6043,4.0,1394236800
32756,6043,2.0,1395187200
32757,6043,2.0,1395964800
32758,6043,2.0,1394150400
32759,6043,3.0,1396051200
32760,6043,5.0,1394150400
32761,6043,3.0,1402617600
32762,6043,4.0,1402617600
32763,6043,4.0,1391904000
32764,6043,5.0,1394668800
32765,6043,5.0,1391904000
32766,6043,4.0,1398643200
32767,6043,1.0,1404172800
32768,6043,4.0,1398124800
32769,6043,3.0,1392249600
32770,6043,4.0,1395014400
32771,6043,1.0,1393891200
32772,6043,5.0,1390867200
32773,6043,5.0,1391040000
32774,6043,1.0,1391904000
32775,6043,5.0,1394323200
32776,6046,4.0,1392854400
32777,6047,3.0,1389744000
32778,6048,5.0,1399852800
32779,6045,3.0,1385596800
32780,6044,1.0,1388620800
32781,6049,5.0,1403049600
32782,6050,5.0,1391817600
32783,6051,3.0,1387411200
32784,6052,5.0,1398643200
32785,6052,4.0,1399507200
32786,6053,5.0,1387324800
32787,6053,5.0,1386028800
32788,6053,5.0,1391126400
32789,6053,5.0,1384560000
32790,6054,5.0,1387843200
32791,6055,2.0,1404172800
32792,6056,5.0,1384041600
32793,6057,1.0,1404518400
32794,6058,4.0,1387065600
32795,6059,3.0,1404259200
32690,6059,1.0,1392768000
32796,6059,2.0,1388361600
32797,6060,5.0,1399075200
32798,6060,2.0,1392854400
32799,6061,5.0,1400284800
32800,6061,1.0,1398297600
32801,6061,5.0,1397347200
32802,6061,5.0,1402272000
32803,6062,5.0,1383782400
32804,6063,5.0,1394150400
32805,6064,5.0,1402185600
32806,6067,5.0,1390089600
32807,6066,5.0,1395100800
32808,6065,3.0,1404259200
32809,6068,5.0,1391385600
32810,6069,5.0,1393632000
32811,6079,5.0,1395878400
32812,6077,5.0,1396915200
32813,6077,1.0,1399161600
32814,6071,5.0,1402790400
32815,6075,1.0,1397001600
32816,6075,3.0,1401235200
32817,6070,1.0,1393459200
32818,6072,5.0,1395014400
32819,6072,4.0,1400544000
32820,6072,5.0,1401148800
32821,6072,5.0,1398211200
32822,6074,1.0,1396224000
32823,6074,5.0,1396828800
32824,6074,5.0,1402099200
32825,6078,1.0,1398729600
32826,6080,5.0,1392595200
32827,6073,5.0,1404604800
32828,6076,3.0,1397260800
32829,6081,5.0,1398988800
32830,6082,5.0,1402272000
32831,6082,3.0,1403827200
32832,6084,1.0,1394755200
32833,6083,2.0,1397520000
32834,6085,5.0,1402099200
32835,6085,4.0,1388707200
32836,6085,4.0,1405728000
32837,6085,4.0,1386115200
32838,6085,5.0,1404950400
32839,6085,5.0,1399507200
32840,6085,1.0,1400976000
32841,6085,3.0,1405814400
32842,6085,1.0,1390089600
32843,6085,1.0,1401840000
32844,6086,2.0,1386115200
32845,6087,5.0,1398556800
32846,6088,3.0,1404172800
32847,6089,5.0,1402704000
32848,6090,5.0,1400198400
32849,6090,5.0,1396396800
32850,6091,5.0,1404864000
32851,6093,5.0,1391904000
32852,6093,5.0,1389398400
32853,6093,5.0,1389744000
32854,6093,3.0,1391385600
32855,6093,4.0,1392163200
32856,6093,4.0,1389830400
32857,6093,5.0,1397606400
32858,6093,1.0,1390867200
32859,6093,3.0,1393286400
32860,6092,3.0,1388361600
32861,6092,5.0,1391558400
32862,6094,3.0,1398729600
32863,6094,3.0,1403654400
32864,6095,5.0,1404864000
32865,6096,2.0,1404000000
32866,6097,3.0,1389657600
32867,6098,1.0,1389052800
32868,6099,4.0,1398556800
32869,6100,4.0,1391126400
18324,6101,4.0,1404432000
32870,6101,1.0,1394755200
32871,6102,5.0,1400544000
32872,6102,5.0,1394582400
32873,6103,5.0,1405468800
32874,6104,2.0,1391385600
32875,6105,5.0,1406073600
32876,6106,1.0,1392163200
32877,6106,1.0,1390176000
32878,6107,4.0,1398038400
32879,6108,5.0,1404259200
32880,6110,5.0,1402012800
32881,6111,4.0,1391212800
32882,6115,3.0,1395446400
32883,6109,5.0,1402531200
32884,6114,1.0,1399939200
32885,6113,4.0,1395014400
32886,6112,5.0,1403136000
32887,6116,3.0,1392681600
32888,6118,1.0,1390348800
32889,6117,5.0,1401667200
26933,6119,1.0,1387238400
32890,6120,5.0,1389571200
32891,6121,3.0,1392508800
32892,6122,3.0,1403308800
32893,6123,5.0,1391904000
32894,6124,2.0,1394150400
32895,6126,5.0,1391990400
32896,6126,2.0,1401062400
32897,6126,1.0,1401494400
32898,6126,2.0,1400371200
32899,6126,1.0,1390867200
32897,6125,1.0,1401494400
32900,6125,2.0,1403740800
32901,6127,5.0,1392422400
2526,6128,5.0,1395878400
32902,6128,5.0,1388880000
32903,6129,4.0,1397347200
32904,6129,5.0,1400198400
32905,6129,5.0,1399939200
32906,6129,1.0,1401494400
32907,6129,5.0,1396569600
32908,6129,5.0,1397001600
32909,6129,2.0,1395964800
32910,6129,2.0,1393286400
21609,6129,4.0,1395360000
32911,6129,5.0,1395100800
27919,6129,5.0,1392768000
32912,6129,4.0,1391644800
32913,6129,5.0,1395273600
32914,6129,2.0,1394236800
32915,6129,4.0,1397606400
32916,6129,3.0,1400025600
32917,6129,5.0,1395705600
32918,6129,3.0,1393977600
32919,6129,1.0,1392768000
9974,6129,4.0,1395619200
9983,6129,2.0,1395360000
32920,6129,2.0,1394409600
3623,6129,4.0,1393200000
32921,6129,4.0,1396310400
32922,6129,4.0,1398211200
32923,6129,3.0,1397520000
32924,6129,4.0,1395619200
32925,6129,1.0,1396310400
32926,6129,5.0,1392163200
32927,6129,4.0,1397088000
32928,6129,5.0,1393718400
32929,6129,5.0,1390953600
32930,6129,1.0,1392595200
32931,6129,5.0,1394668800
32932,6129,5.0,1393027200
32145,6129,3.0,1393718400
32933,6129,3.0,1397088000
32934,6129,5.0,1400025600
32935,6129,4.0,1395014400
32936,6129,1.0,1398297600
32937,6129,5.0,1397520000
32938,6129,5.0,1397088000
32939,6129,5.0,1392336000
32940,6129,5.0,1396137600
12489,6129,4.0,1395187200
32941,6129,4.0,1394668800
32942,6129,5.0,1392681600
32943,6129,5.0,1394755200
32944,6129,1.0,1392163200
32945,6129,4.0,1395878400
413,6129,5.0,1394064000
32946,6129,5.0,1397606400
32947,6129,5.0,1392508800
32948,6129,5.0,1401840000
32949,6129,4.0,1392076800
32950,6129,5.0,1394755200
32951,6129,3.0,1389830400
32952,6129,4.0,1393459200
32953,6129,5.0,1391817600
32954,6129,5.0,1404604800
32955,6129,4.0,1394582400
32956,6129,4.0,1391126400
32957,6129,5.0,1396569600
32958,6129,5.0,1393804800
32959,6129,5.0,1396915200
32960,6129,3.0,1395878400
32961,6129,4.0,1397606400
32962,6129,3.0,1397692800
32963,6129,4.0,1396310400
32964,6129,3.0,1393372800
32965,6129,4.0,1393718400
32966,6129,5.0,1395100800
17762,6129,4.0,1393718400
32967,6129,1.0,1405814400
32968,6129,1.0,1394150400
32969,6129,5.0,1391472000
32970,6129,5.0,1397174400
32971,6129,3.0,1388966400
32972,6129,4.0,1389657600
32973,6129,3.0,1391472000
32974,6129,5.0,1396915200
32975,6129,3.0,1393977600
32976,6129,4.0,1397606400
32977,6129,3.0,1393977600
32978,6129,5.0,1405641600
32979,6129,1.0,1400025600
32980,6129,3.0,1397606400
3283,6129,4.0,1393718400
32981,6129,5.0,1397692800
32982,6129,5.0,1394150400
32983,6129,4.0,1397520000
32984,6129,4.0,1392076800
32985,6129,2.0,1394236800
32986,6129,4.0,1397606400
32987,6129,4.0,1395273600
32988,6129,3.0,1393804800
32989,6129,4.0,1395792000
32990,6129,4.0,1396051200
32991,6129,4.0,1392681600
32992,6129,3.0,1395273600
32993,6129,4.0,1395187200
32994,6129,4.0,1395792000
32995,6129,2.0,1396310400
32996,6129,1.0,1395532800
32997,6129,5.0,1390694400
32998,6129,2.0,1395014400
32999,6129,5.0,1404432000
33000,6130,5.0,1392249600
33001,6131,3.0,1398124800
33002,6132,1.0,1388016000
33003,6133,4.0,1405209600
33004,6134,2.0,1404604800
33005,6135,1.0,1389225600
33006,6135,2.0,1390089600
33007,6136,5.0,1404950400
33008,6137,5.0,1388620800
33009,6137,3.0,1390262400
33010,6138,5.0,1386028800
33011,6139,5.0,1402272000
33012,6140,5.0,1402876800
33013,6140,5.0,1398124800
33014,6141,5.0,1396569600
33015,6142,5.0,1390780800
33016,6143,5.0,1401148800
33017,6143,5.0,1394668800
33018,6144,3.0,1405555200
33019,6144,5.0,1404259200
33020,6145,3.0,1401321600
33021,6146,1.0,1394150400
33022,6146,2.0,1398643200
33023,6146,1.0,1402704000
33024,6146,5.0,1395619200
33025,6146,2.0,1403740800
33026,6147,4.0,1402185600
33027,6148,5.0,1395705600
33028,6149,5.0,1398556800
33029,6149,5.0,1403913600
33030,6149,5.0,1395100800
33031,6149,4.0,1397433600
33032,6149,5.0,1405382400
33033,6150,5.0,1400803200
33034,6151,5.0,1395187200
33035,6152,5.0,1391126400
33036,6153,5.0,1399852800
33037,6154,4.0,1392076800
33038,6155,2.0,1399680000
33039,6156,5.0,1390867200
33040,6157,1.0,1390176000
33041,6157,2.0,1388966400
33042,6158,5.0,1402790400
33043,6158,2.0,1391126400
33044,6158,1.0,1393718400
33045,6158,5.0,1405123200
33046,6158,1.0,1405209600
33047,6158,3.0,1393545600
33048,6158,1.0,1404345600
33049,6158,5.0,1398211200
33050,6158,5.0,1399766400
33051,6158,5.0,1404691200
33052,6158,5.0,1399852800
33053,6158,5.0,1405123200
33054,6158,2.0,1404950400
33055,6158,4.0,1395360000
33056,6158,5.0,1400112000
33057,6158,5.0,1397174400
33058,6158,5.0,1405296000
33059,6158,5.0,1395705600
33060,6158,4.0,1401667200
33061,6158,1.0,1405468800
33062,6158,5.0,1395705600
33063,6159,2.0,1399852800
33064,6160,5.0,1404086400
27559,6160,5.0,1395014400
33065,6160,5.0,1389571200
33066,6160,4.0,1393718400
32883,6161,5.0,1402531200
33067,6162,5.0,1392681600
33068,6163,5.0,1397174400
33069,6164,5.0,1397779200
33070,6165,1.0,1390089600
33071,6166,5.0,1397174400
33072,6167,1.0,1402099200
33073,6167,1.0,1393286400
33074,6167,5.0,1396137600
33075,6168,5.0,1392076800
33076,6169,5.0,1396483200
29201,6169,5.0,1390262400
5588,6169,5.0,1402012800
33077,6169,5.0,1392595200
33078,6169,5.0,1399680000
33079,6169,5.0,1395792000
33080,6169,4.0,1402963200
33081,6169,4.0,1400457600
33082,6169,5.0,1399248000
33083,6169,4.0,1399248000
33084,6169,5.0,1399852800
33085,6169,5.0,1392249600
33086,6170,5.0,1396742400
33087,6171,5.0,1398211200
33088,6172,5.0,1393372800
33089,6173,4.0,1392595200
33090,6174,4.0,1400112000
33091,6176,3.0,1395273600
33092,6175,5.0,1395705600
33093,6178,5.0,1392681600
33091,6177,2.0,1395273600
33094,6179,3.0,1401926400
33095,6180,5.0,1391472000
33096,6180,4.0,1393891200
33097,6181,5.0,1399507200
33098,6182,5.0,1402272000
33099,6183,3.0,1400025600
33100,6184,5.0,1392249600
33101,6184,5.0,1397779200
33102,6185,5.0,1402012800
33103,6186,3.0,1398556800
33104,6188,4.0,1405728000
33105,6189,4.0,1390521600
33106,6189,2.0,1398643200
33107,6189,1.0,1396396800
33108,6189,5.0,1400371200
33109,6189,5.0,1405123200
33110,6189,3.0,1400371200
33111,6187,3.0,1402272000
33112,6187,5.0,1394409600
33113,6190,4.0,1405641600
33114,6190,4.0,1397779200
33115,6190,3.0,1404777600
33116,6190,5.0,1397865600
33117,6190,4.0,1397260800
33118,6190,5.0,1396569600
33119,6190,5.0,1405728000
33120,6190,3.0,1401408000
33121,6190,5.0,1401580800
33122,6190,5.0,1393632000
33123,6191,1.0,1391731200
33124,6191,5.0,1398211200
33108,6191,5.0,1400371200
33125,6191,1.0,1405987200
33126,6192,4.0,1402012800
33127,6192,3.0,1399507200
33128,6192,4.0,1397520000
33129,6192,5.0,1403740800
33130,6192,5.0,1404604800
33131,6192,4.0,1394755200
33132,6192,1.0,1403568000
33133,6192,5.0,1392422400
33134,6192,4.0,1403308800
33135,6192,5.0,1399507200
33136,6192,5.0,1397865600
33110,6192,3.0,1400371200
33137,6192,3.0,1403654400
33138,6193,5.0,1398124800
33139,6194,1.0,1396742400
33140,6194,3.0,1396742400
33141,6194,2.0,1397779200
33142,6194,4.0,1398297600
33105,6195,4.0,1390521600
33143,6195,5.0,1397692800
33144,6195,5.0,1403654400
33145,6196,3.0,1394582400
33146,6197,2.0,1397779200
33147,6198,5.0,1398297600
33148,6198,3.0,1401321600
33149,6199,4.0,1403654400
33150,6200,3.0,1396656000
33151,6201,2.0,1399420800
33152,6201,1.0,1399248000
33153,6201,3.0,1399334400
33154,6201,3.0,1404259200
33155,6201,3.0,1396310400
33156,6201,5.0,1402617600
33157,6201,5.0,1395360000
33158,6201,5.0,1405987200
33159,6201,5.0,1397433600
33160,6201,5.0,1398470400
33161,6202,4.0,1394755200
33162,6203,4.0,1393372800
33163,6203,5.0,1391644800
33164,6204,5.0,1402272000
31471,6205,4.0,1394755200
33165,6207,5.0,1402185600
33166,6206,5.0,1399334400
33167,6206,4.0,1400371200
33168,6208,5.0,1398902400
33169,6209,3.0,1403740800
33170,6209,1.0,1400198400
33171,6210,5.0,1404432000
33172,6211,5.0,1401408000
33173,6211,5.0,1395792000
33174,6211,1.0,1392422400
33175,6211,5.0,1400198400
33176,6211,1.0,1392940800
33177,6211,4.0,1401321600
23465,6211,5.0,1397692800
33178,6211,5.0,1391990400
33179,6211,5.0,1400198400
33180,6211,5.0,1395619200
33181,6211,5.0,1401580800
33182,6211,3.0,1398643200
33183,6211,5.0,1396656000
33184,6211,5.0,1404604800
33185,6211,5.0,1392854400
33186,6211,5.0,1395705600
33187,6211,5.0,1397347200
33188,6211,5.0,1400112000
33189,6212,5.0,1403481600
33190,6212,5.0,1402617600
33191,6213,1.0,1397001600
33192,6213,1.0,1398729600
33193,6213,5.0,1392163200
33194,6213,4.0,1395100800
33195,6214,5.0,1399507200
33196,6215,5.0,1391472000
33197,6215,5.0,1398038400
33198,6216,5.0,1404691200
33199,6216,5.0,1404950400
33200,6217,1.0,1401321600
33201,6217,1.0,1404086400
33202,6218,5.0,1395619200
33203,6218,1.0,1402617600
33204,6219,5.0,1401667200
33205,6220,5.0,1405036800
33206,6221,5.0,1399939200
33207,6222,5.0,1404864000
33208,6223,5.0,1401148800
33209,6226,5.0,1401494400
33210,6224,4.0,1403827200
33211,6227,5.0,1400025600
33212,6225,5.0,1399852800
33213,6228,4.0,1394582400
33214,6229,5.0,1402876800
33215,6229,4.0,1403049600
33216,6229,5.0,1401408000
33217,6230,1.0,1393632000
33218,6231,1.0,1400457600
33219,6232,3.0,1395187200
33220,6232,5.0,1395532800
33221,6233,5.0,1405987200
33222,6234,5.0,1399939200
33223,6235,5.0,1405036800
33224,6235,5.0,1397520000
33225,6235,5.0,1395705600
33226,6235,3.0,1405382400
33227,6235,5.0,1393804800
33228,6236,5.0,1403308800
33229,6237,5.0,1399248000
33230,6238,4.0,1402358400
33231,6239,4.0,1395014400
33232,6240,5.0,1395446400
33233,6241,4.0,1396396800
32213,6242,4.0,1399334400
33234,6249,1.0,1398384000
33235,6243,2.0,1404864000
33236,6246,5.0,1398470400
33237,6250,2.0,1402272000
33238,6250,4.0,1400112000
33239,6250,4.0,1405468800
33240,6250,3.0,1399593600
33241,6250,5.0,1401840000
33242,6248,1.0,1398816000
33243,6248,5.0,1400803200
33244,6248,5.0,1401494400
33245,6244,5.0,1398038400
33246,6245,5.0,1398729600
33247,6247,1.0,1399939200
33248,6251,5.0,1397606400
33249,6251,5.0,1399248000
33250,6252,5.0,1399939200
33251,6254,5.0,1395878400
33252,6254,5.0,1400630400
33253,6254,5.0,1396915200
33254,6254,4.0,1393459200
32064,6254,5.0,1402185600
33255,6254,5.0,1396310400
33256,6254,4.0,1393804800
33257,6255,1.0,1403049600
33258,6255,3.0,1400716800
33259,6255,3.0,1394323200
33232,6253,5.0,1398643200
33260,6256,2.0,1401667200
33261,6257,1.0,1396915200
33262,6257,2.0,1395532800
33263,6258,5.0,1403568000
33264,6259,5.0,1405123200
33265,6260,2.0,1394582400
33266,6260,1.0,1398902400
33267,6261,5.0,1400025600
33268,6262,5.0,1401926400
33269,6263,5.0,1396483200
33270,6264,1.0,1403049600
33271,6265,5.0,1401321600
32884,6265,5.0,1398297600
33272,6266,1.0,1395878400
33273,6267,4.0,1403136000
24804,6268,5.0,1403395200
33274,6269,4.0,1404172800
33275,6269,3.0,1398211200
33276,6270,4.0,1397347200
33277,6270,3.0,1398297600
33278,6271,4.0,1404345600
33279,6272,2.0,1395705600
33280,6273,5.0,1396396800
33281,6274,5.0,1403395200
33282,6275,5.0,1401840000
33283,6275,3.0,1396396800
33284,6276,2.0,1397952000
33285,6277,5.0,1405728000
33286,6278,2.0,1400457600
33287,6278,1.0,1402272000
33288,6279,5.0,1402272000
33289,6280,2.0,1402099200
33290,6280,5.0,1403654400
33291,6281,1.0,1400112000
33292,6281,3.0,1397260800
33293,6281,3.0,1397692800
33294,6281,5.0,1398384000
33295,6282,5.0,1400112000
33296,6283,5.0,1399334400
33297,6284,5.0,1399248000
33298,6284,5.0,1398384000
33299,6285,5.0,1401062400
33300,6285,1.0,1405209600
33301,6285,1.0,1399507200
33302,6286,1.0,1405296000
33303,6287,5.0,1404086400
33304,6288,4.0,1403049600
33305,6289,3.0,1399161600
33306,6290,4.0,1404432000
33307,6291,5.0,1405123200
33308,6292,2.0,1403654400
33309,6293,4.0,1402790400
33310,6294,5.0,1401408000
33311,6295,3.0,1403222400
33312,6295,3.0,1401148800
33313,6296,1.0,1403481600
33314,6297,5.0,1399593600
33315,6298,5.0,1402444800
33316,6299,1.0,1399420800
33317,6300,5.0,1401408000
33318,6301,1.0,1399507200
33319,6301,1.0,1404432000
33320,6302,4.0,1401753600
33321,6303,2.0,1403481600
33322,6303,2.0,1399593600
33323,6303,5.0,1400630400
33324,6304,5.0,1405641600
9974,6304,4.0,1403481600
33325,6304,5.0,1405900800
33326,6304,5.0,1404691200
33327,6304,5.0,1404259200
33328,6304,5.0,1403913600
32971,6304,5.0,1405728000
33329,6304,5.0,1405555200
33330,6304,5.0,1403481600
33331,6304,5.0,1403395200
33332,6304,5.0,1403654400
33333,6304,5.0,1404259200
33334,6305,5.0,1402531200
33335,6306,1.0,1402444800
33336,6307,5.0,1404864000
33337,6307,5.0,1404604800
33338,6308,1.0,1405900800
33339,6308,1.0,1405814400
33340,6308,5.0,1405209600
33341,6308,1.0,1405900800
33342,6309,4.0,1398470400
33343,6310,2.0,1403222400
33344,6310,2.0,1403481600
33345,6310,2.0,1402963200
33346,6310,2.0,1405123200
33347,6311,5.0,1399939200
33348,6312,5.0,1401062400
33349,6313,5.0,1405296000
33350,6313,2.0,1405296000
33351,6313,5.0,1404518400
33352,6313,4.0,1405814400
33353,6313,5.0,1399593600
33354,6313,5.0,1399507200
33355,6314,5.0,1396915200
33356,6314,5.0,1396828800
33357,6314,5.0,1397001600
33358,6314,5.0,1396915200
33359,6315,2.0,1405036800
33360,6316,1.0,1401062400
33361,6316,1.0,1399593600
33362,6317,5.0,1398643200
33363,6318,4.0,1402358400
33364,6319,5.0,1404172800
33365,6320,5.0,1401753600
33366,6320,1.0,1401062400
33367,6321,5.0,1399507200
33368,6321,5.0,1399939200
33369,6322,5.0,1404172800
33370,6323,5.0,1402272000
33371,6324,5.0,1400025600
33372,6325,5.0,1400112000
33373,6326,5.0,1401840000
33374,6327,5.0,1403827200
33375,6328,3.0,1405123200
33376,6328,5.0,1403654400
33377,6329,1.0,1401840000
33258,6331,5.0,1401753600
33378,6332,2.0,1405036800
33379,6330,1.0,1401667200
33380,6333,5.0,1404864000
33381,6334,3.0,1404259200
33382,6335,1.0,1404086400
5157,6336,4.0,1404604800
33383,6337,4.0,1401580800
33384,6338,5.0,1405036800
33385,6339,5.0,1404259200
33386,6340,5.0,1402617600
33387,6341,5.0,1404345600
33388,6342,4.0,1401408000
33389,6343,5.0,1401840000
33390,6344,4.0,1405814400
33391,6345,3.0,1404259200
33392,6346,4.0,1405641600
33393,6346,1.0,1405814400
33394,6347,1.0,1403481600
33395,6348,4.0,1404864000
33396,6349,3.0,1403827200
33397,6350,5.0,1405382400
33398,6351,5.0,1405209600
33399,6352,4.0,1405555200
33400,6353,5.0,1402444800
33401,6354,5.0,1405209600
33402,6355,4.0,1403654400
28665,6356,2.0,1403654400
